<?xml version='1.0' encoding='UTF-8'?>
<song xmlns="http://openlyrics.info/namespace/2009/song" version="0.8" createdIn="OpenLP 2.4.6" modifiedIn="OpenLP 2.4.6" modifiedDate="2022-11-26T23:17:41">
  <properties>
    <titles>
      <title>AFM Shona Hymn 186</title>
      <title>Hymn 186HATINAmusha panyika</title>
    </titles>
    <authors>
      <author>AFM Hymns</author>
    </authors>
  </properties>
  <lyrics>
    <verse name="v1">
      <lines> 1.HATINAmusha panyika,<br/>Hatifari kuva pano,<br/>Zvinofadza mweya yedu<br/>Kutsvaka musha unouya. </lines>
    </verse>
    <verse name="v2">
      <lines> 2.Hatinamusha panyika,<br/>Tinoda musha uri kure,<br/>Zita rawo iZioni<br/>Unopenya nguva dzese. </lines>
    </verse>
    <verse name="v3">
      <lines> 3.Musha une runyararo<br/>Vafambi vachazorora,<br/>Dai ndine mapapiro,<br/>Ndaiuya ndizorore. </lines>
    </verse>
    <verse name="v4">
      <lines> 4.Mweya wangu Chinyarara<br/>Mwari Anoziva nguva,<br/>Ndichaita kuda kwake,<br/>Iye wondipa zororo. </lines>
    </verse>
  </lyrics>
</song>
