<?xml version='1.0' encoding='UTF-8'?>
<song xmlns="http://openlyrics.info/namespace/2009/song" version="0.8" createdIn="OpenLP 2.4.6" modifiedIn="OpenLP 2.4.6" modifiedDate="2022-11-26T23:17:40">
  <properties>
    <titles>
      <title>AFM Shona Hymn 47</title>
      <title>Hymn 47RAKANAKAiro zuva</title>
    </titles>
    <authors>
      <author>AFM Hymns</author>
    </authors>
  </properties>
  <lyrics>
    <verse name="v1">
      <lines> 1.RAKANAKAiro zuva<br/>Randakatenda kunashe!<br/>Mwoyo wangu fara zvako,<br/>Udza vanhu vose iro. </lines>
    </verse>
    <verse name="v2">
      <lines> Korus<br/>Ranaka, ranaka, raJesu wakandishamba.<br/>Iye wakandidzidzisa kurinda nokuteura,<br/>Ranaka, ranaka, raJesu wakandishamba. </lines>
    </verse>
    <verse name="v3">
      <lines> 2.Chanaka chitenderano<br/>Chinondisunga kunashe!<br/>Ngaizadzwe imba yako<br/>Norwiyo rwandinoimba. </lines>
    </verse>
    <verse name="v4">
      <lines> 3.Rakapera basa guru;<br/>Ndiriwake, uri wangu:<br/>Wakandizvuva norudo<br/>Ndikamutevera ini. </lines>
    </verse>
    <verse name="v5">
      <lines> 4.Mwoyo wangu! chizorora!<br/>Wakatsaukaniswa kare:<br/>Rega kubva kuna Ishe,<br/>Kwari zvose zvakanaka. </lines>
    </verse>
    <verse name="v6">
      <lines> 5.Nokudenga kwakachinzwa<br/>Ichitenderano changu;<br/>Napakufa ndingatende<br/>Nokuti ini ndiri wake. </lines>
    </verse>
  </lyrics>
</song>
