<?xml version='1.0' encoding='UTF-8'?>
<song xmlns="http://openlyrics.info/namespace/2009/song" version="0.8" createdIn="OpenLP 2.4.6" modifiedIn="OpenLP 2.4.6" modifiedDate="2022-11-26T23:17:41">
  <properties>
    <titles>
      <title>AFM Shona Hymn 188</title>
      <title>Hymn 188NdinosimudaSHE</title>
    </titles>
    <authors>
      <author>AFM Hymns</author>
    </authors>
  </properties>
  <lyrics>
    <verse name="v1">
      <lines> 1.NdinosimudaSHE,<br/>Kundibetsera,<br/>Nzwi renyu ndigonzwa<br/>Kundinyaradza. </lines>
    </verse>
    <verse name="v2">
      <lines> Korus:<br/>Ndotsvaka imi moga,<br/>Mwoyo wangu womushuva<br/>Nditaririre Jesu,<br/>Ndinyaradzei! </lines>
    </verse>
    <verse name="v3">
      <lines> 2.Ndinosimuda, SHE!<br/>Sarai neni;<br/>Ndingazokunda vo<br/>Muri pandiri! </lines>
    </verse>
    <verse name="v4">
      <lines> 3.Ndinosimuda, SHE!<br/>Pandinofara;<br/>Pandotambura vo,<br/>Musandisiya! </lines>
    </verse>
    <verse name="v5">
      <lines> 4.Ndinosimuda, SHE!<br/>Ndinatswe chose;<br/>Ndimushumire vo<br/>Nomwoyo wose! </lines>
    </verse>
  </lyrics>
</song>
