<?xml version='1.0' encoding='UTF-8'?>
<song xmlns="http://openlyrics.info/namespace/2009/song" version="0.8" createdIn="OpenLP 2.4.6" modifiedIn="OpenLP 2.4.6" modifiedDate="2022-11-26T23:17:40">
  <properties>
    <titles>
      <title>AFM Shona Hymn 105</title>
      <title>Hymn 105MTSVENE, mtsvene, mtsvene</title>
    </titles>
    <authors>
      <author>AFM Hymns</author>
    </authors>
  </properties>
  <lyrics>
    <verse name="v1">
      <lines> 1.MTSVENE, mtsvene, mtsvene!<br/>Mwari Samasimba!<br/>Tinomukumbira pamangwanani ese,<br/>Mtsvene, Mtsvene, mtsvene,<br/>Mune nyasha huru,<br/>Umwe vatatu pamwe chetezve! </lines>
    </verse>
    <verse name="v2">
      <lines> 2.Mtsvene, mtsvene, mtsvene!<br/>Vese vanodaro,<br/>Vakahwararira pamberi penyu Mwari:<br/>Mtsvene, mtsvene, mtsvene!<br/>Vanomunamata<br/>Mwakange muri, munozovazve! </lines>
    </verse>
    <verse name="v3">
      <lines> 3.Mtsvene, mtsvene, mtsvene!<br/>Hatizomuoni,<br/>Mbiri yenyu huru panyika nokudenga:<br/>Mtsvene, mtsvene, mtsvene!<br/>Muri mtsvene chete,<br/>Mwakanaka mwakachenazve! </lines>
    </verse>
    <verse name="v4">
      <lines> 4.Mtsvene, mtsvene, mtsvene!<br/>Zvese zvakasikwa<br/>Zvinokudza imwi, mukuru kune vese:<br/>Mtsvene, mtsvene, mtsvene!<br/>Mwakaruramisa,<br/>Mwari mupenyu nemusikizve! </lines>
    </verse>
  </lyrics>
</song>
