<?xml version='1.0' encoding='UTF-8'?>
<song xmlns="http://openlyrics.info/namespace/2009/song" version="0.8" createdIn="OpenLP 2.4.6" modifiedIn="OpenLP 2.4.6" modifiedDate="2022-11-26T23:17:40">
  <properties>
    <titles>
      <title>AFM Shona Hymn 39</title>
      <title>Hymn 39RIRIPOtsime rizere</title>
    </titles>
    <authors>
      <author>AFM Hymns</author>
    </authors>
  </properties>
  <lyrics>
    <verse name="v1">
      <lines> 1.RIRIPOtsime rizere<br/>Neropa raJesu;<br/>Vatadzi vakashamba mo,<br/>Vakachena kwazvo. </lines>
    </verse>
    <verse name="v2">
      <lines> Korus<br/>Ndinotenda, ndinofara,<br/>Jesu wandifira;<br/>Napamuchinjikwa ropa<br/>Randaparadzirwa. </lines>
    </verse>
    <verse name="v3">
      <lines> 2.Uyo mpati wakafara<br/>Kuona tsime ro;<br/>Neni mutadzi mukuru<br/>Ndinotenda kwazvo. </lines>
    </verse>
    <verse name="v4">
      <lines> 3.Iwe, Gwayana raMwari,<br/>Ropa rine masimba,<br/>Kutisunungura isu<br/>Pane zvakaipa. </lines>
    </verse>
    <verse name="v5">
      <lines> 4.Handifanire kupinda<br/>Kudenga kutsvene;<br/>Asi Iwe wakaripa<br/>Mhosva dzangu dzose. </lines>
    </verse>
    <verse name="v6">
      <lines> 5.Ndichaimba nero shoko<br/>Nguva dzangu dzose;<br/>Nokudenga ndichafara<br/>Nokusingaperi. </lines>
    </verse>
  </lyrics>
</song>
