<?xml version='1.0' encoding='UTF-8'?>
<song xmlns="http://openlyrics.info/namespace/2009/song" version="0.8" createdIn="OpenLP 2.4.6" modifiedIn="OpenLP 2.4.6" modifiedDate="2022-11-26T23:17:41">
  <properties>
    <titles>
      <title>AFM Shona Hymn 162</title>
      <title>Hymn 162FAMBANYIWO, majoni</title>
    </titles>
    <authors>
      <author>AFM Hymns</author>
    </authors>
  </properties>
  <lyrics>
    <verse name="v1">
      <lines> 1.FAMBANYIWO, majoni,<br/>AMwari wedu imwi,<br/>Musatye mhandu dzenyu,<br/>Hadzina simba, kwete;<br/>Tinozokunda kwazvo<br/>Panyika kwese kwese,<br/>Masimba ake, Jesu,<br/>Haachazokundwiba. </lines>
    </verse>
    <verse name="v2">
      <lines> 2.Fambanyiwo vatendi<br/>VaMwari wedu imwi,<br/>Hamuna simba mwega,<br/>Musazvikudze zvenyu;<br/>Mupfeke nhumbi dzese<br/>DzaMwari wakanaka,<br/>Muende kune basa,<br/>Muite vanhu imwi. </lines>
    </verse>
    <verse name="v3">
      <lines> 3.Fambanyiwo vatsvene,<br/>Munyika dzese dzese,<br/>Mushumaire izwi<br/>RaJesu Tenzi wedu;<br/>Mukundi uchapiwa<br/>Chiremba cheupenyu,<br/>Anozoona Jesu,<br/>Atonge naye iyo. </lines>
    </verse>
  </lyrics>
</song>
