<?xml version='1.0' encoding='UTF-8'?>
<song xmlns="http://openlyrics.info/namespace/2009/song" version="0.8" createdIn="OpenLP 2.4.6" modifiedIn="OpenLP 2.4.6" modifiedDate="2022-11-26T23:17:40">
  <properties>
    <titles>
      <title>AFM Shona Hymn 26</title>
      <title>Hymn 26TINEchipo chakakomba</title>
    </titles>
    <authors>
      <author>AFM Hymns</author>
    </authors>
  </properties>
  <lyrics>
    <verse name="v1">
      <lines> 1.TINEchipo chakakomba<br/>Chatakapiwa iyesu;<br/>Tachipiwa naJehovha,<br/>Icho chipo chatinacho. </lines>
    </verse>
    <verse name="v2">
      <lines> 2.Chakomba ichi chipo,<br/>Kwavari vakachiwana;<br/>Vanochida kwazvo icho,<br/>Pamusoro pezvinhu zvose. </lines>
    </verse>
    <verse name="v3">
      <lines> 3.Chine simba icho chipo,<br/>Kwavari vakachiwana;<br/>Choupenyu icho chipo,<br/>Kwavari vakachigamchira. </lines>
    </verse>
    <verse name="v4">
      <lines> 4.Icho chipo ndiye Jesu,<br/>Chatakapiwa iyesu;<br/>Uri chipo chakakomba,<br/>Kwavari vanomutenda. </lines>
    </verse>
    <verse name="v5">
      <lines> 5.Tinomutenda Jehovha,<br/>Naicho chipo chikuru;<br/>Tinomtenda Mwari oga,<br/>Nokutipa mwana wake. </lines>
    </verse>
  </lyrics>
</song>
