<?xml version='1.0' encoding='UTF-8'?>
<song xmlns="http://openlyrics.info/namespace/2009/song" version="0.8" createdIn="OpenLP 2.4.6" modifiedIn="OpenLP 2.4.6" modifiedDate="2022-11-26T23:17:41">
  <properties>
    <titles>
      <title>AFM Shona Hymn 146</title>
      <title>Hymn 146BABAwedu wakatsidza</title>
    </titles>
    <authors>
      <author>AFM Hymns</author>
    </authors>
  </properties>
  <lyrics>
    <verse name="v1">
      <lines> 1.BABAwedu wakatsidza,<br/>Ndinokutungamirira<br/>Kuti usarasikeba<br/>Parwendo kune denga </lines>
    </verse>
    <verse name="v2">
      <lines> Korus:<br/>Ndinokutungamirira,<br/>Ndinokutungamirira<br/>Pakukwira kune denga.<br/>Ndinokutungamirira, </lines>
    </verse>
    <verse name="v3">
      <lines> 2.Apo unotambudzika,<br/>Nekushaya zano zviya,<br/>Unofadzwa ngeya mazwi,<br/>Ndinokutungamirira, </lines>
    </verse>
    <verse name="v4">
      <lines> 3.Kuti hama dzako dzafa,<br/>Uchidzichemera kwazvo,<br/>Unafunga aya mazwi,<br/>Ndinokutungamirira, </lines>
    </verse>
    <verse name="v5">
      <lines> 4.Apo unokomborerwa,<br/>Mwoyo wako unofara,<br/>Unadisa aya mazwi,<br/>Ndinokutungamirira, </lines>
    </verse>
    <verse name="v6">
      <lines> 5.Mangwana ese ese,<br/>Unokarakadza iye,<br/>Nechitsidzo chakanaka,<br/>Ndinokutungamirira, </lines>
    </verse>
    <verse name="v7">
      <lines> 6.Apo unobata basa,<br/>Unafunga mazwi ake<br/>Uyo wakakutsidzira,<br/>Ndinokutungamirira, </lines>
    </verse>
    <verse name="v8">
      <lines> 7.Apo unorara pasi,<br/>Paisiku uri wega,<br/>Unatenda aya mazwi,<br/>Ndinokutungamirira, </lines>
    </verse>
  </lyrics>
</song>
