<?xml version='1.0' encoding='UTF-8'?>
<song xmlns="http://openlyrics.info/namespace/2009/song" version="0.8" createdIn="OpenLP 2.4.6" modifiedIn="OpenLP 2.4.6" modifiedDate="2022-11-26T23:20:05">
  <properties>
    <titles>
      <title>AFM Shona Hymn 5</title>
      <title>Hymn 5NGATIMUKUDZEMwari</title>
    </titles>
    <authors>
      <author>AFM Hymns</author>
    </authors>
  </properties>
  <lyrics>
    <verse name="v1">
      <lines> 1.NGATIMUKUDZE Mwari<br/>Nemwoyo inofara,<br/>Tsitsi dzake ihuru<br/>Dzinoitirwa isu </lines>
    </verse>
    <verse name="v2">
      <lines> 2.Anorayira zuva<br/>Rivhenekere nyika:<br/>Tsitsi dzake ihuru<br/>Dzinoitirwa isu. </lines>
    </verse>
    <verse name="v3">
      <lines> 3.Zvinhu zvose zvipenyu<br/>Zvinoponiswa naye:<br/>Tsitsi dzake ihuru<br/>Dzinoitirwa isu. </lines>
    </verse>
    <verse name="v4">
      <lines> 4.Anotikwanisawo,<br/>Anoda kukumbirwa:<br/>Tsitsi dzake ihuru<br/>Dzinoitirwa isu. </lines>
    </verse>
    <verse name="v5">
      <lines> 5.Kana tiri panhamu<br/>Tinochengetwa isu:<br/>Tsitsi dzake ihuru<br/>Dzinoitirwa isu. </lines>
    </verse>
    <verse name="v6">
      <lines> 6. Mwana wake wakafa<br/>Kuti tipinde denga:<br/>Tsitsi dzake ihuru<br/>Dzinoitirwa isu. </lines>
    </verse>
    <verse name="v7">
      <lines> 7. Ngatimukudze Mwari<br/>Nemoyo inofara;<br/>Tsitsi dzake dziripo<br/>Dzisingaperi idzo </lines>
    </verse>
  </lyrics>
</song>
