<?xml version='1.0' encoding='UTF-8'?>
<song xmlns="http://openlyrics.info/namespace/2009/song" version="0.8" createdIn="OpenLP 2.4.6" modifiedIn="OpenLP 2.4.6" modifiedDate="2022-11-26T23:20:33">
  <properties>
    <titles>
      <title>AFM Shona Hymn 19</title>
      <title>Hymn 19 URI Mupenyu Muponisi</title>
    </titles>
    <authors>
      <author>AFM Hymns</author>
    </authors>
  </properties>
  <lyrics>
    <verse name="v1">
      <lines> 1.URI mupenyu Muponisi,<br/>Uri mupenyu iye;<br/>Tafariswa isu vanhu,<br/>Uri mupenyu iye. </lines>
    </verse>
    <verse name="v2">
      <lines> 2.Wanga wafa Muponisi,<br/>Wanga wafa iye;<br/>Wabayirwa isu vanhu,<br/>Wabaiwa iye. </lines>
    </verse>
    <verse name="v3">
      <lines> 3.Wakakwira kudenga,<br/>Wakakwira iye;<br/>Utiteurire isu,<br/>Oteura iye. </lines>
    </verse>
    <verse name="v4">
      <lines> 4.Unotonga Muponisi,<br/>Unotonga isu<br/>Taponiswa pakaipa,<br/>Taponiswa isu. </lines>
    </verse>
  </lyrics>
</song>
