<?xml version='1.0' encoding='UTF-8'?>
<song xmlns="http://openlyrics.info/namespace/2009/song" version="0.8" createdIn="OpenLP 2.4.6" modifiedIn="OpenLP 2.4.6" modifiedDate="2022-11-26T23:17:39">
  <properties>
    <titles>
      <title>AFM Shona Hymn 13</title>
      <title>Hymn 13FARAIvatendi mangwanana ano</title>
    </titles>
    <authors>
      <author>AFM Hymns</author>
    </authors>
  </properties>
  <lyrics>
    <verse name="v1">
      <lines> 1.FARAIvatendi mangwanana ano,<br/>Muponisi wevanhu wazvarwa;<br/>Chikudzai rudo rwakakomba:<br/>Shoko radzakauya naro<br/>Kuti Mwari waponwa nenyama. </lines>
    </verse>
    <verse name="v2">
      <lines> 2.Vafudzi vakambotaurirwa,<br/>Vakanzwa izwi rengirozi huru,<br/>Ndina mashoko akakomba<br/>Kuna vanhu vose pane nyika;<br/>Dama raMwari rakazadzika,<br/>Jesu waponwa ndiye Mponisi. </lines>
    </verse>
    <verse name="v3">
      <lines> 3.Ikadaro Ngirozi, pakarepo<br/>Dzakaimbirana rwiyo rutsva;<br/>Dzakakudza rudo rwaMwari,<br/>Denga rakatinhira nokuimba.<br/>Tsitsi dzasvika pano panyika. </lines>
    </verse>
    <verse name="v4">
      <lines> 4.Vafudzi vakambomhanya kwazvo,<br/>Kundoona zvavakaitirwa;<br/>Vakadzokera kuhwai dzavo,<br/>Vachiri kukurumbidza Mwari,<br/>Vakaparidza zvavakaona,<br/>Vanyai vokutanga vaMwari. </lines>
    </verse>
    <verse name="v5">
      <lines> 5.Ngatirangarire tichifunga<br/>Urwo rudo rukuru rwaMwari;<br/>Titarise Mwana Mutsvene,<br/>Achienda kuno muchinjikwa;<br/>Nengoni dzake timutevere<br/>Tidarike tisvike kudenga. </lines>
    </verse>
    <verse name="v6">
      <lines> 6.Kuti tisangane nengirose<br/>Taponiswa tichifara kwazvo;<br/>Ndiye waponwa nezuro kwazvo;<br/>Anozotionesa upenyu;<br/>Takaponiswa norudo rwake<br/>Tinokudza Mambo wokudenga. </lines>
    </verse>
  </lyrics>
</song>
