<?xml version='1.0' encoding='UTF-8'?>
<song xmlns="http://openlyrics.info/namespace/2009/song" version="0.8" createdIn="OpenLP 2.4.6" modifiedIn="OpenLP 2.4.6" modifiedDate="2022-11-26T23:17:41">
  <properties>
    <titles>
      <title>AFM Shona Hymn 160</title>
      <title>Hymn 160HAMAdzangu dzevatendi, tisanete isu</title>
    </titles>
    <authors>
      <author>AFM Hymns</author>
    </authors>
  </properties>
  <lyrics>
    <verse name="v1">
      <lines> 1.HAMAdzangu dzevatendi, tisanete isu,<br/>Ngatishinge zvirokwazvo, tisakundwe, kwete. </lines>
    </verse>
    <verse name="v2">
      <lines> Korus:<br/>Tiri vanhu vake, diko, tisanete, isu,<br/>Tinomira tisimbiswe, tisanete, kwete. </lines>
    </verse>
    <verse name="v3">
      <lines> 1.Hama dzangu dzinoedzwa, musatende shai,<br/>Baba anomupa simba rekukunda shai. </lines>
    </verse>
    <verse name="v4">
      <lines> 2.Hama dzangu, ngatirinde, Tichengete, isu,<br/>Titeure kuna Baba, ndiye Mwari kwaye. </lines>
    </verse>
    <verse name="v5">
      <lines> 3.Hama dzangu dzakanaka, dzemunyika idzi,<br/>Ngatitende kuna Kristu, tisatadze, kwete. </lines>
    </verse>
    <verse name="v6">
      <lines> 4.Hama dzangu, tine nzira, tisashore, kwete,<br/>Ngatifambe zvakanaka, kune denga dzvene. </lines>
    </verse>
  </lyrics>
</song>
