<?xml version='1.0' encoding='UTF-8'?>
<song xmlns="http://openlyrics.info/namespace/2009/song" version="0.8" createdIn="OpenLP 2.4.6" modifiedIn="OpenLP 2.4.6" modifiedDate="2022-11-26T23:17:41">
  <properties>
    <titles>
      <title>AFM Shona Hymn 179</title>
      <title>Hymn 179UKAMAhweuKristu</title>
    </titles>
    <authors>
      <author>AFM Hymns</author>
    </authors>
  </properties>
  <lyrics>
    <verse name="v1">
      <lines> 1.UKAMAhweuKristu,<br/>Chisungo chakanaka.<br/>Ngekuti tinodana kwazvo,<br/>Takasungwa pamwe </lines>
    </verse>
    <verse name="v2">
      <lines> 2.Pamwepo toteura,<br/>Pamwepo Tinochema,<br/>Pamwepo tinobatsirana,<br/>Tichifarisana. </lines>
    </verse>
    <verse name="v3">
      <lines> 3.Tosuva zvikurutu<br/>Ngekupandana kwedu,<br/>Ngenyasha tichazoonana,<br/>Ngeumweni musi. </lines>
    </verse>
  </lyrics>
</song>
