<?xml version='1.0' encoding='UTF-8'?>
<song xmlns="http://openlyrics.info/namespace/2009/song" version="0.8" createdIn="OpenLP 2.4.6" modifiedIn="OpenLP 2.4.6" modifiedDate="2022-11-26T23:17:40">
  <properties>
    <titles>
      <title>AFM Shona Hymn 106</title>
      <title>Hymn 106TENZI, taungana muno mumba yenyu</title>
    </titles>
    <authors>
      <author>AFM Hymns</author>
    </authors>
  </properties>
  <lyrics>
    <verse name="v1">
      <lines> 1.TENZI, taungana muno mumba yenyu,<br/>Uyaiwo zvatapinda, Tenzi mberi<br/>Kweyu<br/>Iyo mwoyo yedu inomuchemera.<br/>Neyi mweya yedu, Tenzi, inomutarira. </lines>
    </verse>
    <verse name="v2">
      <lines> 2.Baba, ngatizive kuti muri pano<br/>Ngatirinzwe izwi renyu, razarurwa ndimi.<br/>Tigadzirireyi isu vanhu venyu,<br/>Kuti tafa mutipinze kune musha wenyu. </lines>
    </verse>
  </lyrics>
</song>
