<?xml version='1.0' encoding='UTF-8'?>
<song xmlns="http://openlyrics.info/namespace/2009/song" version="0.8" createdIn="OpenLP 2.4.6" modifiedIn="OpenLP 2.4.6" modifiedDate="2022-11-26T23:17:41">
  <properties>
    <titles>
      <title>AFM Shona Hymn 164</title>
      <title>Hymn 164KWESEkwese tinoona</title>
    </titles>
    <authors>
      <author>AFM Hymns</author>
    </authors>
  </properties>
  <lyrics>
    <verse name="v1">
      <lines> 1.KWESEkwese tinoona<br/>Vanhu havazivi Kristu,<br/>Vakarasikirwa, diko,<br/>Vanotadza Muponesi. </lines>
    </verse>
    <verse name="v2">
      <lines> Korus:<br/>Mwari wedu, wemasimba,<br/>Tizwei tinomukumbira,<br/>Tumai vafundisi kuno,<br/>Kune nyika dima. </lines>
    </verse>
    <verse name="v3">
      <lines> 2.Vatumenyi mangwanani,<br/>Vatumenyi pamauro,<br/>Vatumenyi masikati,<br/>Kune misha yavo yese. </lines>
    </verse>
    <verse name="v4">
      <lines> 3.Asi isu, Baba wedu,<br/>Tine basa rekuita,<br/>Tine hama neshamwari,<br/>Titumenyi kuna ivo. </lines>
    </verse>
  </lyrics>
</song>
