<?xml version='1.0' encoding='UTF-8'?>
<song xmlns="http://openlyrics.info/namespace/2009/song" version="0.8" createdIn="OpenLP 2.4.6" modifiedIn="OpenLP 2.4.6" modifiedDate="2022-11-26T23:17:40">
  <properties>
    <titles>
      <title>AFM Shona Hymn 56</title>
      <title>Hymn 56NGANDIBEREKEmapudzi</title>
    </titles>
    <authors>
      <author>AFM Hymns</author>
    </authors>
  </properties>
  <lyrics>
    <verse name="v1">
      <lines> 1.NGANDIBEREKEmapudzi,<br/>Ayo oMweya Mutsvene,<br/>Ohunhu nokururama,<br/>Nduramo nomwoyo chena,<br/>Izvo zvose zvorutendo<br/>Nezvorudo nofuraro. </lines>
    </verse>
    <verse name="v2">
      <lines> 2.Izvo zvinhu ngazvikure<br/>Mumwoyo nenguva dzose,<br/>Zvindiyamure ndidzure<br/>Kose uku kumanikwa<br/>Kousvinu nokwetsino;<br/>Nokwezvinhu zvinobvako. </lines>
    </verse>
    <verse name="v3">
      <lines> 3.Hongu, Ishe, nganditunge,<br/>Ndivewo unoberera,<br/>Ndivavarire kuwana<br/>Zvosewo zvakarurama,<br/>Zvigorega kuzorambwa<br/>Hwose unhu nadzo tsika. </lines>
    </verse>
  </lyrics>
</song>
