<?xml version='1.0' encoding='UTF-8'?>
<song xmlns="http://openlyrics.info/namespace/2009/song" version="0.8" createdIn="OpenLP 2.4.6" modifiedIn="OpenLP 2.4.6" modifiedDate="2022-11-26T23:17:41">
  <properties>
    <titles>
      <title>AFM Shona Hymn 171</title>
      <title>Hymn 171NDOFAMBAkune umwe musha</title>
    </titles>
    <authors>
      <author>AFM Hymns</author>
    </authors>
  </properties>
  <lyrics>
    <verse name="v1">
      <lines> 1.NDOFAMBAkune umwe musha,<br/>Kudenga iyo<br/>Kumusha waMponesi wedu,<br/>Kumsoro kuna Baba. </lines>
    </verse>
    <verse name="v2">
      <lines> Korus:<br/>Ngatiende hama dzangu,<br/>Kune denga iyo,<br/>Tofara naMponesi wedu,<br/>Tive vatsvene tose. </lines>
    </verse>
    <verse name="v3">
      <lines> 2.Ndaneta ngekutadza, hama,<br/>Ndinoda Mwari,<br/>Nemwoyo wangu unosuva,<br/>Ngenzvimbo yangu iyo. </lines>
    </verse>
    <verse name="v4">
      <lines> 3.Ndiperekedzei pane nzira<br/>Kudenga uyo<br/>Ndichazogarayo narini,<br/>Hama uyanyi mwese. </lines>
    </verse>
    <verse name="v5">
      <lines> 4.NdiJesu wakaenda kare<br/>KwaBaba wake,<br/>Kondiwakira imba yangu,<br/>Yakanakisisa kwazvo. </lines>
    </verse>
    <verse name="v6">
      <lines> 5.Handityi rufo rwangu, hama,<br/>Ndinozomuka,<br/>Ndinozoona mambo wangu,<br/>Ndiye mukuru iyo. </lines>
    </verse>
  </lyrics>
</song>
