<?xml version='1.0' encoding='UTF-8'?>
<song xmlns="http://openlyrics.info/namespace/2009/song" version="0.8" createdIn="OpenLP 2.4.6" modifiedIn="OpenLP 2.4.6" modifiedDate="2022-11-26T23:17:40">
  <properties>
    <titles>
      <title>AFM Shona Hymn 52</title>
      <title>Hymn 52FAMBAIVatendi, fambai kurwa</title>
    </titles>
    <authors>
      <author>AFM Hymns</author>
    </authors>
  </properties>
  <lyrics>
    <verse name="v1">
      <lines> 1.FAMBAIVatendi, fambai kurwa,<br/>Munotungamirwa noMuchinjikwa,<br/>Kristu Ishe wedu, Mutingamiri,<br/>Fambai sehondo nesimba rake.<br/>Fambai Vatendi, fambai kurwa,<br/>Munotungamirwa noMuchinjikwa. </lines>
    </verse>
    <verse name="v2">
      <lines> 2.Satani achatiza, anotya kwazvo,<br/>Fambai Vatendi, mugomkunda<br/>Anozinguzika namazwi enyu,<br/>Simudzirai mazwi, imbai mose. </lines>
    </verse>
    <verse name="v3">
      <lines> 3.Inoenda sehondo Kororodzano,<br/>Ichifamba shure Vatsvene vose,<br/>Tisatsukaniswe, muviri mumwe,<br/>Mumwe norutendo, mumwe norudo. </lines>
    </verse>
    <verse name="v4">
      <lines> 4.Hunogoparadzwa umbambo hwose,<br/>Govero raJesu rinogosara,<br/>Hondo yaSatani isingagone,<br/>Matama aJesu achazadziswa. </lines>
    </verse>
    <verse name="v5">
      <lines> 5.Ndizvozvo fambai, fambai nesu,<br/>Rwiyo rwokukunda ngatiimbei;<br/>Ngatikurumbidze Kristu Ishe,<br/>Namazuva ose asingaperi. </lines>
    </verse>
  </lyrics>
</song>
