<?xml version='1.0' encoding='UTF-8'?>
<song xmlns="http://openlyrics.info/namespace/2009/song" version="0.8" createdIn="OpenLP 2.4.6" modifiedIn="OpenLP 2.4.6" modifiedDate="2022-11-26T23:17:41">
  <properties>
    <titles>
      <title>AFM Shona Hymn 172</title>
      <title>Hymn 172APOtoropito yake Mwari inorira kwazvo</title>
    </titles>
    <authors>
      <author>AFM Hymns</author>
    </authors>
  </properties>
  <lyrics>
    <verse name="v1">
      <lines> 1.APOtoropito yake Mwari inorira kwazvo,<br/>Inotaura kune vese kuti Uyai<br/>Tese tinobvira kuenda iyo hakusari munhu,<br/>Nemazita edu achazodaidzwa. </lines>
    </verse>
    <verse name="v2">
      <lines> Korus:<br/>Kuti ndodaidzwa ndiye,<br/>Kuti ndodaidzwa ndiye,<br/>Kuti ndodaidzwa ndiye,<br/>Kuti ndodaidzwa ndiye, ndovayo </lines>
    </verse>
    <verse name="v3">
      <lines> 2.Asi hatizivi musi uyo tichadanwa ndiwo,<br/>Ndizvo ngatigadzirire zvino pano,<br/>Tirindire uyo musi tizonatsa kuenda iyo,<br/>Nemazita edu achazodaidzwa. </lines>
    </verse>
    <verse name="v4">
      <lines> 3.Ngatibate basa redu nemasimba misi yese,<br/>Ngatitaure zvishamiso zvake zvese,<br/>Tichiita zvakanaka kune vanhu vese vese,<br/>Nemazita edu achazodaidzwa. </lines>
    </verse>
    <verse name="v5">
      <lines> 3.Asi isu wemaKristru hatizotyi kuenda iyo,<br/>Mwari ndiye Baba wedu wakanaka,<br/>Jesu Kristu ndishamwari, ndiye anotonga vese,<br/>Nemazita edu achazodaidzwa. </lines>
    </verse>
  </lyrics>
</song>
