<?xml version='1.0' encoding='UTF-8'?>
<song xmlns="http://openlyrics.info/namespace/2009/song" version="0.8" createdIn="OpenLP 2.4.6" modifiedIn="OpenLP 2.4.6" modifiedDate="2022-11-26T23:17:40">
  <properties>
    <titles>
      <title>AFM Shona Hymn 84</title>
      <title>Hymn 84NDIROPAFADZEJesu</title>
    </titles>
    <authors>
      <author>AFM Hymns</author>
    </authors>
  </properties>
  <lyrics>
    <verse name="v1">
      <lines> 1.NDIROPAFADZEJesu,<br/>Dzidzisa mwoyo wangu;<br/>Ndoda mwoyo muchena<br/>Mufudzi, ndichengete. </lines>
    </verse>
    <verse name="v2">
      <lines> 2.Ndiri muduku asi,<br/>Wakadaidza vose;<br/>Ndipe zvokudya zvangu,<br/>Mufudzi, ndichengete. </lines>
    </verse>
    <verse name="v3">
      <lines> 3.Ndiyamure Mponisi;<br/>Handina simba ini:<br/>Ndinotenda kwauri:<br/>Mufudzi, ndichengete. </lines>
    </verse>
    <verse name="v4">
      <lines> 4.Ndiyamure Mponisi;<br/>Handina simba ini:<br/>Ndinotenda kwauri:<br/>Mufudzi, ndichengete. </lines>
    </verse>
    <verse name="v5">
      <lines> 5.Handidi kutsaukana,<br/>Ndoda kugara newe;<br/>Panzwimbo yakanaka;<br/>Mufudzi, ndichengete. </lines>
    </verse>
  </lyrics>
</song>
