<?xml version='1.0' encoding='UTF-8'?>
<song xmlns="http://openlyrics.info/namespace/2009/song" version="0.8" createdIn="OpenLP 2.4.6" modifiedIn="OpenLP 2.4.6" modifiedDate="2022-11-26T23:17:41">
  <properties>
    <titles>
      <title>AFM Shona Hymn 175</title>
      <title>Hymn 175NDOFAMBA, ndofamba, ndosuva kudenga</title>
    </titles>
    <authors>
      <author>AFM Hymns</author>
    </authors>
  </properties>
  <lyrics>
    <verse name="v1">
      <lines> 1.NDOFAMBA, ndofamba, ndosuva kudenga,<br/>Kunyika yaTenzi, isina nenhamu. </lines>
    </verse>
    <verse name="v2">
      <lines> 2.Fambanyi vatendi, kunyika kureyo,<br/>Inoda vasimbi kusvikayo nyika. </lines>
    </verse>
    <verse name="v3">
      <lines> 2.Upfumi huriyo, hakuna murombo,<br/>Hakuna neumwe, neumwe hakuna. </lines>
    </verse>
    <verse name="v4">
      <lines> 3.Madzinza ariyo kunyika yaTenzi<br/>Havachazochemi, havana rusuvo. </lines>
    </verse>
    <verse name="v5">
      <lines> 4.Vatsvene variyo, vafara zvikuru,<br/>Vaonayo Nyenye, Mufiri wevese. </lines>
    </verse>
  </lyrics>
</song>
