<?xml version='1.0' encoding='UTF-8'?>
<song xmlns="http://openlyrics.info/namespace/2009/song" version="0.8" createdIn="OpenLP 2.4.6" modifiedIn="OpenLP 2.4.6" modifiedDate="2022-11-26T23:17:41">
  <properties>
    <titles>
      <title>AFM Shona Hymn 184</title>
      <title>Hymn 184JESUunondida, Bible rinodaro</title>
    </titles>
    <authors>
      <author>AFM Hymns</author>
    </authors>
  </properties>
  <lyrics>
    <verse name="v1">
      <lines> 1.JESUunondida, Bible rinodaro,<br/>Vana vanomuda, Jesu unovada. </lines>
    </verse>
    <verse name="v2">
      <lines> Korus:<br/>Vanhu vake vatsvene, vasine zvitema,<br/>Vanoenda kudenga kugara naJesu. </lines>
    </verse>
    <verse name="v3">
      <lines> 2.Jesu Unondida, wakasiya denga<br/>Akadzika pasi, kuponesa ini. </lines>
    </verse>
    <verse name="v4">
      <lines> 3.Jesu wakandida, wakazarurira<br/>Nzira yekudenga, kuti ndizopinde. </lines>
    </verse>
    <verse name="v5">
      <lines> 4.Jesu Unondida, unofamba neni.<br/>Kuti ndikamuda unozonditora. </lines>
    </verse>
  </lyrics>
</song>
