<?xml version='1.0' encoding='UTF-8'?>
<song xmlns="http://openlyrics.info/namespace/2009/song" version="0.8" createdIn="OpenLP 2.4.6" modifiedIn="OpenLP 2.4.6" modifiedDate="2022-11-26T23:17:40">
  <properties>
    <titles>
      <title>AFM Shona Hymn 25</title>
      <title>Hymn 25NANGAhuru yava pedyo</title>
    </titles>
    <authors>
      <author>AFM Hymns</author>
    </authors>
  </properties>
  <lyrics>
    <verse name="v1">
      <lines> 1.NANGAhuru yava pedyo,<br/>Une tsitsi ndiJesu;<br/>Anoda kutifarisa,<br/>Inzwa izwi raJesu. </lines>
    </verse>
    <verse name="v2">
      <lines> KorusKorus<br/>Rwiyo rwakanakisa,<br/>Zita rakanakisa,<br/>Rumbo rwakanakisa,<br/>Jesu, Ishe, Jesu. </lines>
    </verse>
    <verse name="v3">
      <lines> 2.Waregerwa zvakaipa,<br/>Inzwa izwi raJesu;<br/>Famba zvakanaka uko,<br/>Uende kuna Jesu. </lines>
    </verse>
    <verse name="v4">
      <lines> 3.Utsvene huri kwaari,<br/>Zvino ndotenda Jesu;<br/>Ndinorida zita rake,<br/>Zita raKristu Jesu. </lines>
    </verse>
    <verse name="v5">
      <lines> 4.Kutya kwangu kwaparadzwa,<br/>Nero zita raJesu.<br/>Mwoyo wangu unofara<br/>Kunzwa zita raJesu. </lines>
    </verse>
    <verse name="v6">
      <lines> 5.Kana tichikwira uko,<br/>Tisvike kuna Jesu;<br/>Tichakurumbidza zita,<br/>Zita raShe Jesu. </lines>
    </verse>
  </lyrics>
</song>
