<?xml version='1.0' encoding='UTF-8'?>
<song xmlns="http://openlyrics.info/namespace/2009/song" version="0.8" createdIn="OpenLP 2.4.6" modifiedIn="OpenLP 2.4.6" modifiedDate="2022-11-26T23:33:13">
  <properties>
    <titles>
      <title>AFM Shona Hymn 132</title>
      <title>Hymn 132NDINOUYAnemasoko erudo</title>
    </titles>
    <authors>
      <author>AFM Hymns</author>
    </authors>
  </properties>
  <lyrics>
    <verse name="v1">
      <lines> 1.NDINOUYAnemasoko erudo,<br/>Masoko akakomba edi,<br/>Kuti baba wakatida zvikuru,<br/>Anofara kuponesa tese, </lines>
    </verse>
    <verse name="v2">
      <lines> Korus:<br/>Munangisei, hama dzangu,<br/>Muna Muponesi zvino,<br/>Uyo anotenda iye apone,<br/>Munangisei, hama dzangu mwese. </lines>
    </verse>
    <verse name="v3">
      <lines> 2.Ndinouya nemasoko kunemwi,<br/>Masoko akanaka enyu,<br/>Kuti Kristu wakafira vatadzi,<br/>Munangise anomuponesa. </lines>
    </verse>
    <verse name="v4">
      <lines> 3.Jesu Kristu wakandisunungura,<br/>Upenyu hwake wakandipa,<br/>Ndakatenda izwi rake mumwoyo,<br/>Mweya wangu wakapona ndiye. </lines>
    </verse>
    <verse name="v5">
      <lines> 4.Nhasi, kuti achimunangisisa<br/>Mumwoyo nokufunga kwese,<br/>Uchiuya kuna iye nerudo,<br/>Jesu Kristu anokuponesa. </lines>
    </verse>
    <verse name="v6">
      <lines> 5.Kuti uchiramba Jesu Mponesi<br/>Nerudo rwake rwakadai,<br/>Ungapona senyi musi mukuru,<br/>Musi anotonga vanhu vese. </lines>
    </verse>
  </lyrics>
</song>
