<?xml version='1.0' encoding='UTF-8'?>
<song xmlns="http://openlyrics.info/namespace/2009/song" version="0.8" createdIn="OpenLP 2.4.6" modifiedIn="OpenLP 2.4.6" modifiedDate="2022-11-26T23:17:40">
  <properties>
    <titles>
      <title>AFM Shona Hymn 101</title>
      <title>Hymn 101UTIROPAFADZE, Mwari</title>
    </titles>
    <authors>
      <author>AFM Hymns</author>
    </authors>
  </properties>
  <lyrics>
    <verse name="v1">
      <lines> 1.UTIROPAFADZE, Mwari,<br/>Enda nesu kudzimba;<br/>Tichafunga dama rako,<br/>Tichirirangarira:<br/>Tinyaradze isu tose;<br/>Simbisa mwoyo yedu<br/>Kana tasvika kudenga,<br/>Tichakukurumbidzai! Ameni. </lines>
    </verse>
  </lyrics>
</song>
