<?xml version='1.0' encoding='UTF-8'?>
<song xmlns="http://openlyrics.info/namespace/2009/song" version="0.8" createdIn="OpenLP 2.4.6" modifiedIn="OpenLP 2.4.6" modifiedDate="2022-11-26T23:17:40">
  <properties>
    <titles>
      <title>AFM Shona Hymn 73</title>
      <title>Hymn 73MUMANZIuri kudenga</title>
    </titles>
    <authors>
      <author>AFM Hymns</author>
    </authors>
  </properties>
  <lyrics>
    <verse name="v1">
      <lines> 1MUMANZIuri kudenga,<br/>Kana kozoridzwa iwo,<br/>Nokuriridza kukuru,<br/>Kana kozonzwika iko,<br/>Kuparure nemakuva,<br/>Kutsemure nepanyika. </lines>
    </verse>
    <verse name="v2">
      <lines> 2Negungwa rinovabisa,<br/>Ivavo varakamedza;<br/>Nenyika inovabisa,<br/>Vose vakanga vavigwa;<br/>Vamukire pano rufu,<br/>Vanoenda pakutongwa. </lines>
    </verse>
    <verse name="v3">
      <lines> 3Vati ivo vakafira<br/>Pane zvakaipa zvavo,<br/>Nenguva yavanoona,<br/>Ichocho chityiso chavo;<br/>Vawe vose pane gomba,<br/>Vakandirwe pane moto. </lines>
    </verse>
    <verse name="v4">
      <lines> 4Ndivo vakanaka voga,<br/>Vanopona noyo musi;<br/>Ndavakatongerwa vega,<br/>Vanozopinda kudenga,<br/>Vaine mibairo yavo,<br/>Vaina Muponisi wavo. </lines>
    </verse>
  </lyrics>
</song>
