<?xml version='1.0' encoding='UTF-8'?>
<song xmlns="http://openlyrics.info/namespace/2009/song" version="0.8" createdIn="OpenLP 2.4.6" modifiedIn="OpenLP 2.4.6" modifiedDate="2022-11-26T23:17:39">
  <properties>
    <titles>
      <title>AFM Shona Hymn 18</title>
      <title>Hymn 18TARIRAImudzione</title>
    </titles>
    <authors>
      <author>AFM Hymns</author>
    </authors>
  </properties>
  <lyrics>
    <verse name="v1">
      <lines> 1.TARIRAImudzione<br/>Netsitsi dzakanyanyisa,<br/>Dzakarehwa noMuponisi,<br/>Wakafira isu vanhu. </lines>
    </verse>
    <verse name="v2">
      <lines> 2.Tanga tichitamba parima,<br/>Tisina chatiedzera:<br/>Tanga tichifamba tichitadza,<br/>Tisaziva kururama. </lines>
    </verse>
    <verse name="v3">
      <lines> 3.Watitusa Iwe, Mwari,<br/>Netsitsi dzako ihuru;<br/>Wakatipa Mwana wako,<br/>Wakatiedzera naye. </lines>
    </verse>
    <verse name="v4">
      <lines> 4.Tinotenda Iwe, Jesu,<br/>Isu vanhu vakaipa;<br/>Wakaripa kuipa kwedu,<br/>Wakatakura iye oga. </lines>
    </verse>
    <verse name="v5">
      <lines> 5.Iwe, Mweya woutswene,<br/>Uya uve nesu tose,<br/>Utituse, tikuone<br/>Apo pakaitwa newe. </lines>
    </verse>
  </lyrics>
</song>
