<?xml version='1.0' encoding='UTF-8'?>
<song xmlns="http://openlyrics.info/namespace/2009/song" version="0.8" createdIn="OpenLP 2.4.6" modifiedIn="OpenLP 2.4.6" modifiedDate="2022-11-26T23:17:40">
  <properties>
    <titles>
      <title>AFM Shona Hymn 98</title>
      <title>Hymn 98MWARIBaba uve nesu</title>
    </titles>
    <authors>
      <author>AFM Hymns</author>
    </authors>
  </properties>
  <lyrics>
    <verse name="v1">
      <lines> 1.MWARIBaba uve nesu,<br/>Utichengete maurano<br/>Uve nesu vana vako,<br/>Parima tivhenekere. </lines>
    </verse>
    <verse name="v2">
      <lines> 2.Muponisi tiregere<br/>Zvose zvakaipa zvedu;<br/>Tisunungure maurano<br/>Parima tivhenekere. </lines>
    </verse>
    <verse name="v3">
      <lines> 3.Mweya uya uve nesu,<br/>Tive vatsvene maurano,<br/>Mwoyo yedu musha wako<br/>Parima tivhenekere. </lines>
    </verse>
    <verse name="v4">
      <lines> 4.Mwari vatatu nomumwe,<br/>Chishamiso chokudenga<br/>Tidzidzise zvinhu zvose.<br/>Parima tivhenekere. </lines>
    </verse>
  </lyrics>
</song>
