<?xml version='1.0' encoding='UTF-8'?>
<song xmlns="http://openlyrics.info/namespace/2009/song" version="0.8" createdIn="OpenLP 2.4.6" modifiedIn="OpenLP 2.4.6" modifiedDate="2022-11-26T23:17:41">
  <properties>
    <titles>
      <title>AFM Shona Hymn 120</title>
      <title>Hymn 120KRISTUTenzi wakamuka, Haleluya</title>
    </titles>
    <authors>
      <author>AFM Hymns</author>
    </authors>
  </properties>
  <lyrics>
    <verse name="v1">
      <lines> 1.KRISTUTenzi wakamuka, Haleluya!<br/>Ingirosi dzinoimba, Haleluya!<br/>Vanhu vanopindurawo, Haleluya!<br/>Vese vachiimba pamwe, Haleluya! </lines>
    </verse>
    <verse name="v2">
      <lines> 2.Jesu wakamuka Mambo, Haleluya!<br/>Wakapedza basa rake, Haleluya!<br/>Wakakunda guva rake, Haleluya!<br/>Wakatikundira rufu, Haleluya! </lines>
    </verse>
    <verse name="v3">
      <lines> 3.Guva harichina simba, Haleluya!<br/>Buwe rakamburumbutswa, Haleluya!<br/>Kristu wakabuda umwo, Haleluya!<br/>Wakakwira denga rake, Haleluya! </lines>
    </verse>
    <verse name="v4">
      <lines> 4.Zvino tinotenda kwazvo, Haleluya!<br/>Kuti nesu tichamuka, Haleluya!<br/>Takasikwa kunga iye, Haleluya!<br/>Tinomutswa zvakadaro, Haleluya! </lines>
    </verse>
    <verse name="v5">
      <lines> 5.Kristu Tenzi wakamuka, Haleluya!<br/>Wakakunda kufa kwake, Haleluya!<br/>Wakakwira kune denga, Haleluya!<br/>Anogara kuna Baba, Haleluya! </lines>
    </verse>
    <verse name="v6">
      <lines> 6.Vanhu vese ngavaimbe, Haleluya!<br/>Ngavapururudze Mambo, Haleluya!<br/>Ndiye wakatiunzira, Haleluya!<br/>Ruponeso rwakakomba, Haleluya! </lines>
    </verse>
  </lyrics>
</song>
