<?xml version='1.0' encoding='UTF-8'?>
<song xmlns="http://openlyrics.info/namespace/2009/song" version="0.8" createdIn="OpenLP 2.4.6" modifiedIn="OpenLP 2.4.6" modifiedDate="2022-11-26T23:17:41">
  <properties>
    <titles>
      <title>AFM Shona Hymn 165</title>
      <title>Hymn 165MUZUNDErenyu, Baba</title>
    </titles>
    <authors>
      <author>AFM Hymns</author>
    </authors>
  </properties>
  <lyrics>
    <verse name="v1">
      <lines> 1.MUZUNDErenyu, Baba,<br/>Mune basa rekuita,<br/>Vanhu havazivi imwi,<br/>Vanogara mune dima,<br/>Havazivi nzira tsvene,<br/>Havazivi Jesu Kristu,<br/>Murumbwana wenyu chete,<br/>Havazivi rudo rwenyu. </lines>
    </verse>
    <verse name="v2">
      <lines> Korus:<br/>Ndiri pano, Tenzi nditumenyi<br/>Kune avo vanoshaya. </lines>
    </verse>
    <verse name="v3">
      <lines> 2.Ndiri pano nditumenyi<br/>Kune avo vanoshaya,<br/>Mudikani, Tenzi wangu,<br/>Soko renyu ndingatora,<br/>Kana vanhu vandivenga,<br/>Sezvo imwi mwakavengwa,<br/>Kuti muchinditumayo<br/>Ndingafara kushandira. </lines>
    </verse>
    <verse name="v4">
      <lines> 3.Taurai, Tenzi, soko renyu,<br/>Taurai, Tenzi, ndiri kuzwa,<br/>Kuda kwenyu ngakuitwe<br/>Sezvo munondiudzira,<br/>Ndiudzirei mazwi enyu<br/>Kuti ndipe kune vanhu,<br/>Ndiudzirei mazwi enyu,<br/>Enyu basi, Tenzi wangu. </lines>
    </verse>
    <verse name="v5">
      <lines> 4.Kuti muchienda neni,<br/>Kuti muchindisimbisa,<br/>Handizotyi madambudzo.<br/>Kana basa richikonja;<br/>Mwakatsidza kuva neni<br/>Kuti ndichagara nemwi;<br/>Munamato wangu ndiwo,<br/>Ndiri pano nditumenyi. </lines>
    </verse>
  </lyrics>
</song>
