<?xml version='1.0' encoding='UTF-8'?>
<song xmlns="http://openlyrics.info/namespace/2009/song" version="0.8" createdIn="OpenLP 2.4.6" modifiedIn="OpenLP 2.4.6" modifiedDate="2022-11-26T23:17:40">
  <properties>
    <titles>
      <title>AFM Shona Hymn 108</title>
      <title>Hymn 108BABAwedu mwakazviita</title>
    </titles>
    <authors>
      <author>AFM Hymns</author>
    </authors>
  </properties>
  <lyrics>
    <verse name="v1">
      <lines> 1.BABAwedu mwakazviita,<br/>Mwakatipa Muponesi,<br/>Murumbwana wenyu umwe,<br/>Kuti atipangidzire<br/>Nzira yekudenga renyu. </lines>
    </verse>
    <verse name="v2">
      <lines> 2.Kuti tichikarakadza<br/>Ngevabari vedu kare,<br/>Vaitambudzika diko<br/>Ngekushaya nguva yokudya<br/>Pfumvu, nhamo, nzara hayo. </lines>
    </verse>
    <verse name="v3">
      <lines> 3.Havasaiziva Mwari<br/>Kana Murumbwana wake<br/>Havasakamuombera,<br/>Vakagara mune dima<br/>Havasakaona mwenje. </lines>
    </verse>
    <verse name="v4">
      <lines> 4.Zvino isu tinotenda<br/>Tiri vana venyu Baba,<br/>Vanomuombera kwese,<br/>Uko tinofamba isu,<br/>Tine muchengeti, Jesu. </lines>
    </verse>
  </lyrics>
</song>
