<?xml version='1.0' encoding='UTF-8'?>
<song xmlns="http://openlyrics.info/namespace/2009/song" version="0.8" createdIn="OpenLP 2.4.6" modifiedIn="OpenLP 2.4.6" modifiedDate="2022-11-26T23:17:41">
  <properties>
    <titles>
      <title>AFM Shona Hymn 153</title>
      <title>Hymn 153JESU, muri Mponesi</title>
    </titles>
    <authors>
      <author>AFM Hymns</author>
    </authors>
  </properties>
  <lyrics>
    <verse name="v1">
      <lines> 1.JESU, muri Mponesi,<br/>Munopinda zviro zvese,<br/>Pakufamba kwangu kwese<br/>Ngandifambe nemwi, Tenzi;<br/>Patyo nemwi, patyo nemwi,<br/>Patyo nemwi, patyo nemwi,<br/>Pakufamba kwangu kwese,<br/>Ngandifambe nemwi, Tenzi. </lines>
    </verse>
    <verse name="v2">
      <lines> 2.Handichadi ruzororo,<br/>Handichadi mari zhinji,<br/>Handichadi pfuma zhinji,<br/>Ngandifambe nemwi, Tenzi;<br/>Patyo nemwi, patyo nemwi,<br/>Patyo nemwi, patyo nemwi,<br/>Handichadi pfuma zhinji,<br/>Ngandifambe nemwi, Tenzi. </lines>
    </verse>
    <verse name="v3">
      <lines> 3.Munditungamire, Tenzi,<br/>Pane nzira dzangu dzese,<br/>Munditore muupenyu,<br/>Ngatifambe nemwi, Tenzi;<br/>Patyo nemwi, patyo nemwi,<br/>Patyo nemwi, patyo nemwi,<br/>Munditore muupenyu,<br/>Ngatifambe nemwi, Tenzi. </lines>
    </verse>
  </lyrics>
</song>
