<?xml version='1.0' encoding='UTF-8'?>
<song xmlns="http://openlyrics.info/namespace/2009/song" version="0.8" createdIn="OpenLP 2.4.6" modifiedIn="OpenLP 2.4.6" modifiedDate="2022-11-26T23:17:40">
  <properties>
    <titles>
      <title>AFM Shona Hymn 46</title>
      <title>Hymn 46BABAndiri mwana wako</title>
    </titles>
    <authors>
      <author>AFM Hymns</author>
    </authors>
  </properties>
  <lyrics>
    <verse name="v1">
      <lines> 1.BABAndiri mwana wako,<br/>Kana ndakatadza;<br/>Ndinochema mberi kwako,<br/>Baba ndiregerere. </lines>
    </verse>
    <verse name="v2">
      <lines> 2Zvitadzo zvangu zvizhinji,<br/>Hazvingaverengwi;<br/>Ndinozviisa kwauri;<br/>Baba ndiregerere. </lines>
    </verse>
    <verse name="v3">
      <lines> 3.Mirau yako ndakatyora,<br/>Iwe ndakuzvidza;<br/>Mununuri ndamurasa,<br/>Baba ndiregerere. </lines>
    </verse>
    <verse name="v4">
      <lines> 4.Ndakatadza nokureva,<br/>Ndakatadza kufunga,<br/>Ndakatadza namabasa;<br/>Baba ndiregerere. </lines>
    </verse>
    <verse name="v5">
      <lines> 5.Kana ndanga ndafanira<br/>Nokukurumbidza,<br/>Ndatadza nokukanganwa,<br/>Baba ndiregerere. </lines>
    </verse>
    <verse name="v6">
      <lines> 6.Nezvakaipa zvizhinji<br/>Baba ndakatadza,<br/>Ndakakunyadzisa iwe,<br/>Baba ndiregerere. </lines>
    </verse>
    <verse name="v7">
      <lines> 7.Uri Mwari une ngoni,<br/>Dzisina kupera,<br/>Naizvozvo ndinochema,<br/>Baba ndiregerere. </lines>
    </verse>
  </lyrics>
</song>
