<?xml version='1.0' encoding='UTF-8'?>
<song xmlns="http://openlyrics.info/namespace/2009/song" version="0.8" createdIn="OpenLP 2.4.6" modifiedIn="OpenLP 2.4.6" modifiedDate="2022-11-26T23:17:41">
  <properties>
    <titles>
      <title>AFM Shona Hymn 144</title>
      <title>Hymn 144MUKRISTUari mukomborerwi</title>
    </titles>
    <authors>
      <author>AFM Hymns</author>
    </authors>
  </properties>
  <lyrics>
    <verse name="v1">
      <lines> 1.MUKRISTUari mukomborerwi,<br/>Ane Mponesi mukuru,<br/>Mumwoyo wake anozwa simba,<br/>Ane Mponesi mukuru. </lines>
    </verse>
    <verse name="v2">
      <lines> Korus:<br/>Jesu, Jesu, M;ponesi mukuru, ndinaye<br/>Jesu, Jesu, M;ponesi mukuru, ndinaye. </lines>
    </verse>
    <verse name="v3">
      <lines> 2.Parwendo rwake rwepasi pano<br/>Ane Mponesi mukuru;<br/>Watumwa pasi ndiBaba wake,<br/>Ane Mponesi mukuru. </lines>
    </verse>
    <verse name="v4">
      <lines> 3.Wafadzwa kwazvo ngezviro zvake<br/>Ane Mponesi mukuru,<br/>Rufaro rwake haruzoperi,<br/>Ane Mponesi mukuru.4.Panzira yake kudenga tsvene<br/>Ane Mponesi mukuru,<br/>Haane chiroba chomutyisa,<br/>Ane Mponesi mukuru. </lines>
    </verse>
    <verse name="v5">
      <lines> 5.Mazuva ese panzvimbo dzese<br/>Ane Mponesi mukuru,<br/>Mudambudziko remwoyo wake<br/>Ane Mponesi mukuru. </lines>
    </verse>
    <verse name="v6">
      <lines> 6.Kudenga iro kusingaperi<br/>Ane Mponesi mukuru,<br/>Anodenyiko kupinda iye,<br/>Ane Mponesi mukuru. </lines>
    </verse>
  </lyrics>
</song>
