<?xml version='1.0' encoding='UTF-8'?>
<song xmlns="http://openlyrics.info/namespace/2009/song" version="0.8" createdIn="OpenLP 2.4.6" modifiedIn="OpenLP 2.4.6" modifiedDate="2022-11-26T23:17:40">
  <properties>
    <titles>
      <title>AFM Shona Hymn 77</title>
      <title>Hymn 77PAKUDENGAkuna Baba</title>
    </titles>
    <authors>
      <author>AFM Hymns</author>
    </authors>
  </properties>
  <lyrics>
    <verse name="v1">
      <lines> 1.PAKUDENGAkuna Baba<br/>Kwakanaka kwazvo;<br/>Pakudenga kuna Baba,<br/>Kwakafara kwazvo. </lines>
    </verse>
    <verse name="v2">
      <lines> 2.Hakupindi chakaipa,<br/>Kana chiri chimwe,<br/>Hakupindi zvokurwara,<br/>Nechirwere chimwe. </lines>
    </verse>
    <verse name="v3">
      <lines> 3.Ndavatsvene ivo voga,<br/>Vanogara ikoko;<br/>Vanokuda vanamate,<br/>Iwe Mwari wavo, </lines>
    </verse>
    <verse name="v4">
      <lines> 4.Vakawana musha wavo,<br/>Musha vakagara;<br/>Vakawana noupenyu,<br/>Husingapfuure. </lines>
    </verse>
    <verse name="v5">
      <lines> 5.Ndiri mweni pane nyika<br/>Ndinosuwa denga;<br/>Ndandipinde newe Jesu,<br/>Ndiende kudenga. </lines>
    </verse>
  </lyrics>
</song>
