<?xml version='1.0' encoding='UTF-8'?>
<song xmlns="http://openlyrics.info/namespace/2009/song" version="0.8" createdIn="OpenLP 2.4.6" modifiedIn="OpenLP 2.4.6" modifiedDate="2022-11-26T23:17:39">
  <properties>
    <titles>
      <title>AFM Shona Hymn 14</title>
      <title>Hymn 14HOSANAwokudenga</title>
    </titles>
    <authors>
      <author>AFM Hymns</author>
    </authors>
  </properties>
  <lyrics>
    <verse name="v1">
      <lines> 1.HOSANAwokudenga,<br/>Ndoimba nezwi rangu,<br/>KuMwana waDavid,<br/>Wauya Kwandiri,<br/>Hosana, ndiyamure<br/>Pakurema kwangu:<br/>Wauya asadanwa<br/>Muponisi wangu. </lines>
    </verse>
    <verse name="v2">
      <lines> 2.Ndoshonge dzakadini<br/>Azondishanyira?<br/>Mugadziriri iwe<br/>Moyo wako wose,<br/>Ndoupira kwauri<br/>Mununuri wangu,<br/>Upfugame namabvi<br/>Chokwadi she wangu. </lines>
    </verse>
    <verse name="v3">
      <lines> 3.Ndasunungurwa newe<br/>Mudhorongo rangu:<br/>Rakadimurwa newe<br/>Iro joti rangu<br/>Rakandirasikisa<br/>Ndasiya upenyu<br/>Wakandifarisazve<br/>Pakuchema kwangu. </lines>
    </verse>
  </lyrics>
</song>
