<?xml version='1.0' encoding='UTF-8'?>
<song xmlns="http://openlyrics.info/namespace/2009/song" version="0.8" createdIn="OpenLP 2.4.6" modifiedIn="OpenLP 2.4.6" modifiedDate="2022-11-26T23:17:39">
  <properties>
    <titles>
      <title>AFM Shona Hymn 6</title>
      <title>Hymn 6MUKUDZEIiye Mwari</title>
    </titles>
    <authors>
      <author>AFM Hymns</author>
    </authors>
  </properties>
  <lyrics>
    <verse name="v1">
      <lines> 1.MUKUDZEIiye Mwari<br/>Navari kudenga;<br/>Mukudzei iye Mwari,<br/>Navari kudenga. </lines>
    </verse>
    <verse name="v2">
      <lines> 2.Imi muri nhume dzake,<br/>Mukudzeyi iye;<br/>Nemi muri hondo dzake,<br/>Mukudzeyi iye. </lines>
    </verse>
    <verse name="v3">
      <lines> 3.Iwe zuva, newe mwedzi,<br/>Mukudzei iye;<br/>Nemiwo imi nyenyedzi<br/>Mukudzei iye. </lines>
    </verse>
    <verse name="v4">
      <lines> 4.Iwe moto newe chando,<br/>Mukudzei iye;<br/>Iwe chando, newe bute,<br/>Mukudzei iye. </lines>
    </verse>
    <verse name="v5">
      <lines> 5.Nemhepo inovhuvhuta,<br/>Chimukudza iye;<br/>Newe ita izwi rake,<br/>Paunozonzwika. </lines>
    </verse>
    <verse name="v6">
      <lines> 6.Imi vuri vashe mese,<br/>Mukudzei iye;<br/>Nemi imi vanhu mese,<br/>Mukudzei iye. </lines>
    </verse>
    <verse name="v7">
      <lines> 7.Imi vese vakomana,<br/>Mukudzei iye;<br/>Nemi imi vasikana,<br/>Mukudzei iye. </lines>
    </verse>
    <verse name="v8">
      <lines> 8.Nemi vanhu vachembera,<br/>Mukudzei iye;<br/>Nemi imi mhuri yose,<br/>Mukudzei iye. </lines>
    </verse>
  </lyrics>
</song>
