<?xml version='1.0' encoding='UTF-8'?>
<song xmlns="http://openlyrics.info/namespace/2009/song" version="0.8" createdIn="OpenLP 2.4.6" modifiedIn="OpenLP 2.4.6" modifiedDate="2022-11-26T23:17:40">
  <properties>
    <titles>
      <title>AFM Shona Hymn 49</title>
      <title>Hymn 49MWEYAwangu uno Muponisi</title>
    </titles>
    <authors>
      <author>AFM Hymns</author>
    </authors>
  </properties>
  <lyrics>
    <verse name="v1">
      <lines> 1.MWEYAwangu uno Muponisi,<br/>Ndakasunungurwa;<br/>Musununguri ngandinaniswe,<br/>Ndichagamchirwasu? </lines>
    </verse>
    <verse name="v2">
      <lines> Korus<br/>Ndoda, ndoda, ndoda<br/>Mwari muyamuri uri wangu:<br/>Ndakatengwa neropa raIshe,<br/>Ndava wake chose. </lines>
    </verse>
    <verse name="v3">
      <lines> 2.Nengoni ndichagamchira tsitsi,<br/>Rudo rwako Kristu,<br/>Rwaukunda moyo wangu kwazvo,<br/>Ndichavimba newe. </lines>
    </verse>
    <verse name="v4">
      <lines> 3.Unoziva kusasimba kwangu,<br/>Ndotya kurasika,<br/>Asi iwe uri simba rangu,<br/>Unondipa simba. </lines>
    </verse>
    <verse name="v5">
      <lines> 4.Hongu, Ishe, tipe isu tose,<br/>Ngoni dzako nhasi,<br/>Nezvinobva pamwoyo tichiti:<br/>Ndichava waKristu. </lines>
    </verse>
    <verse name="v6">
      <lines> 5.Vakauya vamwe vachibunza:<br/>Tingapone here?<br/>Hongu, ndinoda muponisiwe<br/>Nesu tinodaro. </lines>
    </verse>
  </lyrics>
</song>
