<?xml version='1.0' encoding='UTF-8'?>
<song xmlns="http://openlyrics.info/namespace/2009/song" version="0.8" createdIn="OpenLP 2.4.6" modifiedIn="OpenLP 2.4.6" modifiedDate="2022-11-26T23:17:41">
  <properties>
    <titles>
      <title>AFM Shona Hymn 161</title>
      <title>Hymn 161NGATIITEzvakanaka</title>
    </titles>
    <authors>
      <author>AFM Hymns</author>
    </authors>
  </properties>
  <lyrics>
    <verse name="v1">
      <lines> 1.NGATIITEzvakanaka<br/>Kune avo Vanochema,<br/>Ngatiite zvakanaka<br/>Kune vanotambudzika;<br/>Kuti tizokomborerwa<br/>Parwendo rwedu pano,<br/>Ngaticherechedze avo<br/>Vane mwoyo yeurombo. </lines>
    </verse>
    <verse name="v2">
      <lines> Korus:<br/>Nguva yedu ipfupi kwazvo,<br/>Nguva yedu ipfupi kwazvo,<br/>Hatizivi musi uyo<br/>Mwari anotidaidza. </lines>
    </verse>
    <verse name="v3">
      <lines> 2.Ngatitaurire avo<br/>Vanoshaya Muponesi,<br/>Vakarasa nzira dzavo,<br/>Vaakufamba kune rufo,<br/>Kuti tizofara kwazvo<br/>Ngeupenyu hworutendo,<br/>Ngatishinge kutaura<br/>Kuti tinopona senyi. </lines>
    </verse>
    <verse name="v4">
      <lines> 3.Vese avo vari sure<br/>Vanoona nzira dzedu,<br/>Vadikanwi vari sure<br/>Vanofunga nzira dzedu;<br/>Ngatifambe zvakanaka<br/>Pane nzira muupenyu,<br/>Mwoyo izokura kwazvo<br/>Nerutendo kuna Jesu. </lines>
    </verse>
  </lyrics>
</song>
