<?xml version='1.0' encoding='UTF-8'?>
<song xmlns="http://openlyrics.info/namespace/2009/song" version="0.8" createdIn="OpenLP 2.4.6" modifiedIn="OpenLP 2.4.6" modifiedDate="2022-11-26T23:17:41">
  <properties>
    <titles>
      <title>AFM Shona Hymn 128</title>
      <title>Hymn 128INZWAmweya wangu, Muponesi</title>
    </titles>
    <authors>
      <author>AFM Hymns</author>
    </authors>
  </properties>
  <lyrics>
    <verse name="v1">
      <lines> 1.INZWAmweya wangu, Muponesi<br/>Wako,<br/>Ari kuti zvino Unondida here?<br/>Zviro zvese pasi zvinotsakatika,<br/>Asi rudo rwangu haruzopinduki. </lines>
    </verse>
    <verse name="v2">
      <lines> 2.Kuti ukarasa rudo rwakadaro,<br/>Unoraswa ndini, unochema kwazvo;<br/>Une nguva zvino, ita munhu kwaye,<br/>Kuti uchiramba une pfumvu huru. </lines>
    </verse>
    <verse name="v3">
      <lines> 3.Hauzivi here kuti zvakanyorwa,<br/>Kuti vanotenda vachatonga pasi;<br/>Kuti wazopedza basa rako pano,<br/>Uchatonga neni pachigaro changu. </lines>
    </verse>
  </lyrics>
</song>
