<?xml version='1.0' encoding='UTF-8'?>
<song xmlns="http://openlyrics.info/namespace/2009/song" version="0.8" createdIn="OpenLP 2.4.6" modifiedIn="OpenLP 2.4.6" modifiedDate="2022-11-26T23:17:40">
  <properties>
    <titles>
      <title>AFM Shona Hymn 85</title>
      <title>Hymn 85JESU, unoshevedza vaduku</title>
    </titles>
    <authors>
      <author>AFM Hymns</author>
    </authors>
  </properties>
  <lyrics>
    <verse name="v1">
      <lines> 1.JESU, unoshevedza vaduku,<br/>Ndinouya;<br/>Bata ruoko rwangu norwako,<br/>Muponisi<br/>Nditungamire kana ndotsauka,<br/>Ndabatwa naSatani muvengi. </lines>
    </verse>
    <verse name="v2">
      <lines> 2.Ndinofunga kuti tsoka dzako<br/>Dzakanaka;<br/>Dzanga dzichifamba pane nzira,<br/>Nzira yangu;<br/>Iwe wanga uchiri mucheche,<br/>Wakavakudza vazvari vako. </lines>
    </verse>
    <verse name="v3">
      <lines> 3.Jesu ndipe mwoyo wokufunga,<br/>Muponisi;<br/>Somwoyo wako mwoyo michena<br/>Gara neni<br/>Shure kwezo ndinogokuziva,<br/>Ndinogokura nokuchenjera. </lines>
    </verse>
    <verse name="v4">
      <lines> 4.Ndinogokurumbidza, Mponisi,<br/>Misi yose;<br/>Pakutamba napabasa rangu,<br/>Ndichaimba.<br/>Ndiyamure pakuedzwa kwangu,<br/>Ndidzidzise yose mirau yako. </lines>
    </verse>
  </lyrics>
</song>
