<?xml version='1.0' encoding='UTF-8'?>
<song xmlns="http://openlyrics.info/namespace/2009/song" version="0.8" createdIn="OpenLP 2.4.6" modifiedIn="OpenLP 2.4.6" modifiedDate="2022-11-26T23:17:40">
  <properties>
    <titles>
      <title>AFM Shona Hymn 38</title>
      <title>Hymn 38DZIDZISAIvadzidzisi</title>
    </titles>
    <authors>
      <author>AFM Hymns</author>
    </authors>
  </properties>
  <lyrics>
    <verse name="v1">
      <lines> 1.DZIDZISAIvadzidzisi,<br/>Imi vanhu vake!<br/>Mudzidzise izwi rake<br/>Kudzo dzose nyika. </lines>
    </verse>
    <verse name="v2">
      <lines> 2.Asi ngoro yezwi rako<br/>Ngaifambe iyo;<br/>Kudzo dzose nzvimbo, Jesu,<br/>Ngaifambe iyo. </lines>
    </verse>
    <verse name="v3">
      <lines> 3.Vadzidzisi dzidzisai,<br/>Imi vanhu vake!<br/>Ngarinzwiwe dama rake<br/>Navo vanhu vose. </lines>
    </verse>
    <verse name="v4">
      <lines> 4.Asi dama rako, Ishe,<br/>Ngarisvike muno;<br/>Ngarikwane nyika yose,<br/>Kudzo dzose nzwimbo. </lines>
    </verse>
    <verse name="v5">
      <lines> 5.Asi nyika ndiri kure,<br/>Ngadzizive idzo;<br/>Dzitarire kuna Jesu,<br/>Dzichitenda Iye. </lines>
    </verse>
  </lyrics>
</song>
