<?xml version='1.0' encoding='UTF-8'?>
<song xmlns="http://openlyrics.info/namespace/2009/song" version="0.8" createdIn="OpenLP 2.4.6" modifiedIn="OpenLP 2.4.6" modifiedDate="2022-11-26T23:17:39">
  <properties>
    <titles>
      <title>AFM Shona Hymn 9</title>
      <title>Hymn 9NDINOSHAMISWAkwazvo</title>
    </titles>
    <authors>
      <author>AFM Hymns</author>
    </authors>
  </properties>
  <lyrics>
    <verse name="v1">
      <lines> 1.NDINOSHAMISWAkwazvo<br/>Namabasa makuru<br/>Akaitiwa newe<br/>Ose anorumbidza;<br/>Ukuru hwenyu Mwari<br/>Hunoshamisa kwazvo. </lines>
    </verse>
    <verse name="v2">
      <lines> 2.Kana ndarangarira<br/>Mabasa okudenga;<br/>Kana ndarangarira<br/>Mabasa apanyika;<br/>Inobuda misodzi<br/>Kana ndafunga iwe. </lines>
    </verse>
    <verse name="v3">
      <lines> 3.Mwari vatatu mumwe<br/>Itai kuti tikude,<br/>Nokuti wakatida,<br/>Wakazotipa Jesu,<br/>Watipa mweya wako,<br/>Wokutipupurira. </lines>
    </verse>
    <verse name="v4">
      <lines> 4.Rumbidza iwe denga!<br/>Rumbidza iwe nyika!<br/>Rumbidza iwe gungwa!<br/>Nesu ngatirumbidze!<br/>Uyu musiki wedu,<br/>Ane rudo rukuru. </lines>
    </verse>
  </lyrics>
</song>
