<?xml version='1.0' encoding='UTF-8'?>
<song xmlns="http://openlyrics.info/namespace/2009/song" version="0.8" createdIn="OpenLP 2.4.6" modifiedIn="OpenLP 2.4.6" modifiedDate="2022-11-26T23:17:41">
  <properties>
    <titles>
      <title>AFM Shona Hymn 168</title>
      <title>Hymn 168MWARIwakaudza, izvo unokusha</title>
    </titles>
    <authors>
      <author>AFM Hymns</author>
    </authors>
  </properties>
  <lyrics>
    <verse name="v1">
      <lines> 1.MWARIwakaudza, izvo unokusha<br/>Ngezve unocheka, ngezve unopiwa,<br/>Ndizvo tisaite zviro tisafunga,<br/>Zvotichazvicheka izvo Tinoita. </lines>
    </verse>
    <verse name="v2">
      <lines> Korus:<br/>Izvo unokusha, ndizvo unocheka,<br/>Izvo unokusha, ndizvo unocheka,<br/>Ndizvo ngatikushe mbeu dzakanaka<br/>Kuti tizogara mumba dzokudenga. </lines>
    </verse>
    <verse name="v3">
      <lines> 2.Izvo unoona, unokusha mbeu,<br/>Kuti zvakanana, ngezve unocheka<br/>Izvo zveunozwa, unokusha mbeu,<br/>Kuti zvakashata, ngezve unocheka. </lines>
    </verse>
    <verse name="v4">
      <lines> 3.Izvo unorerwa, unokusha mbeu,<br/>Kuti zvakanaka, ngezve unocheka,<br/>Izvo unoita, unokusha mbeu,<br/>Kuti zvakashata, ngezve unocheka. </lines>
    </verse>
    <verse name="v5">
      <lines> 4.Izvo unoshanda, unokusha mbeu,<br/>Kuti zvakanaka, ngezve unocheka.<br/>Izvo unoshanda, unokusha mbeu,<br/>Kuti zvakashata, ngezve unocheka. </lines>
    </verse>
  </lyrics>
</song>
