<?xml version='1.0' encoding='UTF-8'?>
<song xmlns="http://openlyrics.info/namespace/2009/song" version="0.8" createdIn="OpenLP 2.4.6" modifiedIn="OpenLP 2.4.6" modifiedDate="2022-11-26T23:17:41">
  <properties>
    <titles>
      <title>AFM Shona Hymn 190</title>
      <title>Hymn 190MamboJesu watidaidza</title>
    </titles>
    <authors>
      <author>AFM Hymns</author>
    </authors>
  </properties>
  <lyrics>
    <verse name="v1">
      <lines> 1.MamboJesu watidaidza<br/>Kuchidyo chake chokudenga<br/>Tomira sei pakutongwa<br/>Mambo apinda. </lines>
    </verse>
    <verse name="v2">
      <lines> Korus<br/>Apo Mambo apinda, kuzotitonga<br/>Tinomira sei apo, Mambo apinda. </lines>
    </verse>
    <verse name="v3">
      <lines> 2.Mambo Jesu ane chiremba<br/>Pakange pazoiswa minzwa<br/>Nembiri yake tichaona<br/>Mambo apinda. </lines>
    </verse>
    <verse name="v4">
      <lines> 3.Zvakaipa zvichaonekwa<br/>Kuti tamira pakutongwa<br/>Zvemumoyo zvichaonekwa<br/>Mambo apinda. </lines>
    </verse>
    <verse name="v5">
      <lines> 4.Achafara pakutiona, kuti tapfeka<br/>Nguwo Chena<br/>Ndizvo kunesu kunonaka<br/>Mambo apinda. </lines>
    </verse>
    <verse name="v6">
      <lines> 5.Tenzi tinokuimbira mutsa<br/>Kuti tose tigozomira<br/>Munzvimbo dzedu nokusatya<br/>Mambo apinda. </lines>
    </verse>
  </lyrics>
</song>
