<?xml version='1.0' encoding='UTF-8'?>
<song xmlns="http://openlyrics.info/namespace/2009/song" version="0.8" createdIn="OpenLP 2.4.6" modifiedIn="OpenLP 2.4.6" modifiedDate="2022-11-26T23:17:41">
  <properties>
    <titles>
      <title>AFM Shona Hymn 131</title>
      <title>Hymn 131UYAhako kuna Jesu</title>
    </titles>
    <authors>
      <author>AFM Hymns</author>
    </authors>
  </properties>
  <lyrics>
    <verse name="v1">
      <lines> 1.UYAhako kuna Jesu,<br/>Uri kudaidzwa ndiye,<br/>Tenda Muponesi wako,<br/>Uitirwe nyasha ndiye. </lines>
    </verse>
    <verse name="v2">
      <lines> Korus:&gt;<br/>Rasa hasha dzako dzese,<br/>Ngekuti dzinotungamidza pasi,<br/>Uya kumuponesi wako zvino,<br/>Uitirwe nyasha ndiye. </lines>
    </verse>
    <verse name="v3">
      <lines> 2.Uya hako kuna Jesu,<br/>Rega kundogara basi,<br/>Muka, uya kuna iye,<br/>Uya zvino pano kwari. </lines>
    </verse>
    <verse name="v4">
      <lines> 3.Kumbirisa, unopiwa,<br/>Tsvakisisa, unowana,<br/>Kuti uchigugudzira,<br/>Unozarurirwa ndiye. </lines>
    </verse>
  </lyrics>
</song>
