<?xml version='1.0' encoding='UTF-8'?>
<song xmlns="http://openlyrics.info/namespace/2009/song" version="0.8" createdIn="OpenLP 2.4.6" modifiedIn="OpenLP 2.4.6" modifiedDate="2022-11-26T23:17:40">
  <properties>
    <titles>
      <title>AFM Shona Hymn 93</title>
      <title>Hymn 93MUKA, mweya wangu, famba</title>
    </titles>
    <authors>
      <author>AFM Hymns</author>
    </authors>
  </properties>
  <lyrics>
    <verse name="v1">
      <lines> 1.MUKA, mweya wangu, famba,<br/>Enda kundoita basa;<br/>Rasa nungo dzako, muka,<br/>Inguva yokuteura. </lines>
    </verse>
    <verse name="v2">
      <lines> 2.Mazuva akapfuura<br/>Nungo dzako, dzakanyanya;<br/>Simuka nhasi chenjera<br/>Kana Mwari achiuya. </lines>
    </verse>
    <verse name="v3">
      <lines> 3.Taurai mazwi akanaka,<br/>Imba pamwe nengirosi,<br/>Dzinoramba dzichiimba,<br/>Dzinokurumbidza Mwari. </lines>
    </verse>
    <verse name="v4">
      <lines> 4.Rukurumbidzo ngaruve<br/>Kwauri Ishe kudenga:<br/>Wandichengeta usiku<br/>Wandipamhidzira simba. </lines>
    </verse>
    <verse name="v5">
      <lines> 5.Ndauyazve kuzopika,<br/>Tive nechitenderano,<br/>Tanda zvakaipa zvangu,<br/>Ndizadze noMweya wako. </lines>
    </verse>
    <verse name="v6">
      <lines> 6.Tungamira musi uno<br/>Mabasa andinoita:<br/>Nezvifungo namatama<br/>Ndikunamate nazvose. </lines>
    </verse>
    <verse name="v7">
      <lines> 7.Imi mose pane nyika,<br/>Nemiwo muri kudenga,<br/>Kurumbidzai Mwari wenyu,<br/>Mwanakomana noMweya. </lines>
    </verse>
  </lyrics>
</song>
