<?xml version='1.0' encoding='UTF-8'?>
<song xmlns="http://openlyrics.info/namespace/2009/song" version="0.8" createdIn="OpenLP 2.4.6" modifiedIn="OpenLP 2.4.6" modifiedDate="2022-11-26T23:17:41">
  <properties>
    <titles>
      <title>AFM Shona Hymn 180</title>
      <title>Hymn 180BIBLEDzvene ngeraMwari, Bhuku renyu</title>
    </titles>
    <authors>
      <author>AFM Hymns</author>
    </authors>
  </properties>
  <lyrics>
    <verse name="v1">
      <lines> 1.BIBLEDzvene ngeraMwari, Bhuku renyu,<br/>Rakanyorwa kuva renyu, Ndinorida kwazvo. </lines>
    </verse>
    <verse name="v2">
      <lines> 2.Rangu kundikomborera ndikariverenga,<br/>Rangu kundivhenekera paupenyu kutsva. </lines>
    </verse>
    <verse name="v3">
      <lines> 3.Rangu kundinyararidza kuti ndichichema,<br/>Rangu kundishingisisa pakutambudzika. </lines>
    </verse>
    <verse name="v4">
      <lines> 4.Rangu kunditaurira nzira yekudenga,<br/>Rangu kunditungamira kune denga dzvene. </lines>
    </verse>
    <verse name="v5">
      <lines> 5.Bible Dzvene, tsamba yanyu, rakapiwa ini,<br/>Ndinoriverenga nhasi nemazuva ese. </lines>
    </verse>
  </lyrics>
</song>
