<?xml version='1.0' encoding='UTF-8'?>
<song xmlns="http://openlyrics.info/namespace/2009/song" version="0.8" createdIn="OpenLP 2.4.6" modifiedIn="OpenLP 2.4.6" modifiedDate="2022-11-26T23:17:39">
  <properties>
    <titles>
      <title>AFM Shona Hymn 4</title>
      <title>Hymn 4MWARImuri zuva redu</title>
    </titles>
    <authors>
      <author>AFM Hymns</author>
    </authors>
  </properties>
  <lyrics>
    <verse name="v1">
      <lines> 1.MWARImuri zuva redu,<br/>Rinopenya pauzuru;<br/>Asi mweya ungaone<br/>Paunozofamba napo. </lines>
    </verse>
    <verse name="v2">
      <lines> 2.Mwari, muri nhovo yedu,<br/>Hatidzityi hondo dzedu;<br/>Dzose dzinokundwa nemi,<br/>Tigouya nokufara. </lines>
    </verse>
    <verse name="v3">
      <lines> 3.Munotipa ngoni dzenyu,<br/>Munotipa noutswene;<br/>Munopa vanonamata,<br/>Munopa makomborero. </lines>
    </verse>
    <verse name="v4">
      <lines> 4.Makomborero makuru,<br/>Makomborero ewedenga,<br/>Aripo avanofunga<br/>Kuti vanodiswa nemi. </lines>
    </verse>
  </lyrics>
</song>
