<?xml version='1.0' encoding='UTF-8'?>
<song xmlns="http://openlyrics.info/namespace/2009/song" version="0.8" createdIn="OpenLP 2.4.6" modifiedIn="OpenLP 2.4.6" modifiedDate="2022-11-26T23:17:41">
  <properties>
    <titles>
      <title>AFM Shona Hymn 126</title>
      <title>Hymn 126MUNOITAwani imwi</title>
    </titles>
    <authors>
      <author>AFM Hymns</author>
    </authors>
  </properties>
  <lyrics>
    <verse name="v1">
      <lines> 1.MUNOITAwani imwi,<br/>Muri kufirenyi, vanhu?<br/>Mwari wenyu, ndinomuda,<br/>Ndinomuda vanhu vangu;<br/>Mwakasikwa ndini mbune,<br/>Ngechisepe ndinomuda,<br/>Uyai ndinomugashira,<br/>Mune nzwimbo dzenyu kuno. </lines>
    </verse>
    <verse name="v2">
      <lines> 2.Munoita wani imwi,<br/>Muri kufirenyi, vanhu?<br/>Muponesi anobvunza,<br/>Muri Kundirasireyi?<br/>Ndakamutambudzikira<br/>Kuti mwese muponeswe;<br/>Zvino mwondiramba ngenyi?<br/>Ndinomuda uyai henyu. </lines>
    </verse>
    <verse name="v3">
      <lines> 3.Munoita wani imwi,<br/>Muri kufirenyi, vanhu?<br/>Musapfiga mwoyo yenyu,<br/>Regai mweya apindemwo;<br/>Mwaudzwa karekare,<br/>Munononokerenyiko?<br/>Jesu anomuda asi,<br/>Zaruranyi mwoyo yenyu. </lines>
    </verse>
    <verse name="v4">
      <lines> 4.Munoita wani imwi,<br/>Muri kufirenyi, vanhu?<br/>Ndiri kudaidza imwi<br/>Kwupenyu hwekudenga;<br/>Pindukanyi vanhu vangu,<br/>Rasai zvakaipa zvese.<br/>Swederanyi kuna Jesu,<br/>Munosunungurwa ndiye. </lines>
    </verse>
  </lyrics>
</song>
