<?xml version='1.0' encoding='UTF-8'?>
<song xmlns="http://openlyrics.info/namespace/2009/song" version="0.8" createdIn="OpenLP 2.4.6" modifiedIn="OpenLP 2.4.6" modifiedDate="2022-11-26T23:17:41">
  <properties>
    <titles>
      <title>AFM Shona Hymn 143</title>
      <title>Hymn 143HAKUNAzita sera Jesu</title>
    </titles>
    <authors>
      <author>AFM Hymns</author>
    </authors>
  </properties>
  <lyrics>
    <verse name="v1">
      <lines> 1.HAKUNAzita sera Jesu,<br/>Kana nokudenga,<br/>Hakuna rimwe rakadaro,<br/>Zita raMponesi. </lines>
    </verse>
    <verse name="v2">
      <lines> Korus:<br/>Tinoda kuimbira Jesu,<br/>Tichimupa mbiri,<br/>Ngekuti hatizivi zita<br/>Rinokunda iri. </lines>
    </verse>
    <verse name="v3">
      <lines> 2.NdiJesu wakafira vese,<br/>Wakatida kwazvo,<br/>Zvotanga takaraswa zvedu.<br/>Ngezvitadzo zvedu. </lines>
    </verse>
    <verse name="v4">
      <lines> 3.NdiJesu wakaita nyasha,<br/>Takamukanganwa,<br/>Wakati, Enda hako mwana,<br/>Usazotadzazve. </lines>
    </verse>
    <verse name="v5">
      <lines> 4.NdiJesu wakarapa vanhu,<br/>Akavasimbisa,<br/>NdiJesu wakamutsa vafi<br/>Kune hama dzavo. </lines>
    </verse>
    <verse name="v6">
      <lines> 5.NdiJesu anoenda nesu<br/>Kwese tinoenda,<br/>NdiJesu anotibatsira<br/>Muupenyu hwedu. </lines>
    </verse>
  </lyrics>
</song>
