<?xml version='1.0' encoding='UTF-8'?>
<song xmlns="http://openlyrics.info/namespace/2009/song" version="0.8" createdIn="OpenLP 2.4.6" modifiedIn="OpenLP 2.4.6" modifiedDate="2022-11-26T23:17:39">
  <properties>
    <titles>
      <title>AFM Shona Hymn 17</title>
      <title>Hymn 17KRISTU, Imanueri</title>
    </titles>
    <authors>
      <author>AFM Hymns</author>
    </authors>
  </properties>
  <lyrics>
    <verse name="v1">
      <lines> 1.KRISTU, Imanueri!<br/>NdiMwari nomunhu!<br/>Tinotenda uyu musi<br/>Wokuuya kwako. </lines>
    </verse>
    <verse name="v2">
      <lines> 2.Unotifugisa<br/>Nokupfava kwako:<br/>Uno munhu sowaMwari,<br/>Ukava muranda. </lines>
    </verse>
    <verse name="v3">
      <lines> 3.Uko kuita kwako<br/>Wakuitira isu,<br/>Tigoti nebasa rako<br/>Tionewo nzira. </lines>
    </verse>
    <verse name="v4">
      <lines> 4.Tanga tarasika<br/>Nokuipa kwedu,<br/>Wakauya kutidzora<br/>Kune chakaipa. </lines>
    </verse>
    <verse name="v5">
      <lines> 5.Wati uri nzira,<br/>Iyo yechokwadi<br/>Vose vanofamba nayo<br/>Vochiwana ngoni. </lines>
    </verse>
    <verse name="v6">
      <lines> 6.Zvino toti Jesu<br/>Tikukurumbidze,<br/>Tinoimba tichifara<br/>Nokuuya kwako. </lines>
    </verse>
  </lyrics>
</song>
