<?xml version='1.0' encoding='UTF-8'?>
<song xmlns="http://openlyrics.info/namespace/2009/song" version="0.8" createdIn="OpenLP 2.4.6" modifiedIn="OpenLP 2.4.6" modifiedDate="2022-11-26T23:17:40">
  <properties>
    <titles>
      <title>AFM Shona Hymn 44</title>
      <title>Hymn 44UYAmwoyo wangu</title>
    </titles>
    <authors>
      <author>AFM Hymns</author>
    </authors>
  </properties>
  <lyrics>
    <verse name="v1">
      <lines> 1.UYAmwoyo wangu,<br/>Uya kunashe wangu;<br/>Uya nhasi wakaipa,<br/>Usaende pano rufu,<br/>Uya mwoyo wangu. </lines>
    </verse>
    <verse name="v2">
      <lines> 2.Chema mwoyo wangu,<br/>Nezvakaipa zvangu;<br/>Zvakaipa zvinonyadza,<br/>Asi ini ndichinazvo,<br/>Chema mwoyo wangu. </lines>
    </verse>
    <verse name="v3">
      <lines> 3.Teura mwoyo wangu,<br/>Uya kuMununuri;<br/>Daidza iwe kuna;she,<br/>Unonzwa iye kudenga;<br/>Teura mwoyo wangu. </lines>
    </verse>
    <verse name="v4">
      <lines> 4.Imba mwoyo wangu,<br/>Tenda kunaShe wangu;<br/>Wakambouya panyika,<br/>Kuti ndiende kedenga;<br/>Imba mwoyo wangu. </lines>
    </verse>
    <verse name="v5">
      <lines> 5.Fara mwoyo wangu,<br/>KuMununuri wangu,<br/>Wakauya kundifira,<br/>Zvino wakandiponesa,<br/>Fara mwoyo wangu. </lines>
    </verse>
  </lyrics>
</song>
