<?xml version='1.0' encoding='UTF-8'?>
<song xmlns="http://openlyrics.info/namespace/2009/song" version="0.8" createdIn="OpenLP 2.4.6" modifiedIn="OpenLP 2.4.6" modifiedDate="2022-11-26T23:17:41">
  <properties>
    <titles>
      <title>AFM Shona Hymn 182</title>
      <title>Hymn 182KAREMwari wakasika</title>
    </titles>
    <authors>
      <author>AFM Hymns</author>
    </authors>
  </properties>
  <lyrics>
    <verse name="v1">
      <lines> 1.KAREMwari wakasika<br/>Mrume nomukadzi wake,<br/>Vese vanga vakanaka<br/>Apo vakasikwa ndiye;<br/>Mwari anokohomedza<br/>Kuti vanhu vatinhidzwa,<br/>Ngavasiye baba, mai,<br/>Vatorane nekudana </lines>
    </verse>
    <verse name="v2">
      <lines> 2.Iri jaha nemhandara<br/>Vanouya kutinhidzwa,<br/>Kuva mrume nomukadzi<br/>Ngemutemo wenyu, Baba;<br/>Ndizvo tinomukumbira,<br/>Vaitenyi nyama imwe,<br/>Ngavapiwe mwoyo umwe<br/>Kuti vazobatsirana. </lines>
    </verse>
    <verse name="v3">
      <lines> 3.Vabatsirenyi mumba mwoyo,<br/>Muupenyu hwavo hutsva;<br/>Vhenekerai mwoyo yavo<br/>Nekuvatungamirira;<br/>Ngavapiwe simba zvino<br/>Vaifambe nzira yenyu<br/>Misi yese yeupenyu,<br/>Mwari, Baba, Mubatsiri. </lines>
    </verse>
  </lyrics>
</song>
