<?xml version='1.0' encoding='UTF-8'?>
<song xmlns="http://openlyrics.info/namespace/2009/song" version="0.8" createdIn="OpenLP 2.4.6" modifiedIn="OpenLP 2.4.6" modifiedDate="2022-11-26T23:17:40">
  <properties>
    <titles>
      <title>AFM Shona Hymn 103</title>
      <title>Hymn 103SIMUKAIJesu</title>
    </titles>
    <authors>
      <author>AFM Hymns</author>
    </authors>
  </properties>
  <lyrics>
    <verse name="v1">
      <lines> 1.SIMUKAIJesu<br/>Hondo dzake imi,<br/>Simudzai muchinjikwa<br/>Urege kuparadzwa,<br/>Kukunda nokukunda<br/>Tinotungamirwa<br/>Kubvisa zvakaipa<br/>Pane nyika yose. </lines>
    </verse>
    <verse name="v2">
      <lines> Korus<br/>Musimukirei<br/>Hondo dzake imi<br/>Simudzai muchinjikwa<br/>Urege<br/>Urege kuparadzwa. </lines>
    </verse>
    <verse name="v3">
      <lines> 2.Simukirai Jesu<br/>Anotidaidza,<br/>Kuenda kunorwisa<br/>Zvinhu zvakaipa<br/>Ngatimunamatei;<br/>Varipo vavengi,<br/>Tirwise nesimba<br/>Ngatiseke ngozi. </lines>
    </verse>
    <verse name="v4">
      <lines> 3.Simukirai Jesu<br/>Simba rake rose<br/>Maoko enyama<br/>Anozotadzisa,<br/>Shongedzwai naKristu<br/>Tarisa kwazvo,<br/>Panhamu Zvimwe ngozi<br/>Tichaita basa. </lines>
    </verse>
    <verse name="v5">
      <lines> 4.Simukirai Jesu<br/>Kurwisa kopera,<br/>Nhasi bishi rehondo<br/>Mangwana toimba,<br/>Kana tinozokunda,<br/>Tinowana ngundu,<br/>Nokugara namambo<br/>Nokusingaperi. </lines>
    </verse>
  </lyrics>
</song>
