<?xml version='1.0' encoding='UTF-8'?>
<song xmlns="http://openlyrics.info/namespace/2009/song" version="0.8" createdIn="OpenLP 2.4.6" modifiedIn="OpenLP 2.4.6" modifiedDate="2022-11-26T23:17:40">
  <properties>
    <titles>
      <title>AFM Shona Hymn 75</title>
      <title>Hymn 75MUSI wehasha nokutya</title>
    </titles>
    <authors>
      <author>AFM Hymns</author>
    </authors>
  </properties>
  <lyrics>
    <verse name="v1">
      <lines> 1. MUSI wehasha nokutya,<br/>Musi wokuchema kwazvo,<br/>Achazadziswa Matama<br/>Avaprofta vakare. </lines>
    </verse>
    <verse name="v2">
      <lines> 2.Achauya kuzopisa<br/>Denga nenyika nazvose,<br/>Mutongi mukuru Jesu,<br/>Tinogoita seiko? </lines>
    </verse>
    <verse name="v3">
      <lines> 3.Hedzo manzi dzicharira,<br/>Vachadzinzwa pamakuva,<br/>Vapenyu nevashakabvu,<br/>Vanoenda kundotengeswa. </lines>
    </verse>
    <verse name="v4">
      <lines> 4.Nyika inogoriridza,<br/>Anogoshama makuva;<br/>Zvinhu zvose zvichamuka,<br/>Zvinogopindura Ishe. </lines>
    </verse>
    <verse name="v5">
      <lines> 5.Urwo rugwaro rutsvene,<br/>Mune zviito zvavanhu,<br/>Runogoverengwa nashe,<br/>Zvose zviiswe pachena. </lines>
    </verse>
    <verse name="v6">
      <lines> Part 3 </lines>
    </verse>
    <verse name="v7">
      <lines> Mutongi zvaakagara,<br/>Anotonga zvinhu zvose,<br/>Nezvo zvakanga zvavanda,<br/>Mabasa namatamawo. </lines>
    </verse>
    <verse name="v8">
      <lines> Ndinogoita seiko?<br/>Tsitsi dzinogobvepiko?<br/>Anondiyamura ndiyani?<br/>Nomusi uyo wokutya. </lines>
    </verse>
    <verse name="v9">
      <lines> Mambo woutsvene, Iwe,<br/>Wakatipa Muponisi,<br/>Tiitire tsitsi, Ishe,<br/>Musi uyo wokutongwa. </lines>
    </verse>
    <verse name="v10">
      <lines> Iwe Jesu wave munhu,<br/>Nenzira yoruponiso,<br/>Rega kundisiya zvino,<br/>Ndive mutandwi naMwari. </lines>
    </verse>
    <verse name="v11">
      <lines> Wakambonditsvakisisa,<br/>Wakambondifira ini,<br/>Basa rako guru, Ishe,<br/>Haringandiponise, nhai?Part 3<br/>Mutongi wakarurama<br/>Ndiregere zvakaipa,<br/>Ndiitire tsitsi, Mwari,<br/>Musi usati wasvika </lines>
    </verse>
    <verse name="v12">
      <lines> Hongu ndine mhosva ini,<br/>Ndinonyara mberi kwako,<br/>Ndinochema kwazvo kwazvo,<br/>Ndiregere, Mwari wangu. </lines>
    </verse>
    <verse name="v13">
      <lines> Iwe wakamboponisa<br/>Mukadzi akaipisa,<br/>Nembavha pamuchinjikwa,<br/>Ndiitire tsitsi neni. </lines>
    </verse>
    <verse name="v14">
      <lines> Zvikomero zvangu zvose,<br/>Nayo minamato yangu,<br/>Haine basa, Jehovha,<br/>Chete ndochemera tsitsi. </lines>
    </verse>
    <verse name="v15">
      <lines> Ndiise nehwai dzako,<br/>Ndirege kuva nembudzi,<br/>Parudyi rwako kudenga,<br/>Ndopandinoda kugara. </lines>
    </verse>
    <verse name="v16">
      <lines> Ndinopfugama netsitsi,<br/>Ndinorwarira zvitadzo,<br/>Ona, Mwari, mwoyo wangu,<br/>Uya kuzondiponisa. </lines>
    </verse>
  </lyrics>
</song>
