<?xml version='1.0' encoding='UTF-8'?>
<song xmlns="http://openlyrics.info/namespace/2009/song" version="0.8" createdIn="OpenLP 2.4.6" modifiedIn="OpenLP 2.4.6" modifiedDate="2022-11-26T23:17:40">
  <properties>
    <titles>
      <title>AFM Shona Hymn 94</title>
      <title>Hymn 94MANGWANANAzvinhu zvose</title>
    </titles>
    <authors>
      <author>AFM Hymns</author>
    </authors>
  </properties>
  <lyrics>
    <verse name="v1">
      <lines> 1.MANGWANANAzvinhu zvose<br/>Zvinotenda Ishe iwe;<br/>Iwe unopenyu hwose<br/>Nesu takachengwa newe. </lines>
    </verse>
    <verse name="v2">
      <lines> 2.Iri zuva rinobuda<br/>Richafamba nzira yaro<br/>Iri rinotirevera<br/>Rinoti urishe waro. </lines>
    </verse>
    <verse name="v3">
      <lines> 3.Noyu musi wakauya<br/>Wava nokuedza kwawo;<br/>Uyu nawo unoreva,<br/>Unzi uri muiti wawo. </lines>
    </verse>
    <verse name="v4">
      <lines> 4.Namatenga akakomba<br/>Amire neminamato,<br/>Ayawo anodzidzisa<br/>Achiti uri muchengi. </lines>
    </verse>
    <verse name="v5">
      <lines> 5.Zvose zvinhu zvatarira<br/>Iwe kose kudya kwazvo;<br/>Zvenge zvinokukumbira<br/>Kwauri Musiki wazvo. </lines>
    </verse>
    <verse name="v6">
      <lines> 6.Tinogoti Baba wedu,<br/>Tikutende tikukudze,<br/>Iwe Msununguri wedu,<br/>Newe Mweya Mutsvene. </lines>
    </verse>
  </lyrics>
</song>
