<?xml version='1.0' encoding='UTF-8'?>
<song xmlns="http://openlyrics.info/namespace/2009/song" version="0.8" createdIn="OpenLP 2.4.6" modifiedIn="OpenLP 2.4.6" modifiedDate="2022-11-26T23:17:40">
  <properties>
    <titles>
      <title>AFM Shona Hymn 80</title>
      <title>Hymn 80NZVIMBOyakanaka</title>
    </titles>
    <authors>
      <author>AFM Hymns</author>
    </authors>
  </properties>
  <lyrics>
    <verse name="v1">
      <lines> 1.NZVIMBOyakanaka!<br/>Musha waJehovha.<br/>Denga ramatenga,<br/>Denga routsvene,<br/>Iyo nzvimbo yakanaka,<br/>Ndinoenda rinhi kwairi? </lines>
    </verse>
    <verse name="v2">
      <lines> 2.Anoenda muenzi,<br/>Woda kuzorora;<br/>Hama dzangu, musha<br/>Uriko kudenga.<br/>Iyo nzvimbo yakanaka,<br/>Ndinoenda rinhi kwairi? </lines>
    </verse>
    <verse name="v3">
      <lines> 3.Pano tadzikira<br/>Matende panyika,<br/>Hausiri musha,<br/>Tinawo kudenga.<br/>Iyo nzvimbo yakanaka,<br/>Ndinoenda rinhi kwairi? </lines>
    </verse>
    <verse name="v4">
      <lines> 4.Hapana misodzi<br/>Kumsoro kudenga;<br/>Hapana nokufa,<br/>Nezvo zvikomero.<br/>Iyo nzvimbo yakanaka,<br/>Ndinoenda rinhi kwairi? </lines>
    </verse>
    <verse name="v5">
      <lines> 5.Zviedzo zvisipo,<br/>Nezvitadzo zvose;<br/>Ndichazororako,<br/>NoMponisi wangu,<br/>Iyo nzvimbo yakanaka,<br/>Ndinoenda rinhi kwairi? </lines>
    </verse>
  </lyrics>
</song>
