<?xml version='1.0' encoding='UTF-8'?>
<song xmlns="http://openlyrics.info/namespace/2009/song" version="0.8" createdIn="OpenLP 2.4.6" modifiedIn="OpenLP 2.4.6" modifiedDate="2022-11-26T23:17:40">
  <properties>
    <titles>
      <title>AFM Shona Hymn 83</title>
      <title>Hymn 83AMAInavana</title>
    </titles>
    <authors>
      <author>AFM Hymns</author>
    </authors>
  </properties>
  <lyrics>
    <verse name="v1">
      <lines> 1.AMAInavana<br/>Vauya kuna Jesu,<br/>Vadzidzi vavadzivisa<br/>Vachiti, Ibvai!<br/>Asi Jesu haabvumi<br/>Wati kuna vakukutu,<br/>Regai vaduku musavarambise. </lines>
    </verse>
    <verse name="v2">
      <lines> 2.Ndinovagamchira,<br/>Ndinogovafungata,<br/>Ndichava mufudzi wavo,<br/>Musavarambise;<br/>Ndinoda vaduku vose<br/>Vagare upenyu neni<br/>Regai vaduku musavarambise. </lines>
    </verse>
    <verse name="v3">
      <lines> 3.Jesu wakapfava,<br/>Wakavaropafadza,<br/>Nyamba zviuru zvevana<br/>Vasati vamuziva;<br/>Havana matama ake,<br/>Havanzwe kuti wadaro,<br/>Regai vaduku musavarambise. </lines>
    </verse>
    <verse name="v4">
      <lines> 4.Tinokuteura<br/>Kuti marudzi ose<br/>Asiye vamwari vavo<br/>Auye kwauri.<br/>Uvavhenekere, Mwari,<br/>Uve navo noupenyu,<br/>Uvadzidzise vauye kwauri. </lines>
    </verse>
  </lyrics>
</song>
