<?xml version='1.0' encoding='UTF-8'?>
<song xmlns="http://openlyrics.info/namespace/2009/song" version="0.8" createdIn="OpenLP 2.4.6" modifiedIn="OpenLP 2.4.6" modifiedDate="2022-11-26T23:17:41">
  <properties>
    <titles>
      <title>AFM Shona Hymn 149</title>
      <title>Hymn 149NAMATANYI, vanamati</title>
    </titles>
    <authors>
      <author>AFM Hymns</author>
    </authors>
  </properties>
  <lyrics>
    <verse name="v1">
      <lines> 1.NAMATANYI, vanamati,<br/>Musanete imwi, kwete;<br/>Kwanga kune shirikadzi,<br/>Haisakaneta iyo. </lines>
    </verse>
    <verse name="v2">
      <lines> 2.Nhambwe zhinji yakauya<br/>Kukumbira yo mutongi,<br/>Nditongere mhosva dzangu.<br/>Nguva ndefu wakaramba. </lines>
    </verse>
    <verse name="v3">
      <lines> 3.Gare-gare wakazoti,<br/>Kana ini ndisingatyi<br/>Mwari kana umwe munhu,<br/>Yandinetsa shirikadzi. </lines>
    </verse>
    <verse name="v4">
      <lines> 4.Ndoitonga mhosva yayo,<br/>Pararanyi mhandu dzake,<br/>Regeranyi kumunetsa;<br/>Fara hako, shirikadzi. </lines>
    </verse>
    <verse name="v5">
      <lines> 5.Jesu wakatakura kuti<br/>Mwari achavapindura<br/>Avo vanomudaidza<br/>Masikati neusiku. </lines>
    </verse>
  </lyrics>
</song>
