<?xml version='1.0' encoding='UTF-8'?>
<song xmlns="http://openlyrics.info/namespace/2009/song" version="0.8" createdIn="OpenLP 2.4.6" modifiedIn="OpenLP 2.4.6" modifiedDate="2022-11-26T23:17:40">
  <properties>
    <titles>
      <title>AFM Shona Hymn 96</title>
      <title>Hymn 96ISHEiwe Wakandichengeta</title>
    </titles>
    <authors>
      <author>AFM Hymns</author>
    </authors>
  </properties>
  <lyrics>
    <verse name="v1">
      <lines> 1.ISHEiwe Wakandichengeta<br/>Masikati zvandakaremerwa,<br/>Uve neni zvakare usiku<br/>Gara neni zuva zvaradoka. </lines>
    </verse>
    <verse name="v2">
      <lines> 2.Kana mwoyo wangu uchichema<br/>Izwi rako rinondifarisa;<br/>Ndipe izwi roruropafadzo,<br/>Ruropafadzo rwokunyaradza. </lines>
    </verse>
    <verse name="v3">
      <lines> 3.Kana iwe wandisiya ndiri ndoga<br/>Ndava nomwoyo mutema Ishe,<br/>Kana iwe uri pamba yangu,<br/>Ndinenge ndadya kutsvene. </lines>
    </verse>
    <verse name="v4">
      <lines> 4.Kana uchinditara mauro ano<br/>Ndaropafadzwa Jehovha Ishe;<br/>Kana ndinewe zuva ravira,<br/>Handidi chimwe chondikonesa. </lines>
    </verse>
    <verse name="v5">
      <lines> 5.Uya Ishe kuzogara neni,<br/>Shure kwebasa remasikati,<br/>Uya undipe rufaro rwako,<br/>Noruponeso nemabumudzo. </lines>
    </verse>
    <verse name="v6">
      <lines> 6.Sunga maronda, rapa zvirwere.<br/>Zvauya kwandiri musi uno;<br/>Kuti Ndirege kugungudzika,<br/>Ndizorere pane mwoyo wako. </lines>
    </verse>
  </lyrics>
</song>
