<?xml version='1.0' encoding='UTF-8'?>
<song xmlns="http://openlyrics.info/namespace/2009/song" version="0.8" createdIn="OpenLP 2.4.6" modifiedIn="OpenLP 2.4.6" modifiedDate="2022-11-26T23:17:39">
  <properties>
    <titles>
      <title>AFM Shona Hymn 15</title>
      <title>Hymn 15RUMBIDZAI, vanhu mose</title>
    </titles>
    <authors>
      <author>AFM Hymns</author>
    </authors>
  </properties>
  <lyrics>
    <verse name="v1">
      <lines> 1.RUMBIDZAI, vanhu mose!<br/>Zvirumbidze, zvinhu zvose!<br/>Nhasi musi wokukudza<br/>Nhasi musi werufaro. </lines>
    </verse>
    <verse name="v2">
      <lines> 2.Mununuri wakazvarwa,<br/>Rufaro rwakauyiswa,<br/>Nhasi tsitsi dzakauya,<br/>Nhasi kupona kwakauya. </lines>
    </verse>
    <verse name="v3">
      <lines> 3.Haana kuuya sehondo,<br/>Fambisai idzi nhau,<br/>Kuti nedzo tsitsi dzake<br/>Wauya kuzotifira. </lines>
    </verse>
    <verse name="v4">
      <lines> 4.Fambisai idzi nhau<br/>Dziende panyika yose.<br/>Tendaika vanhu mose!<br/>Nezvinhu zvose zvitende! </lines>
    </verse>
  </lyrics>
</song>
