<?xml version='1.0' encoding='UTF-8'?>
<song xmlns="http://openlyrics.info/namespace/2009/song" version="0.8" createdIn="OpenLP 2.4.6" modifiedIn="OpenLP 2.4.6" modifiedDate="2022-11-26T23:17:40">
  <properties>
    <titles>
      <title>AFM Shona Hymn 71</title>
      <title>Hymn 71KWASARAmakore</title>
    </titles>
    <authors>
      <author>AFM Hymns</author>
    </authors>
  </properties>
  <lyrics>
    <verse name="v1">
      <lines> 1.KWASARAmakore,<br/>Nenguva shomana,<br/>Tinoenda kuna avo,<br/>Vari kumakuva. </lines>
    </verse>
    <verse name="v2">
      <lines> Korus<br/>Mweya wangu Ishe,<br/>Ngaururamiswe;<br/>Ndishambidze pane ropa,<br/>Bisa zvakaipa. </lines>
    </verse>
    <verse name="v3">
      <lines> 2.Kwasara mazuva,<br/>Atinawo isu;<br/>Shure kwezvo tichaenda,<br/>Kuno Mutongisi. </lines>
    </verse>
    <verse name="v4">
      <lines> 3.Kwasara nenhamu,<br/>Dzatinogoona;<br/>Tinoenda pasine nhamu,<br/>Nyika yakanaka. </lines>
    </verse>
    <verse name="v5">
      <lines> 4.Kwasara misodzi,<br/>Nezvo zvinorema;<br/>Tichaonana naBaba,<br/>Pasina kuchema. </lines>
    </verse>
    <verse name="v6">
      <lines> 5.Kwasara masvondo,<br/>Mazuva matsvene;<br/>Tichamunamata Mwari,<br/>Kune denga rake. </lines>
    </verse>
    <verse name="v7">
      <lines> 6.Kwasara chinguva,<br/>Achauya Jesu,<br/>Wakambotifira kuti,<br/>Tive noumambo. </lines>
    </verse>
  </lyrics>
</song>
