<?xml version='1.0' encoding='UTF-8'?>
<song xmlns="http://openlyrics.info/namespace/2009/song" version="0.8" createdIn="OpenLP 2.4.6" modifiedIn="OpenLP 2.4.6" modifiedDate="2022-11-26T23:17:41">
  <properties>
    <titles>
      <title>AFM Shona Hymn 183</title>
      <title>Hymn 183TIRIpano pamwe tese</title>
    </titles>
    <authors>
      <author>AFM Hymns</author>
    </authors>
  </properties>
  <lyrics>
    <verse name="v1">
      <lines> 1.TIRIpano pamwe tese.<br/>Tachengetwa gore rino,<br/>Ngatikudze Mwari wedu<br/>NaMponesi weduuzve </lines>
    </verse>
    <verse name="v2">
      <lines> 2.Gore rakapfuura,<br/>Takaona madambudzo,<br/>Asi takapiwa simba,<br/>Hatisakakundwaba </lines>
    </verse>
    <verse name="v3">
      <lines> 3.Ndiye Mwari wakanaka,<br/>Wakatiponesa tese,,<br/>Tinondongwarirwa ndiye,,<br/>Takasviswa ndiye She </lines>
    </verse>
    <verse name="v4">
      <lines> 4.Ndizvo ngatitaurirane,<br/>Nyasha dzake dzinokwana,,<br/>Idzo dzinotiponesa,<br/>Kuti tisatadzezve. </lines>
    </verse>
    <verse name="v5">
      <lines> 5.Basa rake ngatibate,,<br/>Tisaneta kuribata,,<br/>Ngatitsidzirane nhasi,,<br/>Tisasiya Mwariba. </lines>
    </verse>
    <verse name="v6">
      <lines> 6.Tese tinofarisana,<br/>Kuonana usu hwedu,,<br/>Tiri pamwe tese zvino,<br/>Nevakuru veduzve. </lines>
    </verse>
    <verse name="v7">
      <lines> 7.Vamwe vedu vakatorwa,,<br/>Basa ravo rakapera,,<br/>Zvino vanoona Mwari,<br/>Vanoona Jesuzve. </lines>
    </verse>
  </lyrics>
</song>
