<?xml version='1.0' encoding='UTF-8'?>
<song xmlns="http://openlyrics.info/namespace/2009/song" version="0.8" createdIn="OpenLP 2.4.6" modifiedIn="OpenLP 2.4.6" modifiedDate="2022-11-26T23:17:41">
  <properties>
    <titles>
      <title>AFM Shona Hymn 185</title>
      <title>Hymn 185APOJesu anouya kotora varume</title>
    </titles>
    <authors>
      <author>AFM Hymns</author>
    </authors>
  </properties>
  <lyrics>
    <verse name="v1">
      <lines> 1.APOJesu anouya kotora varume,<br/>Anotora vakanaka, avo vanomuda. </lines>
    </verse>
    <verse name="v2">
      <lines> Korus:<br/>Vanhu vake vatsvene, vasine zvitema<br/>Vanotenda kudenga kugara naJesu. </lines>
    </verse>
    <verse name="v3">
      <lines> 2.Apo Jesu anouya kotora vakadzi,<br/>Anotora vakanaka, avo vanomuda. </lines>
    </verse>
    <verse name="v4">
      <lines> 3.Apo Jesu anouya kotora vacheche,<br/>Anotora vakanaka avo vanomuda. </lines>
    </verse>
    <verse name="v5">
      <lines> 4.Vana vake pasi pano, uyanyi kwaari,<br/>Anomuda zvirokwazvo ngerudo rukuru. </lines>
    </verse>
    <verse name="v6">
      <lines> 5.Ngatiedze misi yese kufadza Mponesi,<br/>Kuti tizotorwa ndiye kudenga kumsoro. </lines>
    </verse>
  </lyrics>
</song>
