<?xml version='1.0' encoding='UTF-8'?>
<song xmlns="http://openlyrics.info/namespace/2009/song" version="0.8" createdIn="OpenLP 2.4.6" modifiedIn="OpenLP 2.4.6" modifiedDate="2022-11-26T23:17:40">
  <properties>
    <titles>
      <title>AFM Shona Hymn 34</title>
      <title>Hymn 34NDINOBVAkwamuri, ndinoenda kudenga</title>
    </titles>
    <authors>
      <author>AFM Hymns</author>
    </authors>
  </properties>
  <lyrics>
    <verse name="v1">
      <lines> 1.NDINOBVAkwamuri, ndinoenda kudenga,<br/>Ndinoenda kuimba yaBaba;<br/>Kune iyi imba inoutswene ukuru,<br/>Ndinokugadzirirai nzwimbo. </lines>
    </verse>
    <verse name="v2">
      <lines> 2.Kana ndichienda, ndokudzokerai,<br/>A vanhu venyika havaone:<br/>Kana ndichidzoka ndokugamchirai,<br/>Tigare panzwimbo ndinemi. </lines>
    </verse>
    <verse name="v3">
      <lines> 3.Iri zwi raMambo, riri zwi rofaro,<br/>Farai! Vatendi, farai!<br/>Ishe wakaenda, asi achadzoka,<br/>Apinze kudenga imi mose. </lines>
    </verse>
    <verse name="v4">
      <lines> 4.Ipapo togara pautsvene kwazvo,<br/>Navazhinjizhinji chokwadi;<br/>Neredu irzwi tiri pana vamwe,<br/>Tokudza Ishe wokudenga. </lines>
    </verse>
  </lyrics>
</song>
