<?xml version='1.0' encoding='UTF-8'?>
<song xmlns="http://openlyrics.info/namespace/2009/song" version="0.8" createdIn="OpenLP 2.4.6" modifiedIn="OpenLP 2.4.6" modifiedDate="2022-11-26T23:17:39">
  <properties>
    <titles>
      <title>AFM Shona Hymn 12</title>
      <title>Hymn 12UYAI, VaKristu</title>
    </titles>
    <authors>
      <author>AFM Hymns</author>
    </authors>
  </properties>
  <lyrics>
    <verse name="v1">
      <lines> 1.UYAI, VaKristu,<br/>Nokufara nokukunda;<br/>Uyai, uyai KuBheterehema;<br/>Uyai muone<br/>Ishe wengirosi;<br/>Uyai ngatimutende Kristu Ishe. </lines>
    </verse>
    <verse name="v2">
      <lines> 2.Mwari wa Mwari<br/>Kuchena kokuchena;<br/>Wazvarwa mukomana waMaria;<br/>Mwari chokwadi:<br/>Mwari pakutanga;<br/>Uyai, ngatimutende, Kristu Ishe </lines>
    </verse>
    <verse name="v3">
      <lines> 3.Ombai, ngirosi,<br/>Ombai nokufara,<br/>Ombai, vanhu vose kudenga,<br/>Tendai kuna Mwari,<br/>Mwari wokudenga:<br/>Uyai, ngatimutende, Kristu Ishe. </lines>
    </verse>
    <verse name="v4">
      <lines> 4.Tinomukwazisa,<br/>Wazvarwa iri zuva;<br/>Ngakupiwe Kristu kutenda;<br/>Izwi raBaba,<br/>Zvino wakauya;<br/>Uyai, ngatimutende, Kristu Ishe. </lines>
    </verse>
  </lyrics>
</song>
