<?xml version='1.0' encoding='UTF-8'?>
<song xmlns="http://openlyrics.info/namespace/2009/song" version="0.8" createdIn="OpenLP 2.4.6" modifiedIn="OpenLP 2.4.6" modifiedDate="2022-11-26T23:17:41">
  <properties>
    <titles>
      <title>AFM Shona Hymn 148</title>
      <title>Hymn 148JESUndishamwari wedu</title>
    </titles>
    <authors>
      <author>AFM Hymns</author>
    </authors>
  </properties>
  <lyrics>
    <verse name="v1">
      <lines> 1.JESUndishamwari wedu,<br/>Mutakuri wakanaka,<br/>Tinokomborerwa kwazvo,<br/>Tine hama yakadai;<br/>Kuti tichimukumbira,<br/>Anofadzwa kupindura,<br/>Anotipa zvakanaka,<br/>Hatichazoshayi chiro. </lines>
    </verse>
    <verse name="v2">
      <lines> 2.Kuti tine dambudziko,<br/>Kana tine rurunziro,<br/>Hatizovi neurombo,<br/>Tinotenda kuna Jesu;<br/>Hatina imwe hama<br/>Yakanaka kunga iye,<br/>Anoziva vanhu vese,<br/>Mukumbire anokuzwa, </lines>
    </verse>
    <verse name="v3">
      <lines> 3.Kuti tisisine simba,<br/>Rekuita basa redu,<br/>Jesu anotibatsira,<br/>Anotipa simba rake;<br/>Kana kuti takatukwa,<br/>Tinonyararidzwa ndiye,<br/>Jesu ndishamwari wedu,<br/>Rudo rwake rwakanaka. </lines>
    </verse>
  </lyrics>
</song>
