<?xml version='1.0' encoding='UTF-8'?>
<song xmlns="http://openlyrics.info/namespace/2009/song" version="0.8" createdIn="OpenLP 2.4.6" modifiedIn="OpenLP 2.4.6" modifiedDate="2022-11-26T23:17:41">
  <properties>
    <titles>
      <title>AFM Shona Hymn 189</title>
      <title>Hymn 189Tariraikune nyika uko</title>
    </titles>
    <authors>
      <author>AFM Hymns</author>
    </authors>
  </properties>
  <lyrics>
    <verse name="v1">
      <lines> 1.Tariraikune nyika uko!<br/>Nokutenda tovona iyo<br/>Bambo vedu vanogarapo,<br/>Vachingogadzirira isu </lines>
    </verse>
    <verse name="v2">
      <lines> Korus:<br/>Tichando farawo,<br/>Musi watichazosvika ko<br/>Tichando, tichando farawo,<br/>Musi watichazosvikako. </lines>
    </verse>
    <verse name="v3">
      <lines> 2.Tichazondoimbira apo;<br/>Nziyo dzavadikanwa vashe;<br/>Mweya yedu ichafara vo,<br/>Ichingozorodziwa naye. </lines>
    </verse>
    <verse name="v4">
      <lines> 3.Tichandovunganira apo,<br/>Tichandokudza zita raShe;<br/>Nyasha yake tichavonga vo,<br/>Tazopiwa zororo naye. </lines>
    </verse>
  </lyrics>
</song>
