<?xml version='1.0' encoding='UTF-8'?>
<song xmlns="http://openlyrics.info/namespace/2009/song" version="0.8" createdIn="OpenLP 2.4.6" modifiedIn="OpenLP 2.4.6" modifiedDate="2022-11-26T23:17:41">
  <properties>
    <titles>
      <title>AFM Shona Hymn 115</title>
      <title>Hymn 115UYANYI, maKristu, uyanyi nerufaro</title>
    </titles>
    <authors>
      <author>AFM Hymns</author>
    </authors>
  </properties>
  <lyrics>
    <verse name="v1">
      <lines> 1.UYANYI, maKristu, uyanyi nerufaro,<br/>Uyanyi, muone mupwere<br/>ndiMambo<br/>Uyanyi tiende kuBetrehema musha<br/>Uyanyi, nesu nhasi, tiimbe kuna Mambo.<br/>Uyanyi, nesu nhasi, tikudze Mponesi. </lines>
    </verse>
    <verse name="v2">
      <lines> 2.Wabarwa nyamusi mumusha waDavidi,<br/>Mupwere mutsvene, Mponesi wevanhu<br/>Maria ndiMai wake, Mwari ndiye Baba,<br/>Uyanyi nesu nhasi, tiimbe kuna Mambo<br/>Uyanyi nesu nhasi, tikudze Mponesi. </lines>
    </verse>
    <verse name="v3">
      <lines> 3.Fambanyi vacheche, fambanyiwo<br/>vapwere<br/>Fambanyi vakuru, kokudza Mponesi,<br/>Tinoda kuona wabarwa ngechitsidzo,<br/>Uyanyi, timukudze, wabarwa Mambo<br/>wedu,<br/>Uyanyi nesu nhasi, tikudze Mponesi. </lines>
    </verse>
  </lyrics>
</song>
