<?xml version='1.0' encoding='UTF-8'?>
<song xmlns="http://openlyrics.info/namespace/2009/song" version="0.8" createdIn="OpenLP 2.4.6" modifiedIn="OpenLP 2.4.6" modifiedDate="2022-11-26T23:17:40">
  <properties>
    <titles>
      <title>AFM Shona Hymn 28</title>
      <title>Hymn 28JESU,iwe uri nzira</title>
    </titles>
    <authors>
      <author>AFM Hymns</author>
    </authors>
  </properties>
  <lyrics>
    <verse name="v1">
      <lines> 1.JESU,iwe uri nzira,<br/>Toenda newe kudenga,<br/>Unotitungamirira,<br/>Tiponiswe pakaipa. </lines>
    </verse>
    <verse name="v2">
      <lines> 2.Jesu, uri zvirokwazvo,<br/>Nawo ose manzwi ako;<br/>Namakuhwa akaipa<br/>Mberi kwamaziso ako. </lines>
    </verse>
    <verse name="v3">
      <lines> 3.Uri Jesu woupenyu,<br/>Tingapone newe tose;<br/>Kunozodaro rapinda<br/>Pakudenga tive newe. </lines>
    </verse>
    <verse name="v4">
      <lines> 4.Nzira kwayo youpenyu,<br/>Tokutenda isu tose;<br/>Nayo yose mwoyo yedu<br/>Tinotenda nguva dzose. </lines>
    </verse>
  </lyrics>
</song>
