<?xml version='1.0' encoding='UTF-8'?>
<song xmlns="http://openlyrics.info/namespace/2009/song" version="0.8" createdIn="OpenLP 2.4.6" modifiedIn="OpenLP 2.4.6" modifiedDate="2022-11-26T23:17:40">
  <properties>
    <titles>
      <title>AFM Shona Hymn 48</title>
      <title>Hymn 48UNAvanhu vako, Mwari</title>
    </titles>
    <authors>
      <author>AFM Hymns</author>
    </authors>
  </properties>
  <lyrics>
    <verse name="v1">
      <lines> 1.UNAvanhu vako, Mwari<br/>Kudzo dzose nguva;<br/>Unovachengeta iwe,<br/>Pane nzvimbo dzose. </lines>
    </verse>
    <verse name="v2">
      <lines> 2.Kana voyambuka nzizi,<br/>Uve navo iwe;<br/>Kana vapiswa nemoto,<br/>Vanochengetwa newe. </lines>
    </verse>
    <verse name="v3">
      <lines> 3.Pavanokutambudzika<br/>Vanosimba newe;<br/>Napane zvinovaruma,<br/>Unovachengeta. </lines>
    </verse>
    <verse name="v4">
      <lines> 4.Ishe vatarire iwe,<br/>Ivo vanhu vako;<br/>Vanotenda, vanofunga,<br/>Ivo vanhu vako. </lines>
    </verse>
  </lyrics>
</song>
