<?xml version='1.0' encoding='UTF-8'?>
<song xmlns="http://openlyrics.info/namespace/2009/song" version="0.8" createdIn="OpenLP 2.4.6" modifiedIn="OpenLP 2.4.6" modifiedDate="2022-11-26T23:17:41">
  <properties>
    <titles>
      <title>AFM Shona Hymn 163</title>
      <title>Hymn 163NGATIENDE, vadikani</title>
    </titles>
    <authors>
      <author>AFM Hymns</author>
    </authors>
  </properties>
  <lyrics>
    <verse name="v1">
      <lines> 1.NGATIENDE, vadikani,<br/>Kune munda wake Tenzi,<br/>Unodiwa vekurima,<br/>NdiSamunda wadidza </lines>
    </verse>
    <verse name="v2">
      <lines> Korus:<br/>Kasikai kuendayo,<br/>Kune zunde rake Mambo;<br/>Endai iyo, endai iyo,<br/>Kune zunde rake Mambo. </lines>
    </verse>
    <verse name="v3">
      <lines> 2.Jesu wati kuna Pita,<br/>Chitevera sure kwangu,<br/>Unozovabvuwa vanhu,<br/>Kubva mune dima guru. </lines>
    </verse>
    <verse name="v4">
      <lines> 3.Jesu Tenzi watiudza,<br/>Endai kune pasi pese,<br/>Muchiparidzira izwi<br/>Kune ndudzi dzese dzese. </lines>
    </verse>
    <verse name="v5">
      <lines> 4.Zvino rava jana redu<br/>Rekutora iri soko<br/>Kuna ivo vari kure,<br/>Vasikamuzivi Tenzi. </lines>
    </verse>
    <verse name="v6">
      <lines> 5.Jesu wati Kumbiranyi<br/>Vapupuri kuna Ishe,<br/>Zvokwasvika kupupura<br/>Vashomana vapupuri. </lines>
    </verse>
  </lyrics>
</song>
