<?xml version='1.0' encoding='UTF-8'?>
<song xmlns="http://openlyrics.info/namespace/2009/song" version="0.8" createdIn="OpenLP 2.4.6" modifiedIn="OpenLP 2.4.6" modifiedDate="2022-11-26T23:17:41">
  <properties>
    <titles>
      <title>AFM Shona Hymn 137</title>
      <title>Hymn 137NENIhandikurasai ngekuti wapinduka</title>
    </titles>
    <authors>
      <author>AFM Hymns</author>
    </authors>
  </properties>
  <lyrics>
    <verse name="v1">
      <lines> 1.NENIhandikurasai ngekuti wapinduka,<br/>Kuipa kwasukiwa, chiedza nerufaro, </lines>
    </verse>
    <verse name="v2">
      <lines> Korus:<br/>Neni handikurasi, chienda, upembere,<br/>Imba. ukudze, enda usazotadzazveba. </lines>
    </verse>
    <verse name="v3">
      <lines> 2.Neni handikurasi, ngekuti wadaira,<br/>Hakuna kuraswaba kweavo vanondida. </lines>
    </verse>
    <verse name="v4">
      <lines> 3.Neni handimurasi, ndakabva kuna Baba<br/>Ngepamusana pako, Ngekuti anokuda. </lines>
    </verse>
    <verse name="v5">
      <lines> 4.Neni handikurasi, chikudza Baba wako<br/>NeMurumbwana wake neMweya wakachena. </lines>
    </verse>
  </lyrics>
</song>
