<?xml version='1.0' encoding='UTF-8'?>
<song xmlns="http://openlyrics.info/namespace/2009/song" version="0.8" createdIn="OpenLP 2.4.6" modifiedIn="OpenLP 2.4.6" modifiedDate="2022-11-26T23:17:41">
  <properties>
    <titles>
      <title>AFM Shona Hymn 176</title>
      <title>Hymn 176KUNEnzwimbo yakanaka</title>
    </titles>
    <authors>
      <author>AFM Hymns</author>
    </authors>
  </properties>
  <lyrics>
    <verse name="v1">
      <lines> 1.KUNEnzwimbo yakanaka<br/>Kuchaenda vanotenda,<br/>Havachazoparadzani kuti vaayo;<br/>Tinogadzirira zvino<br/>Kuenda iyo kwakanaka,<br/>Tinogara nokugara, tisongane. </lines>
    </verse>
    <verse name="v2">
      <lines> Korus:<br/>Tisongane, tisongane,<br/>Kune muti woupenyu tisongane,<br/>Apo tinotama pasi diko tinoenda iyo,<br/>Hatichapetuki, hama, tisongane. </lines>
    </verse>
    <verse name="v3">
      <lines> 2.Pasi pano handi pedu,<br/>Handi musha wedu,<br/>Kune musha wedu uri kumusoro;<br/>Kwekufara nekufara,<br/>Hakuchina dima iyo,<br/>Ngativambe kuenda iyo, tisongane. </lines>
    </verse>
    <verse name="v4">
      <lines> 3.Uko tinoziva zviro<br/>Zvotisikazivi pano,<br/>Tinokura mukuziva nekufara,<br/>Tinofambirana iyo,<br/>Tinofarirana iyo,<br/>Ngatiende, iyo, hama, tisongane. </lines>
    </verse>
  </lyrics>
</song>
