<?xml version='1.0' encoding='UTF-8'?>
<song xmlns="http://openlyrics.info/namespace/2009/song" version="0.8" createdIn="OpenLP 2.4.6" modifiedIn="OpenLP 2.4.6" modifiedDate="2022-11-26T23:17:41">
  <properties>
    <titles>
      <title>AFM Shona Hymn 127</title>
      <title>Hymn 127URIKutambudzikirenyiko?</title>
    </titles>
    <authors>
      <author>AFM Hymns</author>
    </authors>
  </properties>
  <lyrics>
    <verse name="v1">
      <lines> 1.URIKutambudzikirenyiko?<br/>Zviudze Jesu, zviudze Jesu,<br/>Muponesi anokuponesa,<br/>Zviudze Jesu nyamusi. </lines>
    </verse>
    <verse name="v2">
      <lines> Korus:<br/>Zviudze Jesu, zviudze Jesu,<br/>Ndiye shamwari nehama,<br/>Hakuchina umwe wakadro,<br/>Zviudze Jesu nyamusi. </lines>
    </verse>
    <verse name="v3">
      <lines> 2.Misondzi ngeyenyiko hama?<br/>Zviudze Jesu, zviudze Jesu,<br/>Munyaradzi anokunyaradza,<br/>Zviudze Jesu pachako. </lines>
    </verse>
    <verse name="v4">
      <lines> 3.Uri kutya dambudziko here?<br/>Zviudze Jesu, zviudze Jesu,<br/>Uri kutya remangwana here?<br/>Zviudze Jesu nyamusi. </lines>
    </verse>
    <verse name="v5">
      <lines> 4.Uri kutya rufu here, iwe?<br/>Zviudze Jesu, zviudze Jesu,<br/>Uyo Jesu, zviudze Jesu<br/>Uyo wakakunda rufu rwake,<br/>Anozokupa rukundo. </lines>
    </verse>
    <verse name="v6">
      <lines> 5.Unoshaya anotungamirira,<br/>Zviudze Jesu, zviudze Jesu,<br/>Mweya Mtsvene ndiMutungamiri,<br/>Zviudze Jesu, nyamusi. </lines>
    </verse>
  </lyrics>
</song>
