<?xml version='1.0' encoding='UTF-8'?>
<song xmlns="http://openlyrics.info/namespace/2009/song" version="0.8" createdIn="OpenLP 2.4.6" modifiedIn="OpenLP 2.4.6" modifiedDate="2022-11-26T23:17:40">
  <properties>
    <titles>
      <title>AFM Shona Hymn 30</title>
      <title>Hymn 30JESUndinokuda Mponisi wangu</title>
    </titles>
    <authors>
      <author>AFM Hymns</author>
    </authors>
  </properties>
  <lyrics>
    <verse name="v1">
      <lines> 1.JESUndinokuda Mponisi wangu,<br/>Ndasiya zvose zvakaipa zvangu,<br/>Iwe Msununguri, Iwe Muchengeti,<br/>Ndinokuda Jesu, ndinokuda Jesu.<br/>Ndinokuda Jesu, ndokuda zvino. </lines>
    </verse>
    <verse name="v2">
      <lines> 2.Ndokuda nokuti Iwe wandida,<br/>Wakandiroverwa pamuchinjikwa,<br/>Ndokuda nokuti wakandifira,<br/>Ndinokuda Jesu, ndinokuda Jesu.<br/>Ndinokuda Jesu, ndokuda zvino. </lines>
    </verse>
    <verse name="v3">
      <lines> 3.Ndinogokuda ndichiri mupenyu,<br/>Ndichakurumbidza mazuva ose,<br/>Nomusi wokufa ndinogoimba,<br/>Ndinokuda Jesu, ndinokuda Jesu.<br/>Ndinokuda Jesu, ndokuda zvino. </lines>
    </verse>
    <verse name="v4">
      <lines> 4.Kakare, kana ndiriko kudenga,<br/>Ndichagara newe, ndichakukudza,<br/>Ndichaimba kwazvo navanhu vose,<br/>Ndinokuda Jesu, ndinokuda Jesu.<br/>Ndinokuda Jesu, ndokuda zvino. </lines>
    </verse>
  </lyrics>
</song>
