<?xml version='1.0' encoding='UTF-8'?>
<song xmlns="http://openlyrics.info/namespace/2009/song" version="0.8" createdIn="OpenLP 2.4.6" modifiedIn="OpenLP 2.4.6" modifiedDate="2022-11-26T23:17:40">
  <properties>
    <titles>
      <title>AFM Shona Hymn 112</title>
      <title>Hymn 112IMWI, muri Mwari mwenga</title>
    </titles>
    <authors>
      <author>AFM Hymns</author>
    </authors>
  </properties>
  <lyrics>
    <verse name="v1">
      <lines> 1.IMWI, muri Mwari mwenga,<br/>Hamusakasikwa<br/>Hamuchazogumi, kwete, nekusingaperi,<br/>Mwari, muri umwe chete, umwe<br/>mu Vatatu<br/>NeVatatu vari umwe, muri mweya wedi. </lines>
    </verse>
    <verse name="v2">
      <lines> 2.Mwari, hatizivi, kwete, ngeUtatu<br/>Ndimwi muri Baba wedu, tiri vana nenyu<br/>Hatizivi zviro zvese zvinozihwa ndimwi<br/>Garegare tichaziva ngeukuru hwenyu. </lines>
    </verse>
  </lyrics>
</song>
