<?xml version='1.0' encoding='UTF-8'?>
<song xmlns="http://openlyrics.info/namespace/2009/song" version="0.8" createdIn="OpenLP 2.4.6" modifiedIn="OpenLP 2.4.6" modifiedDate="2022-11-26T23:17:40">
  <properties>
    <titles>
      <title>AFM Shona Hymn 33</title>
      <title>Hymn 33WAKAMUKAIshe Jesu</title>
    </titles>
    <authors>
      <author>AFM Hymns</author>
    </authors>
  </properties>
  <lyrics>
    <verse name="v1">
      <lines> 1.WAKAMUKAIshe Jesu,<br/>Wakabuda pane guva,<br/>Wakamuka noumambo,<br/>Wakamuka pano rufu. </lines>
    </verse>
    <verse name="v2">
      <lines> 2.Jesu woupenyu hwose,<br/>Haunokunzwa kuora,<br/>Uchagara noupenyu,<br/>Unofara nokufara. </lines>
    </verse>
    <verse name="v3">
      <lines> 3.Jesu tinokurumbidza,<br/>Nako kufa wakambofa;<br/>Dzose hondo wadzikunda,<br/>Nero zuva wakamuka. </lines>
    </verse>
    <verse name="v4">
      <lines> 4.Jesu zvirokwazvo zvako<br/>Zvinoonekwa zvokwadi;<br/>Waita vatendi vako<br/>Vave vazhinji zvikuru. </lines>
    </verse>
    <verse name="v5">
      <lines> 5. Vagoti nomusi wako<br/>Zvinoonekwa zvokwadi;<br/>Waita vatendi vako<br/>Vave vazhinji zvikuru. </lines>
    </verse>
  </lyrics>
</song>
