<?xml version='1.0' encoding='UTF-8'?>
<song xmlns="http://openlyrics.info/namespace/2009/song" version="0.8" createdIn="OpenLP 2.4.6" modifiedIn="OpenLP 2.4.6" modifiedDate="2022-11-26T23:17:41">
  <properties>
    <titles>
      <title>AFM Shona Hymn 167</title>
      <title>Hymn 167ZANOchiro chakanaka</title>
    </titles>
    <authors>
      <author>AFM Hymns</author>
    </authors>
  </properties>
  <lyrics>
    <verse name="v1">
      <lines> 1.ZANOchiro chakanaka,<br/>Tese tinorida kwazvo,<br/>Zano haritengwi, kwete,<br/>Riri chipo chaJehovha. </lines>
    </verse>
    <verse name="v2">
      <lines> 2.Izwi rake rine zano<br/>Kusimudza vanhu vese,<br/>Riri simba remarudzi,<br/>Riri idi remakore. </lines>
    </verse>
    <verse name="v3">
      <lines> 3.Ngero zano tine simba<br/>Rekuita zvakanaka,<br/>Asi rinouya basi<br/>Kune avo vanomuda. </lines>
    </verse>
    <verse name="v4">
      <lines> 4.Soromoni wakarida,<br/>Akarikumbira Mwari,<br/>Ndizvo Mwari wakamupa<br/>Zano, pfuma, nerukudzo. </lines>
    </verse>
    <verse name="v5">
      <lines> 5.Apo tinoshaya zano<br/>Ngatiuye kuna iye<br/>Uyo ane rakakwana,<br/>Kupa kune vanhu vese. </lines>
    </verse>
  </lyrics>
</song>
