<?xml version='1.0' encoding='UTF-8'?>
<song xmlns="http://openlyrics.info/namespace/2009/song" version="0.8" createdIn="OpenLP 2.4.6" modifiedIn="OpenLP 2.4.6" modifiedDate="2022-11-26T23:17:41">
  <properties>
    <titles>
      <title>AFM Shona Hymn 154</title>
      <title>Hymn 154UNGATORAhako pasi</title>
    </titles>
    <authors>
      <author>AFM Hymns</author>
    </authors>
  </properties>
  <lyrics>
    <verse name="v1">
      <lines> 1.UNGATORAhako pasi<br/>Nerufaro rwapo rwese,<br/>Ndinotora hangu Jesu<br/>Nerufaro rwake rwese </lines>
    </verse>
    <verse name="v2">
      <lines> Korus:<br/>Tsitsi dzake zhinjizhinji,<br/>Dzinokwana kune vese,<br/>Ruponeso rwakakomba,<br/>Runofadza iwe neni. </lines>
    </verse>
    <verse name="v3">
      <lines> 1.Ungatora hako pasi<br/>Neupfumi hwapo hwese,<br/>Ndinofadzwa ndiye Jesu,<br/>Haazondinyimi chiro. </lines>
    </verse>
    <verse name="v4">
      <lines> 2.Ungatora hako pasi<br/>Nemichero inorwadza,<br/>Asi ini ndie nhaka<br/>Yeupenyu hwake Mwari. </lines>
    </verse>
    <verse name="v5">
      <lines> 3.Ungatora hako pasi<br/>Asi unofamba wega,<br/>Ini ndine Muponeso<br/>Ari Tenzi wakanaka. </lines>
    </verse>
    <verse name="v6">
      <lines> 4.Ungatora hako pasi<br/>Asi harugutsi mweya,<br/>Ndinotenda kuna Jesu<br/>Uyo ane zano rese. </lines>
    </verse>
    <verse name="v7">
      <lines> 5.Ungatora hako pasi<br/>Uchitadza uchichema,<br/>Asi ndinofara kwazvo<br/>Ndine mubatsiri wangu. </lines>
    </verse>
  </lyrics>
</song>
