<?xml version='1.0' encoding='UTF-8'?>
<song xmlns="http://openlyrics.info/namespace/2009/song" version="0.8" createdIn="OpenLP 2.4.6" modifiedIn="OpenLP 2.4.6" modifiedDate="2022-11-26T23:17:41">
  <properties>
    <titles>
      <title>AFM Shona Hymn 118</title>
      <title>Hymn 118PATYOnemchinjiko ndipo ndinogara</title>
    </titles>
    <authors>
      <author>AFM Hymns</author>
    </authors>
  </properties>
  <lyrics>
    <verse name="v1">
      <lines> 1.PATYOnemchinjiko ndipo ndinogara<br/>Kuwombera imwi, Muponesi<br/>wangu. </lines>
    </verse>
    <verse name="v2">
      <lines> Korus<br/>Patyo, patyo nemchinjiko wenyu<br/>Kunobuda pano mvura youpenyu. </lines>
    </verse>
    <verse name="v3">
      <lines> 2.Patyo, nemchinjiko, ndinogara hangu,<br/>Mvura nemaropa zvinobuda pano. </lines>
    </verse>
    <verse name="v4">
      <lines> 3.Patyo, nemchinjiko kune simba,<br/>Pano ndinopiwa mweya woupenyu. </lines>
    </verse>
    <verse name="v5">
      <lines> 4.Patyo, nemchinjiko, pakanaka pano<br/>Kusimbiswa ndimwi, Jesu Tenzi wangu. </lines>
    </verse>
  </lyrics>
</song>
