<?xml version='1.0' encoding='UTF-8'?>
<song xmlns="http://openlyrics.info/namespace/2009/song" version="0.8" createdIn="OpenLP 2.4.6" modifiedIn="OpenLP 2.4.6" modifiedDate="2022-11-26T23:17:39">
  <properties>
    <titles>
      <title>AFM Shona Hymn 3</title>
      <title>Hymn 3IMImose muri pasi</title>
    </titles>
    <authors>
      <author>AFM Hymns</author>
    </authors>
  </properties>
  <lyrics>
    <verse name="v1">
      <lines> 1.IMImose muri pasi,<br/>Imbai kuna Jehovha:<br/>Kurumbidzai mumutende;<br/>Uyai norufaro kwaari. </lines>
    </verse>
    <verse name="v2">
      <lines> 2.Tinoziva kuti Jovha<br/>Ndiye Mwari wechokwadi;<br/>Tiri bara rehwai dzake<br/>Anotipa kudya kwedu. </lines>
    </verse>
    <verse name="v3">
      <lines> 3.Pindai suwo guru rake;<br/>Muswedere kuna Mambo;<br/>Tsimutsai mazvi enyu,<br/>Makafanira kudaro. </lines>
    </verse>
    <verse name="v4">
      <lines> 4.Ndiye Mwari wakanaka,<br/>Tsitsi dzake dzakakomba;<br/>Rudo nechokwadi chake<br/>Hachingatipinde isu. </lines>
    </verse>
  </lyrics>
</song>
