<?xml version='1.0' encoding='UTF-8'?>
<song xmlns="http://openlyrics.info/namespace/2009/song" version="0.8" createdIn="OpenLP 2.4.6" modifiedIn="OpenLP 2.4.6" modifiedDate="2022-11-26T23:17:41">
  <properties>
    <titles>
      <title>AFM Shona Hymn 117</title>
      <title>Hymn 117MWATAKURAkuipa Jesu</title>
    </titles>
    <authors>
      <author>AFM Hymns</author>
    </authors>
  </properties>
  <lyrics>
    <verse name="v1">
      <lines> 1.MWATAKURAkuipa Jesu,<br/>Kusi kuipa kwenyu,<br/>Mwakaripa mhosva, Jesu,<br/>Isi mhosva, yenyu. </lines>
    </verse>
    <verse name="v2">
      <lines> 2.Muri Jesu, mune tsisi,<br/>Hamatadzi, imwi,<br/>Raparara ropa renyu,<br/>Mwakanaka imwi. </lines>
    </verse>
    <verse name="v3">
      <lines> 3.Kushaisha kwedu kwese<br/>Kunozihwa ndimwi,<br/>Nezvitadzo zvedu zvese<br/>Zvakanyorwa ndimwi. </lines>
    </verse>
    <verse name="v4">
      <lines> 4.Taponeswa zvakaipa<br/>Ngezvirwadzo zvenyu,<br/>Tacheneswa zvakaipa<br/>Ngero ropa renyu. </lines>
    </verse>
  </lyrics>
</song>
