<?xml version='1.0' encoding='UTF-8'?>
<song xmlns="http://openlyrics.info/namespace/2009/song" version="0.8" createdIn="OpenLP 2.4.6" modifiedIn="OpenLP 2.4.6" modifiedDate="2022-11-26T23:17:41">
  <properties>
    <titles>
      <title>AFM Shona Hymn 141</title>
      <title>Hymn 141TORAzita rake Jesu</title>
    </titles>
    <authors>
      <author>AFM Hymns</author>
    </authors>
  </properties>
  <lyrics>
    <verse name="v1">
      <lines> 1.TORAzita rake Jesu,<br/>Ngeurombo kwako hwese<br/>Rinokupa simba rake,<br/>Rekukunda zvirunziro. </lines>
    </verse>
    <verse name="v2">
      <lines> Korus:<br/>Zita rake rakanaka,<br/>Mwenje wedu pasi pano,<br/>Zita rake rakanaka,<br/>Mwenje wedu pasi pano. </lines>
    </verse>
    <verse name="v3">
      <lines> 2.Jesu ndimurwiri wedu,<br/>Ndiye simba redu rese,<br/>Tinokunda zvakaipa<br/>Ngero zita rake Jesu. </lines>
    </verse>
    <verse name="v4">
      <lines> 3.Kunzwa zita rake Jesu<br/>Tinonyararidzwa kwazvo,<br/>Tinopfugamira pasi,<br/>Mwoyo inomuwombera. </lines>
    </verse>
    <verse name="v5">
      <lines> 4.Mwoyo yadziyirwa kwazvo<br/>Kunzwa zita rake Jesu,<br/>Uyo wakatitambira,<br/>Wakaita mwoyo mitsva </lines>
    </verse>
    <verse name="v6">
      <lines> 5.Iro Zita rake Jesu<br/>Rinotipa runyararo,<br/>Ndizvo ngatiritondere<br/>Nzwimbo dzese tinoenda. </lines>
    </verse>
  </lyrics>
</song>
