<?xml version='1.0' encoding='UTF-8'?>
<song xmlns="http://openlyrics.info/namespace/2009/song" version="0.8" createdIn="OpenLP 2.4.6" modifiedIn="OpenLP 2.4.6" modifiedDate="2022-11-26T23:17:40">
  <properties>
    <titles>
      <title>AFM Shona Hymn 35</title>
      <title>Hymn 35MWEYAMutsvene waMwari</title>
    </titles>
    <authors>
      <author>AFM Hymns</author>
    </authors>
  </properties>
  <lyrics>
    <verse name="v1">
      <lines> 1.MWEYAMutsvene waMwari!<br/>Gara muno mumba;<br/>Buruka zvino nesimba,<br/>Uya, Mweya, uya! </lines>
    </verse>
    <verse name="v2">
      <lines> 2.Uya Mweya kufanana<br/>Kupenya kwezuva;<br/>Vhenekera moyo yedu,<br/>Onisa kuipa. </lines>
    </verse>
    <verse name="v3">
      <lines> 3.Onisa rushavashava,<br/>Nezvirwere zvose,<br/>Titungamire panzira,<br/>Panoenda vatsvene. </lines>
    </verse>
    <verse name="v4">
      <lines> 4.Uya serimi romoto,<br/>Pisa moyo yedu,<br/>Tichive zviteuriro<br/>Kuna Ishe wedu. </lines>
    </verse>
    <verse name="v5">
      <lines> 5.Uya Mweya kufanana<br/>Dova rokudenga,<br/>Mwoyo isingabereke<br/>Ive namapudzi. </lines>
    </verse>
    <verse name="v6">
      <lines> 6.Uya senjiva yedenga,<br/>Utivumbamire<br/>Nemapapiro orudo,<br/>Noruregerero. </lines>
    </verse>
    <verse name="v7">
      <lines> 7Uya sedutu remhepo,<br/>Netsitsi nengoni,<br/>Kuti vanhu vakuone,<br/>Nokupenya kwako. </lines>
    </verse>
    <verse name="v8">
      <lines> 8.Mweya Mutsvene waMwari!<br/>Tarasika isu;<br/>Buruka zvino nesimba,<br/>Uya, Mweya, uya! </lines>
    </verse>
  </lyrics>
</song>
