<?xml version='1.0' encoding='UTF-8'?>
<song xmlns="http://openlyrics.info/namespace/2009/song" version="0.8" createdIn="OpenLP 2.4.6" modifiedIn="OpenLP 2.4.6" modifiedDate="2022-11-26T23:17:39">
  <properties>
    <titles>
      <title>AFM Shona Hymn 1</title>
      <title>Hymn 1MUTSVENE, Mutsvene, Mwari wesimba</title>
    </titles>
    <authors>
      <author>AFM Hymns</author>
    </authors>
  </properties>
  <lyrics>
    <verse name="v1">
      <lines> 1.MUTSVENE, Mutsvene, Mwari wesimba!<br/>Mangwana mangwana toimba kwauri;<br/>Mutsvene, Mutsvene, wetsitsi namasimba!<br/>Mwari wengoni, Mwari Mutsvene! </lines>
    </verse>
    <verse name="v2">
      <lines> 2.Mutsvene, Mutsvene! Vanokurumbidza<br/>Vanhu vako vose kunewe kudenga;<br/>Nengirozi dzose pachigaro chako<br/>Dzinopfugama mberi kwauri. </lines>
    </verse>
    <verse name="v3">
      <lines> 3.Mutsvene, Mutsvene! vanhu verima,<br/>Vanhu vakaipa havakuone;<br/>Uri oga Mtsvene hapasisina mumwe,<br/>Una masimba nezvirokwazvo. </lines>
    </verse>
    <verse name="v4">
      <lines> 4.Mutsvene, Mutsvene! Mwari wesimba!<br/>Anokurumbidza mabasa ako ose.<br/>Mutsvene, Mutsvene, wetsitsi nemasimba!<br/>Mwari wengoni, Mwari Mutsvene! </lines>
    </verse>
  </lyrics>
</song>
