<?xml version='1.0' encoding='UTF-8'?>
<song xmlns="http://openlyrics.info/namespace/2009/song" version="0.8" createdIn="OpenLP 2.4.6" modifiedIn="OpenLP 2.4.6" modifiedDate="2022-11-26T23:17:40">
  <properties>
    <titles>
      <title>AFM Shona Hymn 58</title>
      <title>Hymn 58SIPITIretsitsi nengoni</title>
    </titles>
    <authors>
      <author>AFM Hymns</author>
    </authors>
  </properties>
  <lyrics>
    <verse name="v1">
      <lines> 1.SIPITIretsitsi nengoni<br/>Tinaro Muripiri wedu.<br/>Iro razarurirwa isu<br/>Naani anoda kuuya. </lines>
    </verse>
    <verse name="v2">
      <lines> 2.Ishe Jehovha unotida<br/>Kuterone yake kudenga;<br/>Tiende kurwizi tichinwa<br/>Mvura youpenyu kudenga. </lines>
    </verse>
    <verse name="v3">
      <lines> 3.Tinoti tatenda kwaari,<br/>Tipiwe Mweya woruregero<br/>Tipiwe nengoni tifare,<br/>Kugamchira dzi ngoni dzake. </lines>
    </verse>
    <verse name="v4">
      <lines> 4.Tinopiwa norudo rwake,<br/>Tipinde narwo paupenyu,<br/>Tinonzwa chokwadi rufaro<br/>Runenge ndorwapakudenga. </lines>
    </verse>
  </lyrics>
</song>
