<?xml version='1.0' encoding='UTF-8'?>
<song xmlns="http://openlyrics.info/namespace/2009/song" version="0.8" createdIn="OpenLP 2.4.6" modifiedIn="OpenLP 2.4.6" modifiedDate="2022-11-26T23:17:41">
  <properties>
    <titles>
      <title>AFM Shona Hymn 130</title>
      <title>Hymn 130UYANYI, mwese mune nyota</title>
    </titles>
    <authors>
      <author>AFM Hymns</author>
    </authors>
  </properties>
  <lyrics>
    <verse name="v1">
      <lines> 1.UYANYI, mwese mune nyota<br/>Mumwoyo yenyu mururame,<br/>Mwari anopa zviro zvese,<br/>Toranyi zvino ruponeso. </lines>
    </verse>
    <verse name="v2">
      <lines> 2.Vatendi, muri kudaidzwa,<br/>Uyanyi kuna Baba venyu,<br/>Mupi wemvura inoponesa,<br/>Murege kuzotadza zveba. </lines>
    </verse>
    <verse name="v3">
      <lines> 3.Uyanyi mwakasununguka,<br/>Mutore henyu hamutengi,<br/>Torai nyamusi ruponeso,<br/>Musatye, anomuda mwese. </lines>
    </verse>
    <verse name="v4">
      <lines> 4.Uyanyi tizogara nhaka<br/>Yababa wedu wekudenga,<br/>Baba wevese vane zvese<br/>Zvekukovera vanomuda. </lines>
    </verse>
    <verse name="v5">
      <lines> 5.Jehovha wedu wakanaka,<br/>Hakuna umwe wakadaro;<br/>Ngatimutende, timukudze,<br/>Ngekuti tinotongwa ndiye. </lines>
    </verse>
  </lyrics>
</song>
