<?xml version='1.0' encoding='UTF-8'?>
<song xmlns="http://openlyrics.info/namespace/2009/song" version="0.8" createdIn="OpenLP 2.4.6" modifiedIn="OpenLP 2.4.6" modifiedDate="2022-11-26T23:17:41">
  <properties>
    <titles>
      <title>AFM Shona Hymn 155</title>
      <title>Hymn 155MWARI, Baba wangu, Ndinoona vanhu</title>
    </titles>
    <authors>
      <author>AFM Hymns</author>
    </authors>
  </properties>
  <lyrics>
    <verse name="v1">
      <lines> 1.MWARI, Baba wangu, Ndinoona vanhu<br/>Vakasiya nzira yenyu. Vaari varasiki;<br/>Garai neni, garai neni<br/>Nekusingaperi. </lines>
    </verse>
    <verse name="v2">
      <lines> 2.Neupenyu hwangu hwakatsonga kwazvo,<br/>Asi ndinotenda kuti munogara neni;<br/>Garai neni, garai neni<br/>Nekusingaperi. </lines>
    </verse>
    <verse name="v3">
      <lines> 3.Pasi pano pese, Ndinoona kuti,<br/>Zviro zvese zvichapera, imwi munogara;<br/>Garai neni, garai neni<br/>Nekusingaperi. </lines>
    </verse>
    <verse name="v4">
      <lines> 4.Vanhu vanobarwa, ivo vanokura,<br/>Asi kufa kuchauya, Baba gara neni;<br/>Garai neni, garai neni<br/>Nekusingaperi. </lines>
    </verse>
    <verse name="v5">
      <lines> 5.Kuti ndichichema nematambudziko,<br/>Achapera ndichafara, Baba, garai neni,<br/>Garai neni, garai neni<br/>Nekusingaperi. </lines>
    </verse>
  </lyrics>
</song>
