<?xml version='1.0' encoding='UTF-8'?>
<song xmlns="http://openlyrics.info/namespace/2009/song" version="0.8" createdIn="OpenLP 2.4.6" modifiedIn="OpenLP 2.4.6" modifiedDate="2022-11-26T23:17:40">
  <properties>
    <titles>
      <title>AFM Shona Hymn 74</title>
      <title>Hymn 74CHINHUchinotyisa kwazvo</title>
    </titles>
    <authors>
      <author>AFM Hymns</author>
    </authors>
  </properties>
  <lyrics>
    <verse name="v1">
      <lines> 1CHINHUchinotyisa kwazvo,<br/>Zuva rokupera;<br/>Kana Ishe achitonga,<br/>Kokupedzisira. </lines>
    </verse>
    <verse name="v2">
      <lines> 3Kuriko nokuvandana,<br/>Pane ino nyika,<br/>Naikoku kuvandana,<br/>Kwouya pachena. </lines>
    </verse>
    <verse name="v3">
      <lines> 4Pane nyika kunotadzwa,<br/>Kusina kunzwika;<br/>Nyamba kwose kwakanzwika,<br/>Nomuzivi zvose. </lines>
    </verse>
    <verse name="v4">
      <lines> 5Nero zuva pamibvunzo,<br/>Kunonzwika zvose,<br/>Zvakaitwa panyika,<br/>Kumarudzi ose. </lines>
    </verse>
    <verse name="v5">
      <lines> 6Ngavadzoke vakaipa,<br/>Pakuipa kwavo;<br/>Teurai nhasi mose,<br/>KuMusununguri. </lines>
    </verse>
  </lyrics>
</song>
