<?xml version='1.0' encoding='UTF-8'?>
<song xmlns="http://openlyrics.info/namespace/2009/song" version="0.8" createdIn="OpenLP 2.4.6" modifiedIn="OpenLP 2.4.6" modifiedDate="2022-11-26T23:17:40">
  <properties>
    <titles>
      <title>AFM Shona Hymn 22</title>
      <title>Hymn 22URIMwari Muponisi</title>
    </titles>
    <authors>
      <author>AFM Hymns</author>
    </authors>
  </properties>
  <lyrics>
    <verse name="v1">
      <lines> 1.URIMwari Muponisi,<br/>Wakaita zvose;<br/>Uri Mwari Muponisi,<br/>Wakakurumbira. </lines>
    </verse>
    <verse name="v2">
      <lines> 2.Wave munhu Muponisi<br/>Nokuipa kwedu<br/>Wave munhu Muponisi,<br/>Wakafira isu </lines>
    </verse>
    <verse name="v3">
      <lines> 3.Une tsitsi Muponisi<br/>Navari pamhosva;<br/>Une tsitsi Muponisi<br/>Navari pakufa. </lines>
    </verse>
    <verse name="v4">
      <lines> 4.Wachimbidza Muponisi<br/>Kuzotipindura;<br/>Wachimbidza Muponisi,<br/>Kutisunungura. </lines>
    </verse>
    <verse name="v5">
      <lines> 5.Une simba Muponisi<br/>Rokutiponesa;<br/>Une simba Muponisi<br/>Rokutifadzisa. </lines>
    </verse>
    <verse name="v6">
      <lines> 6.Uno rudo Muponisi,<br/>Une tsitsi nesu;<br/>Uno rudo Muponisi<br/>Ngatimude iye. </lines>
    </verse>
  </lyrics>
</song>
