<?xml version='1.0' encoding='UTF-8'?>
<song xmlns="http://openlyrics.info/namespace/2009/song" version="0.8" createdIn="OpenLP 2.4.6" modifiedIn="OpenLP 2.4.6" modifiedDate="2022-11-26T23:17:41">
  <properties>
    <titles>
      <title>AFM Shona Hymn 122</title>
      <title>Hymn 122MWEYAMtsvene muri Mwari</title>
    </titles>
    <authors>
      <author>AFM Hymns</author>
    </authors>
  </properties>
  <lyrics>
    <verse name="v1">
      <lines> 1.MWEYAMtsvene muri Mwari,<br/>Ndinotambudzika,<br/>Mwoyo wangu unochema,<br/>Ndinomuda zvino. </lines>
    </verse>
    <verse name="v2">
      <lines> Korus<br/>Ndizadzenyi, ndizadzenyi<br/>Uyai, Mweya zvino,<br/>Pindai mwoyo wangu, Mweya,<br/>Kuti ndisimbiswe. </lines>
    </verse>
    <verse name="v3">
      <lines> 2.Ndine nungo zviro kwazvo,<br/>Ndinoshaya simba,<br/>Asi mukandisimbisa,<br/>Ndinokunda zvese. </lines>
    </verse>
    <verse name="v4">
      <lines> 3.Ndinoziva basa renyu<br/>Kuti rakanaka,<br/>Munotungamira vese<br/>Vanomuteera. </lines>
    </verse>
    <verse name="v5">
      <lines> 4.Kuti ndichitungamirwa<br/>Handichawi pasi,<br/>Handichamusiyi Baba,<br/>Kana nzira dzenyu. </lines>
    </verse>
    <verse name="v6">
      <lines> 5.Nzira dzenyu dzakanaka,<br/>Dzine ruvheneko,<br/>Dzine zano rokufamba<br/>Zvakanaka kwazvo. </lines>
    </verse>
    <verse name="v7">
      <lines> 6.Muri mubatsiri wangu,<br/>Mutendeki kwaye,<br/>Avo vanomutevera<br/>Vanokomborerwa. </lines>
    </verse>
  </lyrics>
</song>
