<?xml version='1.0' encoding='UTF-8'?>
<song xmlns="http://openlyrics.info/namespace/2009/song" version="0.8" createdIn="OpenLP 2.4.6" modifiedIn="OpenLP 2.4.6" modifiedDate="2022-11-26T23:17:40">
  <properties>
    <titles>
      <title>AFM Shona Hymn 24</title>
      <title>Hymn 24CHANGAMIRE, Muponisi</title>
    </titles>
    <authors>
      <author>AFM Hymns</author>
    </authors>
  </properties>
  <lyrics>
    <verse name="v1">
      <lines> 1.CHANGAMIRE, Muponisi<br/>Ishe wakambozvidzwa;<br/>Nezvirwadzo zvako, tenzi,<br/>Kwakwaniswa kupona.<br/>Changamire, Mambo Jesu!<br/>Mutakuri wemhosva;<br/>Nako kufa kwakakomba<br/>Takapiwa upenyu. </lines>
    </verse>
    <verse name="v2">
      <lines> 2.Gwayana raMwari baba<br/>Tonamata kwauri;<br/>Ropa rakaparadzirwa<br/>Isu vakarasika.<br/>Vanhu vako vose, Ishe<br/>Vakatengerwa nzwimbo;<br/>Vakazarurirwa musuwo<br/>Webako rokudenga. </lines>
    </verse>
    <verse name="v3">
      <lines> 3.Changamire! Wakagadzwa<br/>Pachigaro chitswene,<br/>Hondo dzose dzokudenga<br/>Dzinokukurumbidza.<br/>Unoteurira isu,<br/>Unotireverera;<br/>Pamusha wako mutswene<br/>Unoda kutipinza. </lines>
    </verse>
    <verse name="v4">
      <lines> 4.Wafanira kugamchira<br/>Kukudzwa noutsvene;<br/>Kukurumbidzwa kukuru,<br/>Rudo rusingaperi.<br/>Tiyamurei ngirozi,<br/>Uyai nenziyo dzenyu;<br/>Tose tiimbire Mambo<br/>Tine mwoyo michena </lines>
    </verse>
  </lyrics>
</song>
