<?xml version='1.0' encoding='UTF-8'?>
<song xmlns="http://openlyrics.info/namespace/2009/song" version="0.8" createdIn="OpenLP 2.4.6" modifiedIn="OpenLP 2.4.6" modifiedDate="2022-11-26T23:17:40">
  <properties>
    <titles>
      <title>AFM Shona Hymn 87</title>
      <title>Hymn 87NDOUYAkuna Jesu</title>
    </titles>
    <authors>
      <author>AFM Hymns</author>
    </authors>
  </properties>
  <lyrics>
    <verse name="v1">
      <lines> 1.NDOUYAkuna Jesu,<br/>Anondifarisa,<br/>Ane tsitsi neni,<br/>Panhamu yangu. </lines>
    </verse>
    <verse name="v2">
      <lines> Korus<br/>Ndouya kuna Jesu,<br/>Ndinogofara,<br/>Anoshevedzera<br/>Vaduku seni. </lines>
    </verse>
    <verse name="v3">
      <lines> 2.Ndouya kuna Jesu,<br/>Anonzwa kwandiri,<br/>Anondida kwazvo,<br/>Wandiyamura. </lines>
    </verse>
    <verse name="v4">
      <lines> 3.Ndouya kuna Jesu,<br/>Anondibatsira,<br/>Anditungamire<br/>Kunyika yake. </lines>
    </verse>
    <verse name="v5">
      <lines> 4.Ikoko kudenga<br/>Ndichava mutsvene,<br/>Ndichaona Jesu,<br/>Mponisi wangu. </lines>
    </verse>
  </lyrics>
</song>
