<?xml version='1.0' encoding='UTF-8'?>
<song xmlns="http://openlyrics.info/namespace/2009/song" version="0.8" createdIn="OpenLP 2.4.6" modifiedIn="OpenLP 2.4.6" modifiedDate="2022-11-26T23:17:40">
  <properties>
    <titles>
      <title>AFM Shona Hymn 57</title>
      <title>Hymn 57URWOrutendo rukuru</title>
    </titles>
    <authors>
      <author>AFM Hymns</author>
    </authors>
  </properties>
  <lyrics>
    <verse name="v1">
      <lines> 1.URWOrutendo rukuru<br/>Runotenda somucheche,<br/>Norudo rwebasa rako<br/>Ngandipiwe Mwari irwo,<br/>Ngarukunde mwoyo wangu<br/>Ndiparidze dama rako. </lines>
    </verse>
    <verse name="v2">
      <lines> 2.Ndipe rudo runopisa<br/>Ndichemere vanotadza,<br/>Ngaruvepo rwundipise,<br/>Ndivadzore pane ngozi,<br/>Ndivadzore panzira<br/>Yaunoponisa nayo. </lines>
    </verse>
    <verse name="v3">
      <lines> 3.Ngandibvume nazvinoka,<br/>Ndizvipire vakatadza<br/>Vasingazive Mponisi;<br/>Ndivavarire ndiwane<br/>Vose vari parima<br/>Vasafe vasamuziva. </lines>
    </verse>
    <verse name="v4">
      <lines> 4.Simba rangu nazvo zvose<br/>Zvipo, Baba, zvandinazvo<br/>Ngazviitwe basa newe<br/>Ndifambise dama rako,<br/>Ndiudze vatadzi vose<br/>Kuti Jesu hama yavo. </lines>
    </verse>
    <verse name="v5">
      <lines> 5.Ngaupiswe mwoyo wangu,<br/>Uzadzise rudo rwako,<br/>Ndiedze nesimba rose<br/>Ndivade kufana newe,<br/>Ndiuye navo kwauri<br/>Mufudzi wakavafira. </lines>
    </verse>
  </lyrics>
</song>
