<?xml version='1.0' encoding='UTF-8'?>
<song xmlns="http://openlyrics.info/namespace/2009/song" version="0.8" createdIn="OpenLP 2.4.6" modifiedIn="OpenLP 2.4.6" modifiedDate="2022-11-26T23:17:39">
  <properties>
    <titles>
      <title>AFM Shona Hymn 2</title>
      <title>Hymn 2KUDZAIMambo, ano utsvene</title>
    </titles>
    <authors>
      <author>AFM Hymns</author>
    </authors>
  </properties>
  <lyrics>
    <verse name="v1">
      <lines> 1.KUDZAIMambo, ano utsvene;<br/>Ari kudenga ana masimba;<br/>Ndiye nhowo yedu yakarekare;<br/>Chigaro chake chakakurumbidzwa. </lines>
    </verse>
    <verse name="v2">
      <lines> 2.Imbai masimba nengoni dzake,<br/>Ari kudenga nenguwo chena;<br/>Hasha dzake dzose dzinotinhira,<br/>Anofamba zvake pachamupupuri. </lines>
    </verse>
    <verse name="v3">
      <lines> 3.Ana masimba, wakaisika<br/>Nyika nezvinhu zvose zvirimo,<br/>Wakaitsigira nomurairo,<br/>Wakaikombera nemvura yose. </lines>
    </verse>
    <verse name="v4">
      <lines> 4.Kufudza kwako kusingarehwe;<br/>Kuri pamhepo napakupenya,<br/>Kuri pamakomo napamakana,<br/>Kuri pane mvura napane dova. </lines>
    </verse>
    <verse name="v5">
      <lines> 5.Isu vaduku hatina simba,<br/>Tinotarira chete kwauri;<br/>Tsitsi dzako dzese dzisingaperi,<br/>Hama yakanaka nomununuri. </lines>
    </verse>
    <verse name="v6">
      <lines> 6.Una masimba norudo rwose:<br/>Dzinokuimbira hondo dzose kudenga<br/>Nesuwo venyika tinokuimbira,<br/>Tino kurumbidza kusingaperi. </lines>
    </verse>
  </lyrics>
</song>
