<?xml version='1.0' encoding='UTF-8'?>
<song xmlns="http://openlyrics.info/namespace/2009/song" version="0.8" createdIn="OpenLP 2.4.6" modifiedIn="OpenLP 2.4.6" modifiedDate="2022-11-26T23:17:41">
  <properties>
    <titles>
      <title>AFM Shona Hymn 157</title>
      <title>Hymn 157MUSANDIPFUURA, Jesu, ndinochema ini</title>
    </titles>
    <authors>
      <author>AFM Hymns</author>
    </authors>
  </properties>
  <lyrics>
    <verse name="v1">
      <lines> 1.MUSANDIPFUURA, Jesu, ndinochema ini,<br/>Mukakomborera vamwe, musandipfuure. </lines>
    </verse>
    <verse name="v2">
      <lines> 2.Ndinotenda imwi, Jesu, mwakandinunudza,<br/>Ndanga ndiri kufa, ini, muzvitema zvangu. </lines>
    </verse>
    <verse name="v3">
      <lines> 3.Ngandipiwe mwoyo mchena wekumufarisa,<br/>Ndinomukumbira, Tenzi, ngandikomborerwe. </lines>
    </verse>
    <verse name="v4">
      <lines> 4.Ngerunako rwenyu, Jesu, ndomutsvaka zvino,<br/>Mwoyo wangu ngaurapwe, ndoda kuponeswa. </lines>
    </verse>
    <verse name="v5">
      <lines> 5.Ropa renyu ngarikudzwe, rindishambe nhasi,<br/>Muri mununuri imwi, mwakandinunura. </lines>
    </verse>
    <verse name="v6">
      <lines> 6.Muri tsime yeupenyu nerufaro rwese,<br/>Ngandiinwe iyi tsime, ndine nyota huru. </lines>
    </verse>
    <verse name="v7">
      <lines> 7.Imwi munonyararidza mwoyo wangu uyu,<br/>Pasi pano nokudenga, muri Tenzi wangu. </lines>
    </verse>
  </lyrics>
</song>
