<?xml version='1.0' encoding='UTF-8'?>
<song xmlns="http://openlyrics.info/namespace/2009/song" version="0.8" createdIn="OpenLP 2.4.6" modifiedIn="OpenLP 2.4.6" modifiedDate="2022-11-26T23:17:39">
  <properties>
    <titles>
      <title>AFM Shona Hymn 11</title>
      <title>Hymn 11BABAune simba rose</title>
    </titles>
    <authors>
      <author>AFM Hymns</author>
    </authors>
  </properties>
  <lyrics>
    <verse name="v1">
      <lines> 1.BABAune simba rose,<br/>Ndiyamure iwe;<br/>Kana wandisiya Iwe<br/>Ini ndoendepiko? </lines>
    </verse>
    <verse name="v2">
      <lines> korus<br/>Ndinotenda, ndinotenda, Jesu wandifira,<br/>Ndichaponeswa neropa rake rakakomba. </lines>
    </verse>
    <verse name="v3">
      <lines> 2.Wakamutuma Munyai,<br/>Kureva kwatiri;<br/>Wakatipa Muponisi<br/>Kutifira isu. </lines>
    </verse>
    <verse name="v4">
      <lines> 3.O Jesu wakashongedzwa,<br/>Une ngoni huru;<br/>Nokuti wakaroverwa<br/>Pamchinjikwa uyu </lines>
    </verse>
    <verse name="v5">
      <lines> 4.Ndinodzokera kwauri,<br/>Une tsitsi iwe;<br/>Zvino ndigamchire ini<br/>Usipo ndingafe </lines>
    </verse>
  </lyrics>
</song>
