<?xml version='1.0' encoding='UTF-8'?>
<song xmlns="http://openlyrics.info/namespace/2009/song" version="0.8" createdIn="OpenLP 2.4.6" modifiedIn="OpenLP 2.4.6" modifiedDate="2022-11-26T23:17:40">
  <properties>
    <titles>
      <title>AFM Shona Hymn 90</title>
      <title>Hymn 90NDOZVIISApana Jesu</title>
    </titles>
    <authors>
      <author>AFM Hymns</author>
    </authors>
  </properties>
  <lyrics>
    <verse name="v1">
      <lines> 1.NDOZVIISApana Jesu<br/>Zvakaipa zvangu;<br/>Anonditakurira,<br/>Mutoro mukuru:<br/>Ndouyisa kuna Jesu<br/>Mhosva dzangu dzose,<br/>Ndinoda kushambidzwa,<br/>Nditsveniswe kwazvo. </lines>
    </verse>
    <verse name="v2">
      <lines> 2.Ndokumbira kuna Jesu<br/>Zvose zvandashaya,<br/>Anorapa zvirwere,<br/>Anondinunura.<br/>Ndouyisa kuna Jesu<br/>Dambudziko rangu,<br/>Anondisunungura<br/>Tinogoverana. </lines>
    </verse>
    <verse name="v3">
      <lines> 3.Nozorora pana Jesu<br/>Mweya wakaneta,<br/>Ndorinda zvakanaka<br/>Pachipfuva chake;<br/>Zvikuru ndinomuda<br/>Jesu Kristu Ishe;<br/>Ndiye Mufudzi wangu,<br/>Ndiye Muyamuri. </lines>
    </verse>
    <verse name="v4">
      <lines> 4.Ndoda kuva saJesu,<br/>Wanga akapfava,<br/>Ndiye mwana mutsvene,<br/>WaBaba kudenga.<br/>Ndoda kuva saJesu,<br/>Ndoda kudzidziswa<br/>Ndigomukurumbidza,<br/>Pamwe nengirozi. </lines>
    </verse>
    <verse name="v5">
      <lines> x8 </lines>
    </verse>
  </lyrics>
</song>
