<?xml version='1.0' encoding='UTF-8'?>
<song xmlns="http://openlyrics.info/namespace/2009/song" version="0.8" createdIn="OpenLP 2.4.6" modifiedIn="OpenLP 2.4.6" modifiedDate="2022-11-26T23:17:39">
  <properties>
    <titles>
      <title>AFM Shona Hymn 7</title>
      <title>Hymn 7JEHOVHAuna masimba</title>
    </titles>
    <authors>
      <author>AFM Hymns</author>
    </authors>
  </properties>
  <lyrics>
    <verse name="v1">
      <lines> 1.JEHOVHAuna masimba,<br/>Zvose zvakasikwa nemwi,<br/>Muri ishe wavo vose,<br/>Ivo vari pakudenga. </lines>
    </verse>
    <verse name="v2">
      <lines> 2.Jehovha muno ruzivo<br/>Munoziva zvose zvinhu;<br/>Isu vanhu hatizivi,<br/>Isu tose hatigoni. </lines>
    </verse>
    <verse name="v3">
      <lines> 3.Jehovha wakarurama.<br/>Naiyo mirau yake,<br/>Isu nyamba tapfuura<br/>Tine mhosva mberi kwake. </lines>
    </verse>
    <verse name="v4">
      <lines> 4.Jehovha muri Mutswene,<br/>Takaipa mberi kwenyu;<br/>Isu ngatimukumbire<br/>Rwose ruregero rwake. </lines>
    </verse>
    <verse name="v5">
      <lines> 5.Jehovha munadzo ngoni,<br/>Wotibata nadzo tose,<br/>Wakauya Mwana ,wenyu<br/>Kuponesa vanhu vose. </lines>
    </verse>
  </lyrics>
</song>
