<?xml version='1.0' encoding='UTF-8'?>
<song xmlns="http://openlyrics.info/namespace/2009/song" version="0.8" createdIn="OpenLP 2.4.6" modifiedIn="OpenLP 2.4.6" modifiedDate="2022-11-26T23:17:39">
  <properties>
    <titles>
      <title>AFM Shona Hymn 10</title>
      <title>Hymn 10ZADZISAchirewo chako</title>
    </titles>
    <authors>
      <author>AFM Hymns</author>
    </authors>
  </properties>
  <lyrics>
    <verse name="v1">
      <lines> 1.ZADZISAchirewo chako,<br/>Mwari, Ishe wechokwadi;<br/>Ose marudzi enyika<br/>Ngaawane ruponiso. </lines>
    </verse>
    <verse name="v2">
      <lines> 2.Namabvi kunei nyika,<br/>Ngaapfugame panewe;<br/>Dzidzamare dzose ndimi<br/>Dzireve ukuru kwako. </lines>
    </verse>
    <verse name="v3">
      <lines> 3.Tonga, tonga, Ishe Jesu!<br/>Kuuye newe kufara,<br/>Nezvikanganiso zvedu<br/>Tatadzisa yose nyika. </lines>
    </verse>
    <verse name="v4">
      <lines> 4.Tarira nyika yokwedu,<br/>Urege kuipa kwayo<br/>Urege kutsamwa kwako<br/>Isingafe mhuri yavo. </lines>
    </verse>
    <verse name="v5">
      <lines> 5.Ramba Ishe tisazvidze<br/>Zvidzidziso zvezwi rako;<br/>Ugozotimutsirira<br/>Tinzwe nechokwadi chako. </lines>
    </verse>
  </lyrics>
</song>
