<?xml version='1.0' encoding='UTF-8'?>
<song xmlns="http://openlyrics.info/namespace/2009/song" version="0.8" createdIn="OpenLP 2.4.6" modifiedIn="OpenLP 2.4.6" modifiedDate="2022-11-26T23:17:41">
  <properties>
    <titles>
      <title>AFM Shona Hymn 123</title>
      <title>Hymn 123UYAI, Mweya wakachena</title>
    </titles>
    <authors>
      <author>AFM Hymns</author>
    </authors>
  </properties>
  <lyrics>
    <verse name="v1">
      <lines> 1.UYAI, Mweya wakachena,<br/>Uyai kwangu nhasi imwi;<br/>Mune tsitsi dzakawanda,<br/>Ndipei Mweya wenyu imwi.<br/>Ndidzidzisei rwiyo rumwe<br/>Rwiyo rwengirosi dzenyu,<br/>Ndinofara ndaponeswa,<br/>Ndizvo ndinomuimbira. </lines>
    </verse>
    <verse name="v2">
      <lines> 2.Ngerubatsiro rwaMwari,<br/>Ndaapano zvino nhasi,<br/>Kuti ndichifadza imwi,<br/>Ndingasvika iro denga;<br/>Jesu wakanditsvakisa<br/>Handisakambomuziva<br/>Akapira ropa rake<br/>Kuti ndive noupenyu. </lines>
    </verse>
    <verse name="v3">
      <lines> 3.Nyasha dzenyu ndogashira<br/>Misi yese youpenyu,<br/>Mwoyo wangu wakaneta<br/>Unodisa kuponeswa;<br/>Unonyanya kutizira<br/>Kune uyo ane nyatwa;<br/>Torai mwoyo wangu, Baba,<br/>Muuite wakanaka. </lines>
    </verse>
  </lyrics>
</song>
