<?xml version='1.0' encoding='UTF-8'?>
<song xmlns="http://openlyrics.info/namespace/2009/song" version="0.8" createdIn="OpenLP 2.4.6" modifiedIn="OpenLP 2.4.6" modifiedDate="2022-11-26T23:17:41">
  <properties>
    <titles>
      <title>AFM Shona Hymn 116</title>
      <title>Hymn 116MPONESIWakaita mabasa misi yese</title>
    </titles>
    <authors>
      <author>AFM Hymns</author>
    </authors>
  </properties>
  <lyrics>
    <verse name="v1">
      <lines> 1.MPONESIWakaita mabasa misi yese,<br/>Neniwo ndinodisa kubata basa rangu,<br/>Rufaro runouya ngebasa rinonetsa,<br/>Ngekuti tinokudza Mponesi wedu, </lines>
    </verse>
    <verse name="v2">
      <lines> 2.Mponesi wakaita shamwari kune vese,<br/>Neniwo ndinoedza kuita zvakadaro.<br/>Kufara kubatsira varombo nevarwere<br/>Zvo Jesu akaita kuvanhu achipasi. </lines>
    </verse>
    <verse name="v3">
      <lines> 3.Mponesi Wakaita semubatsiri iye,<br/>Neniwo ndinodisa kuita kunga iye,<br/>Kuita mubatsiri weavo vanonetswa,<br/>Zvo Jesu akaita achiri pasi pano. </lines>
    </verse>
    <verse name="v4">
      <lines> 4.Jehovha wakasika neropa rimwe basi<br/>Marudzi ese ese azere pasi pese,<br/>Ndizvozvo ngatigare sehama zvakanaka<br/>Kubatsirana tese zvoJesu akaita. </lines>
    </verse>
    <verse name="v5">
      <lines> 5.Ndizvozvo hama dzangu, ngative vanhu kwavo<br/>Ngekuti Tenzi wakanga ari kwaye.<br/>Nepasi rinodisa vazhinji vakadaro,<br/>Kuita basa ravo kukomborera vanhu. </lines>
    </verse>
  </lyrics>
</song>
