<?xml version='1.0' encoding='UTF-8'?>
<song xmlns="http://openlyrics.info/namespace/2009/song" version="0.8" createdIn="OpenLP 2.4.6" modifiedIn="OpenLP 2.4.6" modifiedDate="2022-11-26T23:17:41">
  <properties>
    <titles>
      <title>AFM Shona Hymn 170</title>
      <title>Hymn 170VANHUvese vakanaka vanotaura diko</title>
    </titles>
    <authors>
      <author>AFM Hymns</author>
    </authors>
  </properties>
  <lyrics>
    <verse name="v1">
      <lines> 1.VANHUvese vakanaka vanotaura diko,<br/>Usanyepe, kwete, kwete, taura zvirokwazvo. </lines>
    </verse>
    <verse name="v2">
      <lines> Korus:<br/>Taurai z vediko, taurai zvediko,<br/>Idi rakanaka. </lines>
    </verse>
    <verse name="v3">
      <lines> 2.Mwari anodisa kwazvo vanotaura diko </lines>
    </verse>
    <verse name="v4">
      <lines> Anoziva vana vake vanodiswa idi. </lines>
    </verse>
    <verse name="v5">
      <lines> 3.Anania na Safira vakanyepa kare,<br/>Vakazofa pakarepo nekunyepa kwavo. </lines>
    </verse>
    <verse name="v6">
      <lines> 4.Ngatitaure zvirokwazvo, tisanyepe, kwete,<br/>Ngatiite vanhu kwavo kutaura idi. </lines>
    </verse>
  </lyrics>
</song>
