<?xml version='1.0' encoding='UTF-8'?>
<song xmlns="http://openlyrics.info/namespace/2009/song" version="0.8" createdIn="OpenLP 2.4.6" modifiedIn="OpenLP 2.4.6" modifiedDate="2022-11-26T23:17:40">
  <properties>
    <titles>
      <title>AFM Shona Hymn 79</title>
      <title>Hymn 79JERUSAREMA, musha wangu</title>
    </titles>
    <authors>
      <author>AFM Hymns</author>
    </authors>
  </properties>
  <lyrics>
    <verse name="v1">
      <lines> 1.JERUSAREMA, musha wangu,<br/>Musha wakanaka!<br/>Kana ndapedza mabasa,<br/>Ndinoenda kwauri. </lines>
    </verse>
    <verse name="v2">
      <lines> 2.Ndichauona rinhiko,<br/>Uyo musha wangu?<br/>Une dzimba dzakanaka,<br/>Nokudya kutsvene. </lines>
    </verse>
    <verse name="v3">
      <lines> 2.Hapasisina kuipa,<br/>Hapana nenhamu,<br/>Ndinoramba ndichienda,<br/>Kumusha mutsvene. </lines>
    </verse>
    <verse name="v4">
      <lines> 3.Ndingatye here kurwadza?<br/>Ndingatize kufa?<br/>Kwete ndinoenda kuKenani,<br/>Nyika yandinoda. </lines>
    </verse>
    <verse name="v5">
      <lines> 4.Vaprofita vadzidzisi,<br/>Vakafira Jesu,<br/>Varipo pamwe naKristu,<br/>Neni ndichienda. </lines>
    </verse>
    <verse name="v6">
      <lines> 5.Jesusarema musha wangu,<br/>Wandinotsvakisa!<br/>Kana ndasvika kwauri,<br/>Ndichafara kwazvo. </lines>
    </verse>
  </lyrics>
</song>
