<?xml version='1.0' encoding='UTF-8'?>
<song xmlns="http://openlyrics.info/namespace/2009/song" version="0.8" createdIn="OpenLP 2.4.6" modifiedIn="OpenLP 2.4.6" modifiedDate="2022-11-26T23:17:41">
  <properties>
    <titles>
      <title>AFM Shona Hymn 133</title>
      <title>Hymn 133NDOMUTEVERA, Tenzi Jesu</title>
    </titles>
    <authors>
      <author>AFM Hymns</author>
    </authors>
  </properties>
  <lyrics>
    <verse name="v1">
      <lines> 1.NDOMUTEVERA, Tenzi Jesu,<br/>Ndomutevera, Tenzi Jesu,<br/>Mwakandifira pamchinjiko,<br/>Imwi muripo wezvitema. </lines>
    </verse>
    <verse name="v2">
      <lines> Korus<br/>Ndouya kunemwi,<br/>Ndouya kunemwi;<br/>Ndimi Mponesi wangu, Tenzi,<br/>Mwakandiona ndakaraswa. </lines>
    </verse>
    <verse name="v3">
      <lines> 2.Ndomutevera, Tenzi Jesu,<br/>Ndomutevera, Tenzi Jesu,<br/>Ndakashambidzwa ngero ropa,<br/>Rakayerera pamchinjiko. </lines>
    </verse>
    <verse name="v4">
      <lines> 3.Ndomutevera, Tenzi Jesu,<br/>Ndomutevera, Tenzi Jesu,<br/>Mvura neropa zvandisuka;<br/>Zvese zvitadzo zvangu zvabva. </lines>
    </verse>
    <verse name="v5">
      <lines> 4.Ndomutevera, Tenzi Jesu,<br/>Ndomutevera, Tenzi Jesu,<br/>Mwakandibvisa mune pfukwa,<br/>Umwo ndakange ndiri kufa. </lines>
    </verse>
    <verse name="v6">
      <lines> 5.Ndomutevera, Tenzi Jesu,<br/>Ndomutevera, Tenzi Jesu,<br/>Mwakatambudzikira ini,<br/>Kuti ndizive nzira yedi. </lines>
    </verse>
  </lyrics>
</song>
