<?xml version='1.0' encoding='UTF-8'?>
<song xmlns="http://openlyrics.info/namespace/2009/song" version="0.8" createdIn="OpenLP 2.4.6" modifiedIn="OpenLP 2.4.6" modifiedDate="2022-11-26T23:17:40">
  <properties>
    <titles>
      <title>AFM Shona Hymn 53</title>
      <title>Hymn 53NDANZWAizwi rako</title>
    </titles>
    <authors>
      <author>AFM Hymns</author>
    </authors>
  </properties>
  <lyrics>
    <verse name="v1">
      <lines> 1.NDANZWAizwi rako,<br/>Rinondidaidza,<br/>Ndishambidze mwoyo wangu<br/>Pane ropa rako. </lines>
    </verse>
    <verse name="v2">
      <lines> Korus<br/>Ndouya, Jesu!<br/>Kwauri Ishe!<br/>Shambidza moyo wangu<br/>Pane ropa rako. </lines>
    </verse>
    <verse name="v3">
      <lines> 2.Ndashaya masimba,<br/>Iwe uchandipa;<br/>Uchandishambidza kwazvo,<br/>Uchanditsvenisa. </lines>
    </verse>
    <verse name="v4">
      <lines> 3.Jesu wandidana<br/>Nditsvake rutendo,<br/>Norudo noruregerero,<br/>Pasi nokudenga. </lines>
    </verse>
    <verse name="v5">
      <lines> 4.Jesu wasimbisa<br/>Basa rakanaka;<br/>Wapamhidza ngoni dzake<br/>Pano mwoyo wangu. </lines>
    </verse>
    <verse name="v6">
      <lines> 5.Jesu wakandipa<br/>Tsitsi dzake dzose;<br/>Wandipa ruregerero<br/>Norutendo rwake. </lines>
    </verse>
  </lyrics>
</song>
