<?xml version='1.0' encoding='UTF-8'?>
<song xmlns="http://openlyrics.info/namespace/2009/song" version="0.8" createdIn="OpenLP 2.4.6" modifiedIn="OpenLP 2.4.6" modifiedDate="2022-11-26T23:17:41">
  <properties>
    <titles>
      <title>AFM Shona Hymn 114</title>
      <title>Hymn 114MWARIhweutsvene</title>
    </titles>
    <authors>
      <author>AFM Hymns</author>
    </authors>
  </properties>
  <lyrics>
    <verse name="v1">
      <lines> 1.MWARIhweutsvene<br/>Kune nyika iri kure,<br/>Yakajeka nyeredzi yaTenzi,<br/>Chioniso chaMwari wediko<br/>Iyo Tenzi wabarwa,<br/>Iyo kwabarwa Mesiya. </lines>
    </verse>
    <verse name="v2">
      <lines> 2.Baba wake wakashama,<br/>Mai wake wakafara,<br/>Mwana wavo Mponesi wevanhu<br/>Wakakudzwa zvikuru ndiMwari.<br/>Pasi pese chifarai<br/>Mwari wazotishanyira. </lines>
    </verse>
    <verse name="v3">
      <lines> 3.Mune danga radzo nombe<br/>Wakabarwa mwana mutsva,<br/>Ndiye mwana waMwari mupenyu,<br/>Ndiye rudo rwaBaba kunesu.<br/>Ndiye mudi wevanhu,<br/>Nemudikani wevese. </lines>
    </verse>
  </lyrics>
</song>
