<?xml version='1.0' encoding='UTF-8'?>
<song xmlns="http://openlyrics.info/namespace/2009/song" version="0.8" createdIn="OpenLP 2.4.6" modifiedIn="OpenLP 2.4.6" modifiedDate="2022-11-26T23:17:41">
  <properties>
    <titles>
      <title>AFM Shona Hymn 181</title>
      <title>Hymn 181TENZI, takavaka umba yenyu</title>
    </titles>
    <authors>
      <author>AFM Hymns</author>
    </authors>
  </properties>
  <lyrics>
    <verse name="v1">
      <lines> 1.TENZI, takavaka umba yenyu,<br/>Nzvimbo umwo tinomuwombera,<br/>Takafara kuvakira imwi;<br/>Komborerai, Tenzi, basa redu. </lines>
    </verse>
    <verse name="v2">
      <lines> 2.Isu tese takabatsirana<br/>Kuivaka, vamwe ngematope,<br/>Mari, uswa, miti, mvura, mabwe.<br/>Komborerai, Tenzi, basa redu. </lines>
    </verse>
    <verse name="v3">
      <lines> 3.Ngarikudzwe zita renyu muno,<br/>Ngatidzidze nzira dzenyu, Baba,<br/>Kuti tichiite kuda kwenyu;<br/>Komborerai, Tenzi, basa redu. </lines>
    </verse>
    <verse name="v4">
      <lines> 4.Tamuteta, Mwari wekudenga,<br/>Vana vedu ngavadzidze muno,<br/>Rudo, nduramiso runyararo;<br/>Komborerai, Tenzi, basa redu. </lines>
    </verse>
    <verse name="v5">
      <lines> 5.Nhasi tinopira iyi imba<br/>Kushandira basa renyu pano,<br/>Nemakore achauya, Baba;<br/>Komborerai, Tenzi basa renyu. </lines>
    </verse>
  </lyrics>
</song>
