<?xml version='1.0' encoding='UTF-8'?>
<song xmlns="http://openlyrics.info/namespace/2009/song" version="0.8" createdIn="OpenLP 2.4.6" modifiedIn="OpenLP 2.4.6" modifiedDate="2022-11-26T23:17:41">
  <properties>
    <titles>
      <title>AFM Shona Hymn 124</title>
      <title>Hymn 124NHASIngatimutondere</title>
    </titles>
    <authors>
      <author>AFM Hymns</author>
    </authors>
  </properties>
  <lyrics>
    <verse name="v1">
      <lines> 1.NHASIngatimutondere,<br/>Uyo wakatifira vese,<br/>Ari kudaidza vese,<br/>Anovada zvirokwazvo. </lines>
    </verse>
    <verse name="v2">
      <lines> Korus<br/>Uyai zvino, uyai zvino,<br/>Uyai zvino kuna Jesu.<br/>Musamire uyai zvino<br/>Nguva yakanaka zvino. </lines>
    </verse>
    <verse name="v3">
      <lines> 2.Zvimwe mwakafamba kure<br/>Kubva nzira yakanaka,<br/>Jesu anosunungura<br/>Kuti muchitenderuka. </lines>
    </verse>
    <verse name="v4">
      <lines> 3.Jesu anondisa avo<br/>Vanochema ngezvitadzo,<br/>Avovapa mwoyo mitsva<br/>Anoita vana vake. </lines>
    </verse>
    <verse name="v5">
      <lines> 4.Tambirayi chipo chake,<br/>Munopiwa ruponiso,<br/>Tambiranyi Runyararo<br/>Nerufaro rwakanaka. </lines>
    </verse>
  </lyrics>
</song>
