<?xml version='1.0' encoding='UTF-8'?>
<song xmlns="http://openlyrics.info/namespace/2009/song" version="0.8" createdIn="OpenLP 2.4.6" modifiedIn="OpenLP 2.4.6" modifiedDate="2022-11-26T23:17:40">
  <properties>
    <titles>
      <title>AFM Shona Hymn 102</title>
      <title>Hymn 102NGONIdzaKristu Mponisi</title>
    </titles>
    <authors>
      <author>AFM Hymns</author>
    </authors>
  </properties>
  <lyrics>
    <verse name="v1">
      <lines> 1.NGONIdzaKristu Mponisi,<br/>Rudo rwaBaba vedu,<br/>Nokuwadzana koMweya,<br/>Kuve nesu kwedenga!<br/>Sezvo tose togarisana<br/>Mumwe nomumwe, Ishe;<br/>Mwoyo yedu inofara,<br/>Nenguva dzose dzedu,<br/>Amen. </lines>
    </verse>
  </lyrics>
</song>
