<?xml version='1.0' encoding='UTF-8'?>
<song xmlns="http://openlyrics.info/namespace/2009/song" version="0.8" createdIn="OpenLP 2.4.6" modifiedIn="OpenLP 2.4.6" modifiedDate="2022-11-26T23:17:40">
  <properties>
    <titles>
      <title>AFM Shona Hymn 59</title>
      <title>Hymn 59MUFUDZIndiye Jehovha</title>
    </titles>
    <authors>
      <author>AFM Hymns</author>
    </authors>
  </properties>
  <lyrics>
    <verse name="v1">
      <lines> 1.MUFUDZIndiye Jehovha,<br/>Wakandichengeta:<br/>Kushaya hakungavepo,<br/>Unovimba naye. </lines>
    </verse>
    <verse name="v2">
      <lines> 2.Pana mafuro manyoro,<br/>Ndinodyiswa napo,<br/>Ndinorara nokufara,<br/>Ndisingavhundutswe. </lines>
    </verse>
    <verse name="v3">
      <lines> 3.Unounatsa nomweya,<br/>Unouponisa;<br/>Kururama ndovanako<br/>Naiye Mufudzi. </lines>
    </verse>
    <verse name="v4">
      <lines> 4.Kana ndifambe parima,<br/>Handingatye chinhu;<br/>Nokuti iwe uneni,<br/>Unondifarisa. </lines>
    </verse>
    <verse name="v5">
      <lines> 5.Chidyiro ini ndinacho,<br/>Mberi pavavengi;<br/>Mafuta pamusoro wangu<br/>Handishayi chinhu </lines>
    </verse>
    <verse name="v6">
      <lines> 6.Kururama nedzo tsitsi,<br/>Dzinonditevera;<br/>Pane imba yaJehovha,<br/>Nokusingaperi. </lines>
    </verse>
  </lyrics>
</song>
