<?xml version='1.0' encoding='UTF-8'?>
<song xmlns="http://openlyrics.info/namespace/2009/song" version="0.8" createdIn="OpenLP 2.4.6" modifiedIn="OpenLP 2.4.6" modifiedDate="2022-11-26T23:17:41">
  <properties>
    <titles>
      <title>AFM Shona Hymn 177</title>
      <title>Hymn 177KUDENGAkwakanaka kupinda pasi pano</title>
    </titles>
    <authors>
      <author>AFM Hymns</author>
    </authors>
  </properties>
  <lyrics>
    <verse name="v1">
      <lines> 1.KUDENGAkwakanaka kupinda pasi pano.<br/>Mponesi wedu Anogara iyo,<br/>Ari kutidaidzira kuti tizogadzirira<br/>Ngeyo nzvimbo yedu yakanaka kwazvo </lines>
    </verse>
    <verse name="v2">
      <lines> Korus:<br/>Tinozoona Mponesi, tizomuchingamidza<br/>Tizogara naye nekusingaperi.<br/>Tizoona Mponesi, tizomuchingamidza<br/>Tizotonga naye nekusingaperi. </lines>
    </verse>
    <verse name="v3">
      <lines> 2.Kumsoro kwakanaka, hakuna chapaipa,<br/>Ruriyo rwizi rweupenyu iyo,<br/>Jesu Kristu, Mambo weyo, ane dendemaro rake,<br/>Asi vanhu vese vanomuwombera. </lines>
    </verse>
    <verse name="v4">
      <lines> 3.Rugwaro rwake Mwari, runotitaurira,<br/>Runakisiso rweyo rwakakomba,<br/>Runopinda zviro zvese, runopinda kutondera,<br/>Rwakagadzirirwa vanhu vakanaka. </lines>
    </verse>
    <verse name="v5">
      <lines> 4.Makwanza ayo ese aitwa ngendarama,<br/>Misivo yese yakanakisisa,<br/>Ukuri ngehwemahwe akanaka, anokosha,<br/>Zviro zvese zvinopenya nekubaka. </lines>
    </verse>
    <verse name="v6">
      <lines> 5.Zvizhinji zvakanaka zvagadzirirwa avo<br/>Vagara zvakanaka pasi pano.<br/>Mwari anotida kwazvo, tinokomborerwa ndiye.<br/>Ndizvo ngatigadzirire kuendayo. </lines>
    </verse>
  </lyrics>
</song>
