<?xml version='1.0' encoding='UTF-8'?>
<song xmlns="http://openlyrics.info/namespace/2009/song" version="0.8" createdIn="OpenLP 2.4.6" modifiedIn="OpenLP 2.4.6" modifiedDate="2022-11-26T23:17:41">
  <properties>
    <titles>
      <title>AFM Shona Hymn 158</title>
      <title>Hymn 158MWARImuri Samasimba</title>
    </titles>
    <authors>
      <author>AFM Hymns</author>
    </authors>
  </properties>
  <lyrics>
    <verse name="v1">
      <lines> 1.MWARImuri Samasimba,<br/>Mwakasika vanhu vese,<br/>Munoziva zviro zvese,<br/>Munoona nzvimbo dzese<br/>Munotonga pasi pese,<br/>Munogadza vadzimambo,<br/>Ndzvo ndinomuwombera,<br/>Ndinomutya nguva dzese. </lines>
    </verse>
    <verse name="v2">
      <lines> 2.Mune dendemaro renyu,<br/>Rinogara nokugara,<br/>Vanhu vanopera kufa<br/>Asi imwi hamuzofi;<br/>Munogara nguva dzese,<br/>Hamu sakasikwa imwi<br/>Hamuchazoperi imwi,<br/>Ndizvo ndinomuremedza. </lines>
    </verse>
    <verse name="v3">
      <lines> 3.Baba, tinoziva kuti<br/>Zviro zvese zviri zvenyu,<br/>Tiri vachengeti vazvo,<br/>Zviro zvese zvatinazvo;<br/>Munotipa ngekukohwa,<br/>Tinopiwa zvipfumbamwe<br/>Basa renyu zhinji pano<br/>Rinoita ngechegumi. </lines>
    </verse>
    <verse name="v4">
      <lines> 4.Tisanyime zviro zvake,<br/>Tinokomborerwa ndiye,<br/>Hakuchina Tenzi pasi<br/>Wakanaka kunga iye;<br/>Ndizvo ngatimuremedze,<br/>Ngatiunze zviro zvake,<br/>Tidzokese zviro zvake<br/>Kufadzisa basa rake. </lines>
    </verse>
  </lyrics>
</song>
