<?xml version='1.0' encoding='UTF-8'?>
<song xmlns="http://openlyrics.info/namespace/2009/song" version="0.8" createdIn="OpenLP 2.4.6" modifiedIn="OpenLP 2.4.6" modifiedDate="2022-11-26T23:17:40">
  <properties>
    <titles>
      <title>AFM Shona Hymn 88</title>
      <title>Hymn 88CHIRIKOchikomo kure</title>
    </titles>
    <authors>
      <author>AFM Hymns</author>
    </authors>
  </properties>
  <lyrics>
    <verse name="v1">
      <lines> 1.CHIRIKOchikomo kure<br/>Kunze kwoyo musha,<br/>Paakaroverwa Ishe,<br/>Paakatifira. </lines>
    </verse>
    <verse name="v2">
      <lines> 2.Hatizivi isu vanhu<br/>Kurwadza kwakadii;<br/>Wakarembera pamuti<br/>Nenzira yavanhu. </lines>
    </verse>
    <verse name="v3">
      <lines> 3.Wakafa kuti tipone,<br/>Tive vakanaka,<br/>Kuti tiende kudenga,<br/>Tiponeswe naye. </lines>
    </verse>
    <verse name="v4">
      <lines> 4.Pakanga pasina mumwe<br/>Wokutinunura,<br/>Ndiye wakava nesimba<br/>Kutipinza denga. </lines>
    </verse>
    <verse name="v5">
      <lines> 5.Jesu wakatida isu<br/>Tisati tamuda,<br/>Takafanira kutenda<br/>Nokumuda kwazvo. </lines>
    </verse>
  </lyrics>
</song>
