<?xml version='1.0' encoding='UTF-8'?>
<song xmlns="http://openlyrics.info/namespace/2009/song" version="0.8" createdIn="OpenLP 2.4.6" modifiedIn="OpenLP 2.4.6" modifiedDate="2022-11-26T23:17:40">
  <properties>
    <titles>
      <title>AFM Shona Hymn 36</title>
      <title>Hymn 36SIMUDZAkufunga kwedu</title>
    </titles>
    <authors>
      <author>AFM Hymns</author>
    </authors>
  </properties>
  <lyrics>
    <verse name="v1">
      <lines> 1.SIMUDZAkufunga kwedu<br/>Mweya woutsvene;<br/>Tifunge mabasa ako,<br/>Tidzidzese nawo, </lines>
    </verse>
    <verse name="v2">
      <lines> 2.Iro zuva rokuuya,<br/>Ngarisvike zvino;<br/>Kuti iwo moto wako<br/>Usvike kwatiri. </lines>
    </verse>
    <verse name="v3">
      <lines> 3.Tambanudza ndimi dzedu,<br/>Dzidzidziswe newe;<br/>Tizviteurire. </lines>
    </verse>
    <verse name="v4">
      <lines> 4.Kusangana kwamashoko,<br/>Takakumirira;<br/>Uya mweya woutsvene,<br/>Ita basa pano. </lines>
    </verse>
    <verse name="v5">
      <lines> 5.Uya nesimba zvikuru,<br/>Zadza iyi nzvimbo;<br/>Tigonzwa masimba ako<br/>Nokuita kwako. </lines>
    </verse>
    <verse name="v6">
      <lines> 6.Chikurumidza kuuya,<br/>Mweya woutsvene;<br/>Chinzwa miteuro yedu,<br/>Utiburukire. </lines>
    </verse>
  </lyrics>
</song>
