<?xml version='1.0' encoding='UTF-8'?>
<song xmlns="http://openlyrics.info/namespace/2009/song" version="0.8" createdIn="OpenLP 2.4.6" modifiedIn="OpenLP 2.4.6" modifiedDate="2022-11-26T23:17:40">
  <properties>
    <titles>
      <title>AFM Shona Hymn 99</title>
      <title>Hymn 99MUPONISItinokurumbidza</title>
    </titles>
    <authors>
      <author>AFM Hymns</author>
    </authors>
  </properties>
  <lyrics>
    <verse name="v1">
      <lines> 1.MUPONISItinokurumbidza;<br/>Rwiyo rwokupera tinoimba;<br/>Tomira pakupedzwa kwebasa,<br/>Topfugama, Utiropafadze. </lines>
    </verse>
    <verse name="v2">
      <lines> 2.Tipe ruregerero iye zvino<br/>Toenda tose kudzimba dzedu;<br/>Chengeta miromo nayo mwoyo<br/>Inokunamata pano nhasi </lines>
    </verse>
    <verse name="v3">
      <lines> 3.Tipe ruregerero pausiku,<br/>Tivhenekere tose murima,<br/>Tichengete iwe Mfudzi wedu<br/>Kurima kuchedza utione. </lines>
    </verse>
    <verse name="v4">
      <lines> 4.Tipe ruregerero, Mwari wedu.<br/>Zvinozvino namazuva ose,<br/>Kana tafa pakudenga kwako,<br/>Tipiwe newe nzwimbo kudenga. </lines>
    </verse>
  </lyrics>
</song>
