<?xml version='1.0' encoding='UTF-8'?>
<song xmlns="http://openlyrics.info/namespace/2009/song" version="0.8" createdIn="OpenLP 2.4.6" modifiedIn="OpenLP 2.4.6" modifiedDate="2022-11-26T23:17:41">
  <properties>
    <titles>
      <title>AFM Shona Hymn 142</title>
      <title>Hymn 142HAKUNAhama kupinda Jesu</title>
    </titles>
    <authors>
      <author>AFM Hymns</author>
    </authors>
  </properties>
  <lyrics>
    <verse name="v1">
      <lines> 1.HAKUNAhama kupinda Jesu,<br/>Hakunaba, hakuchina.<br/>Hakuna umwe kurapa vese,<br/>Hakunaba, hakuchina. </lines>
    </verse>
    <verse name="v2">
      <lines> Korus:<br/>Jesu ndiye shamwari yedu,<br/>Anonatsa kutungamira,<br/>Hakuna umwe kupinda Jesu,<br/>Hakunaba, hakuchina. </lines>
    </verse>
    <verse name="v3">
      <lines> 2.Hakuna mumwe mukuru zveba.<br/>Hakunaba, hakuchina.<br/>Hakuna umwe mununudziri,<br/>Hakunaba, hakuchina. </lines>
    </verse>
    <verse name="v4">
      <lines> 3.Hakuna chipo chikuru zveba,<br/>Hakunaba, hakuchina.<br/>Hakuna umwe kurapa mwoyo,<br/>Hakunaba, hakuchina. </lines>
    </verse>
    <verse name="v5">
      <lines> 4.Hakuna nguva tisingaonwi,<br/>Hakunaba, hakuchina.<br/>Hapana nzvimbo asingazivi,<br/>Hakunaba, hakuchina. </lines>
    </verse>
  </lyrics>
</song>
