<?xml version='1.0' encoding='UTF-8'?>
<song xmlns="http://openlyrics.info/namespace/2009/song" version="0.8" createdIn="OpenLP 2.4.6" modifiedIn="OpenLP 2.4.6" modifiedDate="2022-11-26T23:17:41">
  <properties>
    <titles>
      <title>AFM Shona Hymn 145</title>
      <title>Hymn 145CHINYARARA, mwoyo wangu, Jesu ndiye Mwari</title>
    </titles>
    <authors>
      <author>AFM Hymns</author>
    </authors>
  </properties>
  <lyrics>
    <verse name="v1">
      <lines> 1.CHINYARARA, mwoyo wangu, Jesu ndiye Mwari,<br/>Zviro zvese zviri pasi zvakasikwa ndiye. </lines>
    </verse>
    <verse name="v2">
      <lines> Korus:<br/>Kristu uyanyi, Kristu uyanyi,<br/>Hunde, uyai, Tenzi. </lines>
    </verse>
    <verse name="v3">
      <lines> 2.Chinyarara, mwoyo wangu, Jesu Mambo kwaye,<br/>Unotenda kuna Mwari, tenda kuna Jesu. </lines>
    </verse>
    <verse name="v4">
      <lines> 3.Chinyarara, mwoyo wangu, unokomborerwa,<br/>Haugari nguva ndefu, uchasvika denga.4.Chinyarara, mwoyo wangu, Jesu anowaka<br/>Imba yako yakanaka kune denga rake. </lines>
    </verse>
    <verse name="v5">
      <lines> 5.Chinyarara, mwoyo wangu, Jesu ndiye Mwari,<br/>Kuda kwake kwakanaka, ngakuitwe ndiwe. </lines>
    </verse>
  </lyrics>
</song>
