<?xml version='1.0' encoding='UTF-8'?>
<song xmlns="http://openlyrics.info/namespace/2009/song" version="0.8" createdIn="OpenLP 2.4.6" modifiedIn="OpenLP 2.4.6" modifiedDate="2022-11-26T23:17:40">
  <properties>
    <titles>
      <title>AFM Shona Hymn 89</title>
      <title>Hymn 89MUFUDZIndiropafadze</title>
    </titles>
    <authors>
      <author>AFM Hymns</author>
    </authors>
  </properties>
  <lyrics>
    <verse name="v1">
      <lines> 1.MUFUDZIndiropafadze,<br/>Ndiri hwayana yako;<br/>Ndichengete pausiku,<br/>Kudzamarare mangwana. </lines>
    </verse>
    <verse name="v2">
      <lines> 2.Wandiperekedza nhasi,<br/>Ndokutenda maurano;<br/>Wakandipa imba yangu,<br/>Wakandipa nokudya. </lines>
    </verse>
    <verse name="v3">
      <lines> 3.Ndiregere zvakaipa,<br/>Fadzisa hama dzangu;<br/>Ngandiendeko kudenga,<br/>Pandinoda kugara. </lines>
    </verse>
  </lyrics>
</song>
