<?xml version='1.0' encoding='UTF-8'?>
<song xmlns="http://openlyrics.info/namespace/2009/song" version="0.8" createdIn="OpenLP 2.4.6" modifiedIn="OpenLP 2.4.6" modifiedDate="2022-11-26T23:17:40">
  <properties>
    <titles>
      <title>AFM Shona Hymn 95</title>
      <title>Hymn 95NDINOKURUMBIDZAiwe</title>
    </titles>
    <authors>
      <author>AFM Hymns</author>
    </authors>
  </properties>
  <lyrics>
    <verse name="v1">
      <lines> 1.NDINOKURUMBIDZAiwe,<br/>Mwari mukuru maurano<br/>Ndivhumbatire sehuku,<br/>Nawo mapapiro ako. </lines>
    </verse>
    <verse name="v2">
      <lines> 2.Ndiregerere Jehovha<br/>Nenzira yaJesu Kristu<br/>Zvose zvakaipa zvangu<br/>Zvandaita musi uno. </lines>
    </verse>
    <verse name="v3">
      <lines> 3.Ndidzidzise iwe Mwari,<br/>Ndigere pano panyika,<br/>Ndisingatyi kufa uku<br/>Kunouya mumwe musi, </lines>
    </verse>
    <verse name="v4">
      <lines> 4.Mweya wangu ngaugare<br/>Uve newe pane rima<br/>Ngandirinde zvakanaka<br/>Kuti ndimuke nesimba </lines>
    </verse>
    <verse name="v5">
      <lines> 5.Ndichazviisa kwauri,<br/>Ndichengete Mwari wangu;<br/>Kana kuchiuya kufa,<br/>Ndipe imba yakanaka. </lines>
    </verse>
    <verse name="v6">
      <lines> 6.Ndinoda kuzvirongedza,<br/>Ndigare nomwenje wangu,<br/>Nomwenje wakabatidzwa,<br/>Ndimirire Ishe wangu. </lines>
    </verse>
    <verse name="v7">
      <lines> 7.Imi mose vapanyika,<br/>Nemiwo muri kudenga,<br/>Kurumbidzai Mwari wenyu,<br/>Mwanakomana noMweya. </lines>
    </verse>
  </lyrics>
</song>
