<?xml version='1.0' encoding='UTF-8'?>
<song xmlns="http://openlyrics.info/namespace/2009/song" version="0.8" createdIn="OpenLP 2.4.6" modifiedIn="OpenLP 2.4.6" modifiedDate="2022-11-26T23:17:41">
  <properties>
    <titles>
      <title>AFM Shona Hymn 187</title>
      <title>Hymn 187Chinjikanondirero</title>
    </titles>
    <authors>
      <author>AFM Hymns</author>
    </authors>
  </properties>
  <lyrics>
    <verse name="v1">
      <lines> 1.Chinjikanondirero<br/>Tsime rweupenyu;<br/>Rinopodza vose<br/>She vanouya kwenyu. </lines>
    </verse>
    <verse name="v2">
      <lines> Korus:<br/>Ipapo, Ipapo, Jesu ndichakudza;<br/>Kusvikira ikweyo ndichimurumbiza. </lines>
    </verse>
    <verse name="v3">
      <lines> 2.Chinjikano, ipapo<br/>Ndanga ndichihuta;<br/>Bva nenyasha ndipapo<br/>Pandakazofara. </lines>
    </verse>
    <verse name="v4">
      <lines> 3.Maratidza ipapo<br/>Tsitsi dzenyu huru;<br/>Zvino mundibetserei<br/>Kuifunga kwazvo! </lines>
    </verse>
    <verse name="v5">
      <lines> 4.Ndorambira ipapo,<br/>Ndichitenda kwoga;<br/>Pamwe handizivipo.<br/>Asi apo poga. </lines>
    </verse>
  </lyrics>
</song>
