<?xml version='1.0' encoding='UTF-8'?>
<song xmlns="http://openlyrics.info/namespace/2009/song" version="0.8" createdIn="OpenLP 2.4.6" modifiedIn="OpenLP 2.4.6" modifiedDate="2022-11-26T23:17:40">
  <properties>
    <titles>
      <title>AFM Shona Hymn 27</title>
      <title>Hymn 27IROzita raJesu</title>
    </titles>
    <authors>
      <author>AFM Hymns</author>
    </authors>
  </properties>
  <lyrics>
    <verse name="v1">
      <lines> 1.IROzita raJesu,<br/>Iguru rakakura;<br/>Rinodiwa kudenga<br/>Rinotyiwa panyika;<br/>Iguru kuvatendi,<br/>Rokudzwa nokuimba. </lines>
    </verse>
    <verse name="v2">
      <lines> 2.Iro zita raJesu,<br/>Ragamchirwa nomtadzi,<br/>Rodambura makashu<br/>ASatani okuipa;<br/>Wakatenda kwariri<br/>Wamutswa pano rufu. </lines>
    </verse>
    <verse name="v3">
      <lines> 3.Iro zita raJesu,<br/>Ndokudza iro roga;<br/>Nomusi wandoenda,<br/>Ndozoreva pakufa;<br/>Nezita rake Jesu,<br/>Ndigoenda kudenga. </lines>
    </verse>
  </lyrics>
</song>
