<?xml version='1.0' encoding='UTF-8'?>
<song xmlns="http://openlyrics.info/namespace/2009/song" version="0.8" createdIn="OpenLP 2.4.6" modifiedIn="OpenLP 2.4.6" modifiedDate="2022-11-26T23:17:41">
  <properties>
    <titles>
      <title>AFM Shona Hymn 113</title>
      <title>Hymn 113MWARIMambo wevamambo</title>
    </titles>
    <authors>
      <author>AFM Hymns</author>
    </authors>
  </properties>
  <lyrics>
    <verse name="v1">
      <lines> 1.MWARIMambo wevamambo<br/>Tenzi wevatenzi vese,<br/>Ane dendemaro rake,<br/>Anotonga vanhu vake. </lines>
    </verse>
    <verse name="v2">
      <lines> 2.Mwari anoona vese<br/>Vadzimambo nevatongi<br/>Anokomborera avo<br/>Vanoita kururama. </lines>
    </verse>
    <verse name="v3">
      <lines> 3.Vadzimambo kwese kwese<br/>Avo vanokudza Mwari<br/>Vanofadza vanhu vavo<br/>Vanozosimbiswa ndiye. </lines>
    </verse>
    <verse name="v4">
      <lines> 4.Tisashora Mwari wedu<br/>Kana vadzimambo vake<br/>Anozovatonga hake<br/>Kuda kwake kwakanaka. </lines>
    </verse>
  </lyrics>
</song>
