<?xml version='1.0' encoding='UTF-8'?>
<song xmlns="http://openlyrics.info/namespace/2009/song" version="0.8" createdIn="OpenLP 2.4.6" modifiedIn="OpenLP 2.4.6" modifiedDate="2022-11-26T23:17:40">
  <properties>
    <titles>
      <title>AFM Shona Hymn 81</title>
      <title>Hymn 81NGUVAyakanakisisa</title>
    </titles>
    <authors>
      <author>AFM Hymns</author>
    </authors>
  </properties>
  <lyrics>
    <verse name="v1">
      <lines> 1.NGUVAyakanakisisa<br/>Yokukurumbidza,<br/>Kana tadzoredzaniswa<br/>Pamsoro kudenga:<br/>Ndizvozvo tichinzwa manzwi<br/>Echisimbisiso,<br/>Chokuti kana tikafa<br/>Pane ino nyika. </lines>
    </verse>
    <verse name="v2">
      <lines> Korus<br/>Tinosangana kudenga<br/>Neropa raJesu:<br/>Nokutenda kuna Jesu<br/>Tichasanganiswa. </lines>
    </verse>
    <verse name="v3">
      <lines> 2.Kunakisa korugare<br/>Rwakasunga mwoyo:<br/>Isu kana taungana<br/>Pazita raKristu<br/>Mwanakomana waBaba<br/>Wakakomborerwa,<br/>Chifungidziro chokuti<br/>Tichasanganiswa. </lines>
    </verse>
    <verse name="v4">
      <lines> 3.Hongu, nokukurumbidza;<br/>Kukunda madzudzo;<br/>Tsoka dzedu dzakaneta<br/>Dzichayambukira<br/>Zambuko rine ndarama<br/>Pavakagarira,<br/>Avo vanotida isu,<br/>Ruripo rufaro. </lines>
    </verse>
    <verse name="v5">
      <lines> 4.Kana takatsaukaniswa<br/>Kukange kwasvika<br/>Namazuva mashomana<br/>Makore mashoma<br/>Tichava naye Mponisi,<br/>Pane idzo nzvimbo<br/>Dzatinoreverwa kunzi<br/>Tichasanganiswa. </lines>
    </verse>
  </lyrics>
</song>
