<?xml version='1.0' encoding='UTF-8'?>
<song xmlns="http://openlyrics.info/namespace/2009/song" version="0.8" createdIn="OpenLP 2.4.6" modifiedIn="OpenLP 2.4.6" modifiedDate="2022-11-26T23:17:41">
  <properties>
    <titles>
      <title>AFM Shona Hymn 178</title>
      <title>Hymn 178KUNEnyika kudenga raTenzi</title>
    </titles>
    <authors>
      <author>AFM Hymns</author>
    </authors>
  </properties>
  <lyrics>
    <verse name="v1">
      <lines> 1.KUNEnyika kudenga raTenzi,<br/>Ngerutendo tichazoiona,<br/>Kune Musha kudenga raMwari,<br/>Ngerutendo tichandougara. </lines>
    </verse>
    <verse name="v2">
      <lines> Korus:<br/>Kwakanaka ikoyo,<br/>Kune musha waBaba kumusoro,<br/>Kwakanaka ikoko,<br/>Kune musha waBaba, kumsoro. </lines>
    </verse>
    <verse name="v3">
      <lines> 2.Apo tinozofara neveyo,<br/>Tichaimba zviimbo naivo,<br/>Hatichazochemeri vanofa,<br/>Asi tinofarira zvikuru. </lines>
    </verse>
    <verse name="v4">
      <lines> 3.Tichazvipa zvitendo nembiri<br/>Kuna Baba naJesu kudenga,<br/>Toona nehama dziriyo,<br/>Uko kune upenyu narini. </lines>
    </verse>
    <verse name="v5">
      <lines> 4.Baba, tine urombo nyamusi<br/>Ngeumweni wabviswa kunesu,<br/>Nesu toda kuuya kunemwi,<br/>Kwakanaka kudenga kunemwi. </lines>
    </verse>
  </lyrics>
</song>
