<?xml version='1.0' encoding='UTF-8'?>
<song xmlns="http://openlyrics.info/namespace/2009/song" version="0.8" createdIn="OpenLP 2.4.6" modifiedIn="OpenLP 2.4.6" modifiedDate="2022-11-26T23:17:40">
  <properties>
    <titles>
      <title>AFM Shona Hymn 55</title>
      <title>Hymn 55VAZHINJIvanayo nhaka</title>
    </titles>
    <authors>
      <author>AFM Hymns</author>
    </authors>
  </properties>
  <lyrics>
    <verse name="v1">
      <lines> 1.VAZHINJIvanayo nhaka<br/>Yavanozviinzva nayo;<br/>Vazhinji vanayo pfuma<br/>Yavanozvifarisa nayo. </lines>
    </verse>
    <verse name="v2">
      <lines> 2.Handizvidzi zvipo zvako<br/>Zvohuhu upe huripo;<br/>Asi iwe Ishe Jesu<br/>Uri nhaka yangu kwazvo. </lines>
    </verse>
    <verse name="v3">
      <lines> 3.Kunyangwe ndanga ndisina<br/>Zvinhu zvoruno rugaro;<br/>Ndinewe muridzi wazvo,<br/>Ndine zvinhu zvose newe. </lines>
    </verse>
    <verse name="v4">
      <lines> 4.Kana wava wangu Jesu<br/>Ndakwana nezvinhu zvose;<br/>Nezvi zviripo ndezvangu,<br/>Nezvinouya ndezvangu. </lines>
    </verse>
    <verse name="v5">
      <lines> 5.Neino nyika ndeyangu,<br/>Nairo denga nderangu;<br/>Nahwo upenyu ndohwangu,<br/>Nokunakirwa ndokwangu. </lines>
    </verse>
    <verse name="v6">
      <lines> 6.Hahuperi uhwo upenyu,<br/>Huri nhaka yangu newe;<br/>Kunakirwa hakuperi,<br/>Kwandakawana kunewe. </lines>
    </verse>
  </lyrics>
</song>
