<?xml version='1.0' encoding='UTF-8'?>
<song xmlns="http://openlyrics.info/namespace/2009/song" version="0.8" createdIn="OpenLP 2.4.6" modifiedIn="OpenLP 2.4.6" modifiedDate="2022-11-26T23:17:41">
  <properties>
    <titles>
      <title>AFM Shona Hymn 169</title>
      <title>Hymn 169KWANGAkune mkadzi kare</title>
    </titles>
    <authors>
      <author>AFM Hymns</author>
    </authors>
  </properties>
  <lyrics>
    <verse name="v1">
      <lines> 1.KWANGAkune mkadzi kare<br/>Zita rake Dorka,<br/>Wakanga akanaka diko,<br/>Vese vakamuda. </lines>
    </verse>
    <verse name="v2">
      <lines> 2.Nemabhachi wakaruka<br/>Zvipo zvevarombo<br/>Wakadisa vanhu vese,<br/>Vese vakaziva. </lines>
    </verse>
    <verse name="v3">
      <lines> 3.Kuvarombo nevarwere<br/>Dorka waienda,<br/>Wakateurira ivo,<br/>Akavapa zvipo. </lines>
    </verse>
    <verse name="v4">
      <lines> 4.Kuti tine Mweya Mtswene,<br/>Tinodisa vese,<br/>Tinofara kubatsira<br/>Vese vanoshaya. </lines>
    </verse>
  </lyrics>
</song>
