<?xml version='1.0' encoding='UTF-8'?>
<song xmlns="http://openlyrics.info/namespace/2009/song" version="0.8" createdIn="OpenLP 2.4.6" modifiedIn="OpenLP 2.4.6" modifiedDate="2022-11-26T23:17:40">
  <properties>
    <titles>
      <title>AFM Shona Hymn 40</title>
      <title>Hymn 40PAIMBAyeGwayana raMwari</title>
    </titles>
    <authors>
      <author>AFM Hymns</author>
    </authors>
  </properties>
  <lyrics>
    <verse name="v1">
      <lines> 1.PAIMBAyeGwayana raMwari<br/>Ichiripo nzwimbo yokupinda.<br/>Pindai, pindai, nzvimbo ichiripo. </lines>
    </verse>
    <verse name="v2">
      <lines> 2.Ruripo rufaro nokuimba,<br/>Ruripo rudo rwose nengoni,<br/>Pindai, pindai, nzvimbo ichiripo. </lines>
    </verse>
    <verse name="v3">
      <lines> 3.Tinodaidzwa naiye Muridzi,<br/>Anoda kuti vose vapinde.<br/>Pindai, pindai, nzvimbo ichiripo. </lines>
    </verse>
    <verse name="v4">
      <lines> 4.Wapera musi, ravira zuva,<br/>Kwaiva nemimvuri mirefu.<br/>Pindai, pindai, nzvimbo ichiripo. </lines>
    </verse>
    <verse name="v5">
      <lines> 5.Imba yetsvitsa yoda kuzara<br/>Uchazarurirwa Mukuwasha.<br/>Pindai, pindai, nzvimbo ichiripo. </lines>
    </verse>
    <verse name="v6">
      <lines> 6.Chinjera kwazaririrwa gonhi,<br/>Kana zvichinzi, Nzvimbo haipo.<br/>Haipo, haipo, nzvimbo haipo. </lines>
    </verse>
  </lyrics>
</song>
