<?xml version='1.0' encoding='UTF-8'?>
<song xmlns="http://openlyrics.info/namespace/2009/song" version="0.8" createdIn="OpenLP 2.4.6" modifiedIn="OpenLP 2.4.6" modifiedDate="2022-11-26T23:17:40">
  <properties>
    <titles>
      <title>AFM Shona Hymn 41</title>
      <title>Hymn 41ISHEndinzwe nokufara</title>
    </titles>
    <authors>
      <author>AFM Hymns</author>
    </authors>
  </properties>
  <lyrics>
    <verse name="v1">
      <lines> 1.ISHEndinzwe nokufara<br/>Ndinzwe netsitsi dzako<br/>Dzaunopa vanhu vose<br/>Ngadziuye pandiri, pandiri </lines>
    </verse>
    <verse name="v2">
      <lines> 2.Rega kundisiya, Baba,<br/>Kana ndiri mutadzi,<br/>Ndinokuipa pamoyo,<br/>Asi uya pandiri, pandiri. </lines>
    </verse>
    <verse name="v3">
      <lines> 3.Uya pano, Muponisi!<br/>Ngandichengetwe newe;<br/>Kana uchindishevedza,<br/>Ndichauya kwauri, kwauri </lines>
    </verse>
    <verse name="v4">
      <lines> 4.Mweya Mutsvene wa Mwari!<br/>Rega Kundipfuura,<br/>Ngandione ndiri bofu,<br/>Taura izwi resimba, resimba. </lines>
    </verse>
    <verse name="v5">
      <lines> 5.Rudo rwako Mwari Baba,<br/>Ropa raIshe wangu,<br/>Nokuwadzana KwoMweya.<br/>Kungavepo kwandiri, kwandiri. </lines>
    </verse>
  </lyrics>
</song>
