<?xml version='1.0' encoding='UTF-8'?>
<song xmlns="http://openlyrics.info/namespace/2009/song" version="0.8" createdIn="OpenLP 2.4.6" modifiedIn="OpenLP 2.4.6" modifiedDate="2022-11-26T23:17:41">
  <properties>
    <titles>
      <title>AFM Shona Hymn 166</title>
      <title>Hymn 166KUEDZAkwazosvika</title>
    </titles>
    <authors>
      <author>AFM Hymns</author>
    </authors>
  </properties>
  <lyrics>
    <verse name="v1">
      <lines> 1.KUEDZAkwazosvika,<br/>Kwadzinga dima rese,<br/>Vamuka vanhu vese<br/>Kudzidza Jesu Kristu;<br/>Masoko akanaka<br/>Ouya misi yese,<br/>Ekuti vadzimambo<br/>Vanoda vafundisi. </lines>
    </verse>
    <verse name="v2">
      <lines> 2.Onanyi vanhu vcdu<br/>Vakuteura zvino,<br/>Nevamwe vari kure<br/>Vakuwombere, Jesu;<br/>Vapwere vaakuimba<br/>Zviimbo zvakanaka,<br/>Vava kuita basa<br/>RaMwari Baba wedu. </lines>
    </verse>
    <verse name="v3">
      <lines> 3.Onanyi vaavazhinji<br/>Vanoda kudzidziswa,<br/>Kufamba mune nzira<br/>Yevanhu vakanaka;<br/>Majaha nemhandara<br/>Vanoda ruponeso,<br/>VaBaba nevamai<br/>Vanoda nzira itsva. </lines>
    </verse>
    <verse name="v4">
      <lines> 4.Rwasvika ruponeso<br/>RwaMwari nyika dzese,<br/>Rwofadza kure-kure<br/>Kundudzi dzese dzese;<br/>Tapota imwi, Baba,<br/>Pamsana pake Jesu,<br/>Kuvaponesa avo<br/>Vagere mune dima. </lines>
    </verse>
  </lyrics>
</song>
