<?xml version='1.0' encoding='UTF-8'?>
<song xmlns="http://openlyrics.info/namespace/2009/song" version="0.8" createdIn="OpenLP 2.4.6" modifiedIn="OpenLP 2.4.6" modifiedDate="2022-11-26T23:17:40">
  <properties>
    <titles>
      <title>AFM Shona Hymn 107</title>
      <title>Hymn 107BABAwedu tinofara</title>
    </titles>
    <authors>
      <author>AFM Hymns</author>
    </authors>
  </properties>
  <lyrics>
    <verse name="v1">
      <lines> 1.BABAwedu tinofara<br/>Kuva pano nyamusi,<br/>Mumba yenyu nzvimbo tsvene,<br/>Kumukudza Mambo wedu:<br/>Zviro zvese zvakanaka<br/>Zvinopiwa kunesu,<br/>Kuti tese timudise<br/>Nekufara zvikuru. </lines>
    </verse>
    <verse name="v2">
      <lines> 2.Mangwanani neusiku<br/>Tinomupa zvitendo<br/>Nezvekudya nezvekunwa.<br/>Nemachira akanaka:<br/>Misi yese tinotenda<br/>Ngekudzidza zvizhinji<br/>Nekukana kwakapera.<br/>Tese takomborerwa. </lines>
    </verse>
    <verse name="v3">
      <lines> 3.Tinokoya ndimwi, Jesu,<br/>Hamusakambotadza.<br/>Hamusakatitadzira,<br/>Nguva dzese munotendwa<br/>Muri idi, muri nzira,<br/>Munovakomborera<br/>Vese avo vanomuda<br/>Nekumuteerera. </lines>
    </verse>
    <verse name="v4">
      <lines> 4.Ndizvo tinomukumbira<br/>Kuti tisandurenyi<br/>Tide zviro zvakanaka<br/>Nekuvenga zvakaipa;<br/>Baba Mtsvene, tinodisa<br/>Rudo rwenyu rwakanaka,<br/>Uwo rwakatifira. </lines>
    </verse>
    <verse name="v5">
      <lines> 5.Zvino pane nyika yedu<br/>Yozonaka zvikuru,<br/>Ruvheneko rwazosvika<br/>Vanhu vose vapfumiswa<br/>Runyararo rwakauya,<br/>Zvino tava kugara<br/>Ngerudano neukama,<br/>Tina Baba umweyo. </lines>
    </verse>
  </lyrics>
</song>
