<?xml version='1.0' encoding='UTF-8'?>
<song xmlns="http://openlyrics.info/namespace/2009/song" version="0.8" createdIn="OpenLP 2.4.6" modifiedIn="OpenLP 2.4.6" modifiedDate="2022-11-26T23:17:40">
  <properties>
    <titles>
      <title>AFM Shona Hymn 91</title>
      <title>Hymn 91MUMWEariko pamsoro:</title>
    </titles>
    <authors>
      <author>AFM Hymns</author>
    </authors>
  </properties>
  <lyrics>
    <verse name="v1">
      <lines> 1.MUMWEariko pamsoro:<br/>Anotida!<br/>Rudo rwake rwakakomba:<br/>Anotida!<br/>Hama dzedu dzinotiza,<br/>Dzimwe dzinotitambudza;<br/>Haana kutinyengedza:<br/>Anotida! </lines>
    </verse>
    <verse name="v2">
      <lines> 2.Kumuziva ndoupenyu:<br/>Anotida!<br/>Watipa zvinhu zvose:<br/>Anotida!<br/>Tanga tiri kure naye,<br/>Wakatitenga neropa;<br/>Wakatiisa kudenga:<br/>Anotida! </lines>
    </verse>
    <verse name="v3">
      <lines> 3.Jesu ndishamwari wedu:<br/>Anotida!<br/>Anoda kutifadzisa:<br/>Anotida!<br/>Mwoyo yedu inomuda<br/>Yoda kushovedzwa naye,<br/>Zvirokwazvo nechokwadi:<br/>Anotida! </lines>
    </verse>
    <verse name="v4">
      <lines> 4.Toregererwa zvakaipa:<br/>Anotida!<br/>Togokunda hondo dzedu:<br/>Anotida!<br/>Anotipa zvipo zvose,<br/>Anoda kutinakira,<br/>Achatipa noutsvene:<br/>Anotida! </lines>
    </verse>
  </lyrics>
</song>
