<?xml version='1.0' encoding='UTF-8'?>
<song xmlns="http://openlyrics.info/namespace/2009/song" version="0.8" createdIn="OpenLP 2.4.6" modifiedIn="OpenLP 2.4.6" modifiedDate="2022-11-26T23:17:41">
  <properties>
    <titles>
      <title>AFM Shona Hymn 139</title>
      <title>Hymn 139NGERUTENDOrukuru</title>
    </titles>
    <authors>
      <author>AFM Hymns</author>
    </authors>
  </properties>
  <lyrics>
    <verse name="v1">
      <lines> 1.NGERUTENDOrukuru,<br/>Ngerutendo rukuru,<br/>Ngerutendo rukuru,<br/>Vanhu vanopona ndirwo. </lines>
    </verse>
    <verse name="v2">
      <lines> 2.Rwakanakira Daniel.<br/>Saka rwandinakira. </lines>
    </verse>
    <verse name="v3">
      <lines> 3.Rwakanakira Pauro. </lines>
    </verse>
    <verse name="v4">
      <lines> 4.Rwakanakira Pita. </lines>
    </verse>
    <verse name="v5">
      <lines> 5.Rwakanakira Dorka. </lines>
    </verse>
    <verse name="v6">
      <lines> 6.Rwakanakira Ruthi. </lines>
    </verse>
    <verse name="v7">
      <lines> 7.Rwakanditenderudza. </lines>
    </verse>
    <verse name="v8">
      <lines> 8.Rwakandipa chisepe. </lines>
    </verse>
    <verse name="v9">
      <lines> 9.Rwakandipa rukundo. </lines>
    </verse>
    <verse name="v10">
      <lines> 10.Rwakandipa kuziva. </lines>
    </verse>
    <verse name="v11">
      <lines> 11.Rwakandipa ungwaru. </lines>
    </verse>
    <verse name="v12">
      <lines> 12.Rwakandipa upenyu. </lines>
    </verse>
    <verse name="v13">
      <lines> 13.Rwakandipa rufaro. </lines>
    </verse>
    <verse name="v14">
      <lines> 14.Runonditungamira. </lines>
    </verse>
    <verse name="v15">
      <lines> 15.Runondipfawisisa. </lines>
    </verse>
    <verse name="v16">
      <lines> 16.Runokwidza kudenga. </lines>
    </verse>
  </lyrics>
</song>
