<?xml version='1.0' encoding='UTF-8'?>
<song xmlns="http://openlyrics.info/namespace/2009/song" version="0.8" createdIn="OpenLP 2.4.6" modifiedIn="OpenLP 2.4.6" modifiedDate="2022-11-26T23:17:40">
  <properties>
    <titles>
      <title>AFM Shona Hymn 76</title>
      <title>Hymn 76PAMSOROpakudenga</title>
    </titles>
    <authors>
      <author>AFM Hymns</author>
    </authors>
  </properties>
  <lyrics>
    <verse name="v1">
      <lines> 1.PAMSOROpakudenga,<br/>Ndavakanaka vega,<br/>Pamsoro pakudenga,<br/>Kuna vatsvene vega. </lines>
    </verse>
    <verse name="v2">
      <lines> 2.Anoda kuendako,<br/>Ngaazviteurire;<br/>Anozogadzirirwa,<br/>NoMweya woutsvene. </lines>
    </verse>
    <verse name="v3">
      <lines> 3.Jesu wakatifira,<br/>Kuripa mhosva yedu,<br/>Kuti tiitwe vatsvene,<br/>Naiyo mweya yedu. </lines>
    </verse>
    <verse name="v4">
      <lines> 4.Kuti kana tavingwa,<br/>Norufu pano pasi,<br/>Tirege kuzorambwa,<br/>Kuenda pakudenga. </lines>
    </verse>
  </lyrics>
</song>
