<?xml version='1.0' encoding='UTF-8'?>
<song xmlns="http://openlyrics.info/namespace/2009/song" version="0.8" createdIn="OpenLP 2.4.6" modifiedIn="OpenLP 2.4.6" modifiedDate="2022-11-26T23:17:40">
  <properties>
    <titles>
      <title>AFM Shona Hymn 45</title>
      <title>Hymn 45MWARIndiri murombo</title>
    </titles>
    <authors>
      <author>AFM Hymns</author>
    </authors>
  </properties>
  <lyrics>
    <verse name="v1">
      <lines> 1.MWARIndiri murombo,<br/>Ndiri murombo wako.<br/>Mwari ndiri nherera,<br/>Ndiri nherera yako.<br/>Nezvakaipa zvangu,<br/>Zvandiita nherera. </lines>
    </verse>
    <verse name="v2">
      <lines> 2.Iwe Mwari Mutswene,<br/>Netsitsi dzako Baba,<br/>Wandipa Mwana wako<br/>Kuti azondifira,<br/>Kuti andiponese<br/>Neropa rake roga. </lines>
    </verse>
    <verse name="v3">
      <lines> 3.Iwe Mwana waMwari<br/>Chindiponisa ini,<br/>Kuzvakaipa zvangu,<br/>Ndinoremerwa kwazvo.<br/>Ndiwe Musununguri<br/>Ngandinunurwe newe. </lines>
    </verse>
    <verse name="v4">
      <lines> 4.Iwe Mwanakomana<br/>WaMwari Baba vangu,<br/>Ndiwe wakandifira<br/>Pamuchinjikwa wako.<br/>Wakaoniswa nhamu<br/>Kuti kupone ini. </lines>
    </verse>
    <verse name="v5">
      <lines> 5.Mwari ndinomutenda<br/>Jesu ndinokutenda<br/>Newe Mweya Mutsvene<br/>Muri vatatu mumwe.<br/>Ngandirumbidze kwazvo<br/>Kusingaperi Baba. </lines>
    </verse>
  </lyrics>
</song>
