<?xml version='1.0' encoding='UTF-8'?>
<song xmlns="http://openlyrics.info/namespace/2009/song" version="0.8" createdIn="OpenLP 2.4.6" modifiedIn="OpenLP 2.4.6" modifiedDate="2022-11-26T23:17:41">
  <properties>
    <titles>
      <title>AFM Shona Hymn 134</title>
      <title>Hymn 134JESUKristu ndiMponesi</title>
    </titles>
    <authors>
      <author>AFM Hymns</author>
    </authors>
  </properties>
  <lyrics>
    <verse name="v1">
      <lines> 1.JESUKristu ndiMponesi,<br/>Wakatida isu tese,<br/>Wakaunza ruponeso<br/>Kuti tese tiponeswe. </lines>
    </verse>
    <verse name="v2">
      <lines> Korus:<br/>Ndiri pano, ndiponesei,<br/>Handichadi zvakaipa.<br/>Ndoda kuva mwana wenyu<br/>Misi yese youpenyu. </lines>
    </verse>
    <verse name="v3">
      <lines> 2.Jesu Kristu ndiMponesi,<br/>Ane rudo kuvatadzi.<br/>Ona ari pamchinjiko<br/>Kutifira vanyangadzi. </lines>
    </verse>
    <verse name="v4">
      <lines> 3.Jesu Kristu ndiMponesi,<br/>Usagare neurombo,<br/>Uya zvino, uponeswe<br/>Kuti uve nerufaro. </lines>
    </verse>
    <verse name="v5">
      <lines> 4.Jesu Kristu ndiMponesi,<br/>Usazotya, uya hako,<br/>Kana wakatadza senyi,<br/>Uya hako uponeswe. </lines>
    </verse>
    <verse name="v6">
      <lines> 5.Jesu Kristu ndiMponesi,<br/>Kuti uchirasa zvese<br/>Zvakaipa zvako nhasi,<br/>Unogara naye Jesu. </lines>
    </verse>
  </lyrics>
</song>
