<?xml version='1.0' encoding='UTF-8'?>
<song xmlns="http://openlyrics.info/namespace/2009/song" version="0.8" createdIn="OpenLP 2.4.6" modifiedIn="OpenLP 2.4.6" modifiedDate="2022-11-26T23:17:40">
  <properties>
    <titles>
      <title>AFM Shona Hymn 111</title>
      <title>Hymn 111ZVINOkwakuparadzana</title>
    </titles>
    <authors>
      <author>AFM Hymns</author>
    </authors>
  </properties>
  <lyrics>
    <verse name="v1">
      <lines> 1.ZVINOkwakuparadzana,<br/>Munawanga imwi mwese,<br/>Mwari amukotse mwese<br/>Nekumupa nyasha dzake. </lines>
    </verse>
    <verse name="v2">
      <lines> 2.Zvino, Tenzi tinotenda,<br/>Mwatikomborera muno,<br/>Tinoenda tine simba,<br/>Tinofara nemwi zvino. </lines>
    </verse>
    <verse name="v3">
      <lines> 3.Zvino taa kubuda muno,<br/>Fambai nesu kwese kwese,<br/>Garai nesu nguva dzese,<br/>Simbisanyi vanhu venyu. </lines>
    </verse>
    <verse name="v4">
      <lines> 4.Ngatifambe mukunaka,<br/>Ngatiite vanhu kwavo,<br/>Tiri umwe kuna Kristu,<br/>Mwari ndiye Baba vedu. </lines>
    </verse>
    <verse name="v5">
      <lines> 5.Izwi renyu raparidzwa,<br/>Ratigutsa zvakakwana,<br/>Idi rese tagashira,<br/>Tinoita zvorareva. </lines>
    </verse>
    <verse name="v6">
      <lines> 6.Tinokudza imwi, Tenzi,<br/>Nzeve dzedu dzanzwa, Baba<br/>Taburirwa izwi renyu,<br/>Toda mwoyo inokotsa. </lines>
    </verse>
    <verse name="v7">
      <lines> 7.Tinotenda, Mwari Baba,<br/>Muri mudzidzisi wedu,<br/>Tinomutevera nhasi<br/>Nemazuva achauya. </lines>
    </verse>
  </lyrics>
</song>
