<?xml version='1.0' encoding='UTF-8'?>
<song xmlns="http://openlyrics.info/namespace/2009/song" version="0.8" createdIn="OpenLP 2.4.6" modifiedIn="OpenLP 2.4.6" modifiedDate="2022-11-26T23:17:40">
  <properties>
    <titles>
      <title>AFM Shona Hymn 31</title>
      <title>Hymn 31KRISTUWamuka nhasi! Wamuka kwazvo</title>
    </titles>
    <authors>
      <author>AFM Hymns</author>
    </authors>
  </properties>
  <lyrics>
    <verse name="v1">
      <lines> 1.KRISTUWamuka nhasi! Wamuka kwazvo!<br/>Kristu Wamuka nhasi! Wamuka kwazvo!<br/>Wakatakura kuipa kwedu,<br/>Wapedza basa rake.<br/>Wakakunda kufa, wakakunda kufa.<br/>Areruya! Areruya! Areruya! Amen. </lines>
    </verse>
    <verse name="v2">
      <lines> 2.Kristu Wamuka nhasi! Wamuka kwazvo!<br/>Kristu Wamuka nhasi! Wamuka kwazvo!<br/>Ngavafare vanhu vose.<br/>Ngavaimbe pamwe chete.<br/>Wamuka nhasi, Wamuka nhasi.<br/>Areruya! Areruya! Areruya! Amen. </lines>
    </verse>
    <verse name="v3">
      <lines> 3.Kristu Wamuka nhasi! Wamuka kwazvo!<br/>Kristu Wamuka nhasi! Wamuka kwazvo!<br/>Wakapedza basa guru,<br/>Tose takawana tsitsi,<br/>Hosana kwaAri! Hosasa kwaAri!<br/>Areruya! Areruya! Areruya! Amen. </lines>
    </verse>
    <verse name="v4">
      <lines> 4.Kristu Wamuka nhasi! Wamuka kwazvo!<br/>Kristu Wamuka nhasi! Wamuka kwazvo!<br/>Ngavaimbe vanhu vose,<br/>Ngavaimbe norufaro,<br/>Nziyo dzakanaka, nziyo dzakanaka.<br/>Areruya! Areruya! Areruya! Amen. </lines>
    </verse>
  </lyrics>
</song>
