<?xml version='1.0' encoding='UTF-8'?>
<song xmlns="http://openlyrics.info/namespace/2009/song" version="0.8" createdIn="OpenLP 2.4.6" modifiedIn="OpenLP 2.4.6" modifiedDate="2022-11-26T23:17:40">
  <properties>
    <titles>
      <title>AFM Shona Hymn 72</title>
      <title>Hymn 72WAUYA!Wauya! Mucheki mukuru</title>
    </titles>
    <authors>
      <author>AFM Hymns</author>
    </authors>
  </properties>
  <lyrics>
    <verse name="v1">
      <lines> 1WAUYA!Wauya! Mucheki mukuru,<br/>Vanhu vachaona Ishe wedenga,<br/>Vanogozomutswa vari kumakuva,<br/>Ava vaonekwe vose pakachena. </lines>
    </verse>
    <verse name="v2">
      <lines> 2.Zvinhu zvatinoona zvose zvichatsva,<br/>Makomo, mapako, zvichanyongodeka,<br/>Zuva richadzimwa mwedzi uchapera,<br/>Vakaipa vachashaya pokuvanda. </lines>
    </verse>
    <verse name="v3">
      <lines> 3.Mucheki asvike nehondo huru,<br/>Hondo inouya yavanyai vedenga;<br/>Nameso oMucheki mukuru aone,<br/>Zvinhu zvakavanda, zvinhu zvakaipa. </lines>
    </verse>
    <verse name="v4">
      <lines> 4Vatadzi vanova nokutya kukuru,<br/>Vanogodedera pameso oMucheki,<br/>Vasakarurama vachazoparadzwa,<br/>Vaiswe munzvimbo yokutambudzika. </lines>
    </verse>
    <verse name="v5">
      <lines> 5Regai zvakaipa, mutye mururame,<br/>Munzwe izwi raShe, munamate mose,<br/>Zviteurirei, mutsvake netsitsi,<br/>Inguva nazvino, uyai mugamchire. </lines>
    </verse>
  </lyrics>
</song>
