<?xml version='1.0' encoding='UTF-8'?>
<song xmlns="http://openlyrics.info/namespace/2009/song" version="0.8" createdIn="OpenLP 2.4.6" modifiedIn="OpenLP 2.4.6" modifiedDate="2022-11-26T23:17:41">
  <properties>
    <titles>
      <title>AFM Shona Hymn 125</title>
      <title>Hymn 125MURAPIari pano, chiremba wokudenga</title>
    </titles>
    <authors>
      <author>AFM Hymns</author>
    </authors>
  </properties>
  <lyrics>
    <verse name="v1">
      <lines> 1.MURAPIari pano, chiremba wokudenga,<br/>Wauya pasi pano korapa mwoyo yese. </lines>
    </verse>
    <verse name="v2">
      <lines> Korus<br/>Zita rakanaka, ngatimuimbire,<br/>Ndwiyo dzeupenyu Jesu Tenzi wangu. </lines>
    </verse>
    <verse name="v3">
      <lines> 2.Zvitadzo anobvisa, izwanyi izwi rake,<br/>Fambanyi zvakanaka, muite kuda kwake. </lines>
    </verse>
    <verse name="v4">
      <lines> 3.Hapana rimwe zita kunaka kunga Jesu,<br/>Radzinga kutya kwangu, ndokudza zita rake. </lines>
    </verse>
    <verse name="v5">
      <lines> 4.Vacheche nepwere vanoda zita rake,<br/>Vanonzwa izwi rake, vanoda basa rake. </lines>
    </verse>
    <verse name="v6">
      <lines> 5.Uyanyi, vashamwari, kudzanyi zita rake,<br/>Tauranyi ngerurimi zvikomborero zvake. </lines>
    </verse>
    <verse name="v7">
      <lines> 6.Kudenga tikasvika, tichazoona Jesu,<br/>Nekuimbira Jesu, navanhu vekudenga. </lines>
    </verse>
  </lyrics>
</song>
