<?xml version='1.0' encoding='UTF-8'?>
<song xmlns="http://openlyrics.info/namespace/2009/song" version="0.8" createdIn="OpenLP 2.4.6" modifiedIn="OpenLP 2.4.6" modifiedDate="2022-11-26T23:17:41">
  <properties>
    <titles>
      <title>AFM Shona Hymn 159</title>
      <title>Hymn 159BABA, tinounza zvipo</title>
    </titles>
    <authors>
      <author>AFM Hymns</author>
    </authors>
  </properties>
  <lyrics>
    <verse name="v1">
      <lines> 1.BABA, tinounza zvipo<br/>Zvekufadza basa renyu,<br/>Tinounza ngakufara,<br/>Takakomborerwa ndimwi;<br/>Tipei mwoyo yechisepe<br/>Kune vese varasiki,<br/>Kuti mune vane nzara<br/>Munavapa zvipo zvedu. </lines>
    </verse>
    <verse name="v2">
      <lines> 2.Asi tinotenda imwi,<br/>Tinomuimbira nasi,<br/>Hatimbokanganwi vamwe<br/>Vanogara mune dima;<br/>Torai zvipo zvedu, Baba,<br/>Tinomupa ngekufara,<br/>Tumai vafundisi nazvo,<br/>Ngavadzidze nzira dzenyu. </lines>
    </verse>
    <verse name="v3">
      <lines> 3.Zvipo zvedu zvenyamusi,<br/>Ngazviende kuvarombo,<br/>Ngazvitore rudo rwedu<br/>Kune avo vari kure;<br/>Havazivi Jesu Kristu,<br/>Havazivi ruponeso,<br/>Baba, tumai izvi zvipo<br/>Kune avo vanoshaya. </lines>
    </verse>
  </lyrics>
</song>
