<?xml version='1.0' encoding='UTF-8'?>
<song xmlns="http://openlyrics.info/namespace/2009/song" version="0.8" createdIn="OpenLP 2.4.6" modifiedIn="OpenLP 2.4.6" modifiedDate="2022-11-26T23:17:41">
  <properties>
    <titles>
      <title>AFM Shona Hymn 191</title>
      <title>Hymn 191DyaraMangwanani, mbeu dzakanana</title>
    </titles>
    <authors>
      <author>AFM Hymns</author>
    </authors>
  </properties>
  <lyrics>
    <verse name="v1">
      <lines> 1.DyaraMangwanani, mbeu dzakanana<br/>Dyara masikati namadekwana<br/>Vakushi vashoma, pabasa raMwari<br/>Tinodanwa tose, pabasa raIshe. </lines>
    </verse>
    <verse name="v2">
      <lines> Korus:<br/>Huyai navo huyai navo<br/>Vanhu varasiki, tivadzosere<br/>Huyai navo, huyai navo<br/>Vanhu varasiki tivadzosere. </lines>
    </verse>
    <verse name="v3">
      <lines> 2.Mbeu tinodyara, ndiro shoko raShe<br/>Rinotidzidzisa nzira dzedenga<br/>Rinotiradzawo Jesu somuponisi<br/>Vatadzi vese vari murima. </lines>
    </verse>
    <verse name="v4">
      <lines> 3.Tiende tidyare, tirege kuzeza<br/>Zuva rinouya tichazorora<br/>Tichapiwa tose mubairo yedu<br/>Tichafara tose nokufarawo. </lines>
    </verse>
    <verse name="v5">
      <lines> 4.Varipo vazhinji vanofamba zvavo<br/>Havana kuudzwa zvomuponisi<br/>Isu Vanyai vashe, takapiwa basa<br/>Kudzosera vese vari murima. </lines>
    </verse>
  </lyrics>
</song>
