<?xml version='1.0' encoding='UTF-8'?>
<song xmlns="http://openlyrics.info/namespace/2009/song" version="0.8" createdIn="OpenLP 2.4.6" modifiedIn="OpenLP 2.4.6" modifiedDate="2022-11-26T23:17:41">
  <properties>
    <titles>
      <title>AFM Shona Hymn 173</title>
      <title>Hymn 173PASIpano tinochema</title>
    </titles>
    <authors>
      <author>AFM Hymns</author>
    </authors>
  </properties>
  <lyrics>
    <verse name="v1">
      <lines> 1.PASIpano tinochema,<br/>Tinorwadzwa ndiSatani,<br/>Tinoenda zvirokwazvo;<br/>Tichitambudzika kwazvo;<br/>Asi tinoziva kuti,<br/>Pano handi musha wedu,<br/>Tichaenda kune nyika<br/>Kuna Baba wakanaka. </lines>
    </verse>
    <verse name="v2">
      <lines> Korus:<br/>Pano handi musha wedu,<br/>Tinoziva imwe nyika,<br/>Tinoenda ngekufara<br/>Iyo tiri kudaidzwa. </lines>
    </verse>
    <verse name="v3">
      <lines> 2.Takaiswa pasi pano<br/>NdiMusiki wedu Mwari,<br/>Kuti tizogadzirira<br/>Ngeyo nzvimbo yakanaka,<br/>Iyo Jesu akaenda<br/>Kofanira kugadzirira,<br/>Akatisiyira izwi,<br/>Ndichadzoka komutora. </lines>
    </verse>
    <verse name="v4">
      <lines> 3.Kuti tichishaya kudya<br/>Nemabvaro akanaka,<br/>Kuti hama dzativenga,<br/>Dzatituka zvirokwazvo,<br/>Tine hama yakanaka,<br/>Inopinda hama dzese<br/>Inogara pakudenga,<br/>Kufadzira nzvimbo yedu. </lines>
    </verse>
  </lyrics>
</song>
