<?xml version='1.0' encoding='UTF-8'?>
<song xmlns="http://openlyrics.info/namespace/2009/song" version="0.8" createdIn="OpenLP 2.4.6" modifiedIn="OpenLP 2.4.6" modifiedDate="2022-11-26T23:17:41">
  <properties>
    <titles>
      <title>AFM Shona Hymn 156</title>
      <title>Hymn 156BABAwangu, ndinodisa</title>
    </titles>
    <authors>
      <author>AFM Hymns</author>
    </authors>
  </properties>
  <lyrics>
    <verse name="v1">
      <lines> 1.BABAwangu, ndinodisa<br/>Kuva wakadai ndimwi,<br/>Ndinodisa mweya wenyu<br/>Kuti uchigara neni </lines>
    </verse>
    <verse name="v2">
      <lines> Korus:<br/>Munoziva nungo dzangu,<br/>Munoziva zvirokwazvo;<br/>Ndiri kukumbira zvino,<br/>Munandipindurawo. </lines>
    </verse>
    <verse name="v3">
      <lines> 2.Baba, ndinodisa kwazvo<br/>Rutendeso rwakanaka,<br/>Kuti ndinotenda imwi<br/>Nguva dzangu dzese dzese. </lines>
    </verse>
    <verse name="v4">
      <lines> 3.Baba, ndinodisa kwazvo<br/>Kuva wakatiwa ini,<br/>Kuonesa kune vamwe,<br/>Kuti tinodana senyi. </lines>
    </verse>
  </lyrics>
</song>
