<?xml version='1.0' encoding='UTF-8'?>
<song xmlns="http://openlyrics.info/namespace/2009/song" version="0.8" createdIn="OpenLP 2.4.6" modifiedIn="OpenLP 2.4.6" modifiedDate="2022-11-26T23:17:41">
  <properties>
    <titles>
      <title>AFM Shona Hymn 121</title>
      <title>Hymn 121INGIROSIdzinoimba</title>
    </titles>
    <authors>
      <author>AFM Hymns</author>
    </authors>
  </properties>
  <lyrics>
    <verse name="v1">
      <lines> 1.INGIROSIdzinoimba,<br/>Dzinokuwa nokufara,<br/>Denga rese rinofadzwa,<br/>Mazambara azarurwa;<br/>Jesu Mambo wakauya,<br/>Tenzi wevatendi vese;<br/>Haleluya kuna Jesu!<br/>Haleluya kuna Mambo! </lines>
    </verse>
    <verse name="v2">
      <lines> 2.Jesu watokwidzwa denga,<br/>Ane mbiri yakakomba,<br/>Matomupa simba rese;<br/>Wonai ari pachigaro,<br/>Jesu anotonga ega;<br/>Haleluya kuna Jesu!<br/>Haleluya kuna Mambo! </lines>
    </verse>
    <verse name="v3">
      <lines> 3.Jesu watokwidzwa denga,<br/>Kuna Baba wake iyo,<br/>Basa rake pasi pano<br/>Rakapera zvakanaka;<br/>Zvino ari kutunhidzwa<br/>Ngevatsvene vekudenga;<br/>Haleluya kuna Jesu!<br/>Haleluya kuna Mambo! </lines>
    </verse>
    <verse name="v4">
      <lines> 4.Jesu watokwidzwa denga,<br/>Zvino watogadzwa Mambo,<br/>Anotonga nechisepe,<br/>Mambo wedu wakanaka;<br/>Ngatikudze zita rake;<br/>Haleluya kuna Jesu!<br/>Haleluya kuna Mambo! </lines>
    </verse>
  </lyrics>
</song>
