<?xml version='1.0' encoding='UTF-8'?>
<song xmlns="http://openlyrics.info/namespace/2009/song" version="0.8" createdIn="OpenLP 2.4.6" modifiedIn="OpenLP 2.4.6" modifiedDate="2022-11-26T23:17:39">
  <properties>
    <titles>
      <title>AFM Shona Hymn 8</title>
      <title>Hymn 8WAKASIKAzvose zvinhu</title>
    </titles>
    <authors>
      <author>AFM Hymns</author>
    </authors>
  </properties>
  <lyrics>
    <verse name="v1">
      <lines> 1.WAKASIKAzvose zvinhu,<br/>Iwe, Mwari wega,<br/>Pasina wakayamura,<br/>Kuzviita kwako. </lines>
    </verse>
    <verse name="v2">
      <lines> 2.Aya makomo amire,<br/>Akasikwa newe;<br/>Akamira akasimba,<br/>Nokutsigwa newe. </lines>
    </verse>
    <verse name="v3">
      <lines> 3.Nayo mvura yatinonwa,<br/>Takapiwa newe;<br/>Naiko kudya kwatinodya,<br/>Takapiwa newe. </lines>
    </verse>
    <verse name="v4">
      <lines> 4.Wakasika munhu iwe,<br/>Nokufana newe;<br/>Ukavapa zvinhu zvose,<br/>Zvikavakodzera. </lines>
    </verse>
    <verse name="v5">
      <lines> 5.Kwasvika muvengi wavo,<br/>Akavabvutira;<br/>Vakusiya iwe Mwari;<br/>Vakanzwa izwi rake. </lines>
    </verse>
    <verse name="v6">
      <lines> 6.Wakati kuvaponisa,<br/>Ukaita tsitsi;<br/>Ukavapa Mwana wako,<br/>Achizovafira. </lines>
    </verse>
  </lyrics>
</song>
