<?xml version='1.0' encoding='UTF-8'?>
<song xmlns="http://openlyrics.info/namespace/2009/song" version="0.8" createdIn="OpenLP 2.4.6" modifiedIn="OpenLP 2.4.6" modifiedDate="2022-11-26T23:17:40">
  <properties>
    <titles>
      <title>AFM Shona Hymn 104</title>
      <title>Hymn 104NDIANIpane zamba</title>
    </titles>
    <authors>
      <author>AFM Hymns</author>
    </authors>
  </properties>
  <lyrics>
    <verse name="v1">
      <lines> 1.NDIANIpane zamba<br/>Vafudzi vopfugama? </lines>
    </verse>
    <verse name="v2">
      <lines> Korus<br/>Ndiye Jesu zvoshamisa<br/>Ndiye mambo wokudenga<br/>Topfugama kwaari,<br/>Mutunidzi ndiMwari. </lines>
    </verse>
    <verse name="v3">
      <lines> 2.Ndiani ane nzara<br/>Pasango ari oga? </lines>
    </verse>
    <verse name="v4">
      <lines> 3.Ndiani akapfava<br/>Nedama rakanaka? </lines>
    </verse>
    <verse name="v5">
      <lines> 4.Ndiani anorapa<br/>Vose vanorwadziwa? </lines>
    </verse>
    <verse name="v6">
      <lines> 5.Ndiani anochema<br/>Razaru buda muguva? </lines>
    </verse>
    <verse name="v7">
      <lines> 6.Ndiani vokwazisa<br/>Nedzimbo nokufara? </lines>
    </verse>
    <verse name="v8">
      <lines> 7.Ndiani ateura<br/>Pausiku mumunda? </lines>
    </verse>
    <verse name="v9">
      <lines> 8.Ndiani atifira<br/>Pamsoro pamchinjikwa? </lines>
    </verse>
    <verse name="v10">
      <lines> 9.Ndiani anomuka<br/>Isu kutinunura? </lines>
    </verse>
    <verse name="v11">
      <lines> 10.Ndiani pakudenga<br/>Anotonga nesimba? </lines>
    </verse>
  </lyrics>
</song>
