<?xml version='1.0' encoding='UTF-8'?>
<song xmlns="http://openlyrics.info/namespace/2009/song" version="0.8" createdIn="OpenLP 2.4.6" modifiedIn="OpenLP 2.4.6" modifiedDate="2022-11-26T23:17:40">
  <properties>
    <titles>
      <title>AFM Shona Hymn 23</title>
      <title>Hymn 23NGATITENDEkuna Jesu</title>
    </titles>
    <authors>
      <author>AFM Hymns</author>
    </authors>
  </properties>
  <lyrics>
    <verse name="v1">
      <lines> 1.NGATITENDEkuna Jesu,<br/>Nokuti watifira;<br/>Wakatiitira tsitsi<br/>Nokutifira kwake;<br/>Ishe, Baba!<br/>Iva netsitsi nesu. </lines>
    </verse>
    <verse name="v2">
      <lines> 2.Isu vanhu vamapofu,<br/>Wakauya kunesu;<br/>Wakatifira vanhu vose,<br/>Wakatifira mapofu;<br/>Ishe, Baba!<br/>Iva netsitsi nesu. </lines>
    </verse>
    <verse name="v3">
      <lines> 3.Vatema naivo vachena,<br/>Vatende pamwe chete;<br/>Ngavakurumbidze vese,<br/>Vaimbe kuna Ishe;<br/>Ishe, Baba!<br/>Iva netsitsi nesu. </lines>
    </verse>
  </lyrics>
</song>
