<?xml version='1.0' encoding='UTF-8'?>
<song xmlns="http://openlyrics.info/namespace/2009/song" version="0.8" createdIn="OpenLP 2.4.6" modifiedIn="OpenLP 2.4.6" modifiedDate="2022-11-26T23:17:40">
  <properties>
    <titles>
      <title>AFM Shona Hymn 110</title>
      <title>Hymn 110RADOKAzuva, garai neni, Tenzi</title>
    </titles>
    <authors>
      <author>AFM Hymns</author>
    </authors>
  </properties>
  <lyrics>
    <verse name="v1">
      <lines> 1.RADOKAzuva, garai neni, Tenzi<br/>Dima rasvika, Tenzi, gara neni,<br/>Panguva yokurara ino, Baba<br/>Ngandikotseke nekusingaperi. </lines>
    </verse>
    <verse name="v2">
      <lines> 2.Ngandimutsvake nguva dzese, Tenzi,<br/>Ngetsitsi dzenyu dzakazondipfuwa,<br/>Ngetsitsi dzenyu ndakapiwa zvese,<br/>Mudima guru, garai neni, Baba. </lines>
    </verse>
    <verse name="v3">
      <lines> 3.Handichakutyi kuipa, Baba wangu,<br/>Handina nhamo kana neurombo,<br/>Nerufu harutyisi mweya wangu,<br/>Mudima guru, garai neni, Baba. </lines>
    </verse>
    <verse name="v4">
      <lines> 4.Ngandipangudzwe nzira yakanaka,<br/>Chenanyi, Tenzi, mune mwoyo wangu,<br/>Kuedza kwenyu ngakudzinge dima,<br/>Mudima guru, garai neni, Baba. </lines>
    </verse>
    <verse name="v5">
      <lines> 5.Upenyu hwedu hunopfupisiswa,<br/>Rufaro rwedu rwuchapera pasi,<br/>Zvese zvepasi zvichatsakatika,<br/>Mudima guru, garai nei Baba </lines>
    </verse>
  </lyrics>
</song>
