<?xml version='1.0' encoding='UTF-8'?>
<song xmlns="http://openlyrics.info/namespace/2009/song" version="0.8" createdIn="OpenLP 2.4.6" modifiedIn="OpenLP 2.4.6" modifiedDate="2022-11-26T23:17:40">
  <properties>
    <titles>
      <title>AFM Shona Hymn 78</title>
      <title>Hymn 78DOMBONDIPAmeso ndione</title>
    </titles>
    <authors>
      <author>AFM Hymns</author>
    </authors>
  </properties>
  <lyrics>
    <verse name="v1">
      <lines> 1.DOMBONDIPAmeso ndione<br/>Pauzuru kudenga,<br/>Ndivaone vano utsvene,<br/>Vanofara kunashe. </lines>
    </verse>
    <verse name="v2">
      <lines> Zviya zvavaiva panyika,<br/>Vaichema misodzi,<br/>Vaimanikwa nokuedzwa,<br/>Muedzi achiedza. </lines>
    </verse>
    <verse name="v3">
      <lines> Ndakaona negwara rake,<br/>Ndikabvunza makadii?<br/>Ndiyeyo wanga watifira,<br/>Wanga wafira isu. </lines>
    </verse>
    <verse name="v4">
      <lines> Vakaona negwara rake,<br/>Raenda paupenyu;<br/>Vakafamba, pagwara rake,<br/>Vazorora kudenga. </lines>
    </verse>
    <verse name="v5">
      <lines> Ngaarumbidzwe Mtungamiri,<br/>Zvaaitungamira;<br/>Kusashaike muteveri<br/>Panero gwara rake. </lines>
    </verse>
  </lyrics>
</song>
