<?xml version='1.0' encoding='UTF-8'?>
<song xmlns="http://openlyrics.info/namespace/2009/song" version="0.8" createdIn="OpenLP 2.4.6" modifiedIn="OpenLP 2.4.6" modifiedDate="2022-11-26T23:17:40">
  <properties>
    <titles>
      <title>AFM Shona Hymn 21</title>
      <title>Hymn 21TSITSIhedzi dzamira dzega</title>
    </titles>
    <authors>
      <author>AFM Hymns</author>
    </authors>
  </properties>
  <lyrics>
    <verse name="v1">
      <lines> 1.TSITSIhedzi dzamira dzega,<br/>Nezvirwadzo zvakamira zvoga,<br/>Nengoni dzakamira dzoga,<br/>Pamuchinjikwa. </lines>
    </verse>
    <verse name="v2">
      <lines> 2.Ishe waburuka kudenga,<br/>Akazova munhu kuvanhu,<br/>Akava diramhamba redu,<br/>Pamuchinjikwa. </lines>
    </verse>
    <verse name="v3">
      <lines> 3.Rutendo rwedu rwomirepi?<br/>Kufunga kwedu kwomirepi?<br/>Norudo rwedu rwomirepi<br/>Pamuchinjikwa. </lines>
    </verse>
    <verse name="v4">
      <lines> 4.Tsaona ingaperi yose,<br/>Nemhaka dzose dzingaripwe;<br/>Zvakaipa zvinoregerwa;<br/>Pamuchinjikwa. </lines>
    </verse>
    <verse name="v5">
      <lines> 5Dzakaona ngirozi pasi,<br/>Dzakati gwanamwana pasi,<br/>Dzichiona mashure ayo!<br/>Pamuchinjikwa. </lines>
    </verse>
  </lyrics>
</song>
