<?xml version='1.0' encoding='UTF-8'?>
<song xmlns="http://openlyrics.info/namespace/2009/song" version="0.8" createdIn="OpenLP 2.4.6" modifiedIn="OpenLP 2.4.6" modifiedDate="2022-11-26T23:17:40">
  <properties>
    <titles>
      <title>AFM Shona Hymn 92</title>
      <title>Hymn 92WATIiwe Baba wedu</title>
    </titles>
    <authors>
      <author>AFM Hymns</author>
    </authors>
  </properties>
  <lyrics>
    <verse name="v1">
      <lines> 1.WATIiwe Baba wedu<br/>Kuvasika kwako vanhu,<br/>Wasika vari vaviri<br/>Murume nomusikana. </lines>
    </verse>
    <verse name="v2">
      <lines> 2.Wariburitsa iro zwi<br/>Rimire nanhasi uno,<br/>Munhu ngaachisiya baba<br/>Agare nomukadzi wake. </lines>
    </verse>
    <verse name="v3">
      <lines> 3.Naivava vatsva vedu,<br/>Murume nomusikana,<br/>Vauya kusvitswa pano<br/>Seyo tsika yezvi rako. </lines>
    </verse>
    <verse name="v4">
      <lines> 4.Vaitei vave vamwe<br/>Nokubvuma nokuita:<br/>Vati nokugara kwavo<br/>Vayamurane nokuda. </lines>
    </verse>
    <verse name="v5">
      <lines> 5.Vape simba rinokwana,<br/>Vaibate nzira yako,<br/>Namakore avo ose,<br/>Vachengete mirau, Baba. </lines>
    </verse>
  </lyrics>
</song>
