<?xml version='1.0' encoding='UTF-8'?>
<song xmlns="http://openlyrics.info/namespace/2009/song" version="0.8" createdIn="OpenLP 2.4.6" modifiedIn="OpenLP 2.4.6" modifiedDate="2022-11-26T23:17:40">
  <properties>
    <titles>
      <title>AFM Shona Hymn 37</title>
      <title>Hymn 37TINEdama rako Mwari</title>
    </titles>
    <authors>
      <author>AFM Hymns</author>
    </authors>
  </properties>
  <lyrics>
    <verse name="v1">
      <lines> 1.TINEdama rako Mwari,<br/>Noupenyu naro;<br/>Tinoziva zvakaipa,<br/>Muponisi wedu. </lines>
    </verse>
    <verse name="v2">
      <lines> 2.Rakafamba iro dama,<br/>Richafamba iro;<br/>Ose marudzi avanhu,<br/>Amirira iro. </lines>
    </verse>
    <verse name="v3">
      <lines> 3.Dzinokundwa hondo dzose.<br/>Neri dama Ishe:<br/>Ichazara nyika yese,<br/>Neri dama Ishe. </lines>
    </verse>
    <verse name="v4">
      <lines> 4.Dzose nzwizi dzapanyika<br/>Dzichafara naro;<br/>Navanhu vose venyika<br/>Vopfumiswa naro. </lines>
    </verse>
    <verse name="v5">
      <lines> 5.Dzichapera hondo dzose<br/>Nezwi rako Mwari;<br/>Kuchauya kuwadzana,<br/>Nezwi rako Mwari. </lines>
    </verse>
  </lyrics>
</song>
