<?xml version='1.0' encoding='UTF-8'?>
<song xmlns="http://openlyrics.info/namespace/2009/song" version="0.8" createdIn="OpenLP 2.4.6" modifiedIn="OpenLP 2.4.6" modifiedDate="2022-11-26T23:17:41">
  <properties>
    <titles>
      <title>AFM Shona Hymn 150</title>
      <title>Hymn 150KUITAbasa rake pano kusi kuda kwedu</title>
    </titles>
    <authors>
      <author>AFM Hymns</author>
    </authors>
  </properties>
  <lyrics>
    <verse name="v1">
      <lines> 1.KUITAbasa rake pano kusi kuda kwedu,<br/>Kumufunga misi yese, kunotibatsira. </lines>
    </verse>
    <verse name="v2">
      <lines> 2.Kufamba mune nzira iyo Jesu akafamba,<br/>Kuda zviro zvese zvake, kunotibatsira. </lines>
    </verse>
    <verse name="v3">
      <lines> 3.Kuita rudo kune vese, kunga iye Jesu,<br/>Kuzwa izwi rake dzvene, kunotibatsira. </lines>
    </verse>
    <verse name="v4">
      <lines> 4.Kufamba naMponesi wedu, kushandira vamwe,<br/>Kuremedza zita rake, kunotibatsira. </lines>
    </verse>
    <verse name="v5">
      <lines> 5.Kuziva dambudzo rake iro risi rake,<br/>Kutya Mwari zvirokwazvo, kunotibatsira. </lines>
    </verse>
    <verse name="v6">
      <lines> 6.Kuita izvi zvese zviro tiri pasi pano,<br/>Tichisvika denga dzvene, iro taitirwa. </lines>
    </verse>
    <verse name="v7">
      <lines> 7.Kudenga tinokuwa kwazvo, taponeswa isu,<br/>Kune denga tinofara, nekusingaperi. </lines>
    </verse>
  </lyrics>
</song>
