<?xml version='1.0' encoding='UTF-8'?>
<song xmlns="http://openlyrics.info/namespace/2009/song" version="0.8" createdIn="OpenLP 2.4.6" modifiedIn="OpenLP 2.4.6" modifiedDate="2022-11-26T23:17:41">
  <properties>
    <titles>
      <title>AFM Shona Hymn 129</title>
      <title>Hymn 129WAGADZIRAnhasi here</title>
    </titles>
    <authors>
      <author>AFM Hymns</author>
    </authors>
  </properties>
  <lyrics>
    <verse name="v1">
      <lines> 1.WAGADZIRAnhasi here<br/>Nzwimbo yake Muponesi<br/>Yekugara mweya wake?<br/>Wakakumirira zvino. </lines>
    </verse>
    <verse name="v2">
      <lines> Korus:<br/>Hunde ndine nzvimbo yake,<br/>Tenzi wevatenzi vese,<br/>Mwoyo wangu ndazarura<br/>Kutambira Jesu Kristu. </lines>
    </verse>
    <verse name="v3">
      <lines> 2.Mwari wakatisikira<br/>Kuva umba yekugara,<br/>Anotuma Mweya Mtsvene<br/>Kuti azogara nesu. </lines>
    </verse>
    <verse name="v4">
      <lines> 3.Une nzvimbo yake here,<br/>Uyo wakakununura?<br/>Apo wanga wakaraswa,<br/>Wakauya kokutsvaka. </lines>
    </verse>
    <verse name="v5">
      <lines> 4.Haunacho chipo kwete,<br/>Kupa kuna Mambo wako?<br/>Asi anofadzwa kwazvo<br/>Kutambira mwoyo wako. </lines>
    </verse>
    <verse name="v6">
      <lines> 5.Kuti uchimukanganwa,<br/>Ungazoponeswa senyi,<br/>Zvokusina rimwe zita<br/>Reungaponeswa ndiro. </lines>
    </verse>
  </lyrics>
</song>
