<?xml version='1.0' encoding='UTF-8'?>
<song xmlns="http://openlyrics.info/namespace/2009/song" version="0.8" createdIn="OpenLP 2.4.6" modifiedIn="OpenLP 2.4.6" modifiedDate="2022-11-26T23:17:41">
  <properties>
    <titles>
      <title>AFM Shona Hymn 147</title>
      <title>Hymn 147NDITUNGAMIRENYI, Baba</title>
    </titles>
    <authors>
      <author>AFM Hymns</author>
    </authors>
  </properties>
  <lyrics>
    <verse name="v1">
      <lines> 1.NDITUNGAMIRENYI, Baba,<br/>Nditungamirenyi kwadi,<br/>Ndinofara ndiri wenyu,<br/>Ndinomuda nguva dzese. </lines>
    </verse>
    <verse name="v2">
      <lines> Korus:<br/>Baba, Baba,<br/>Nditungamirenyi nhasi,<br/>Kuti ndisasiya nzira,<br/>Nditungamirenyi, Baba. </lines>
    </verse>
    <verse name="v3">
      <lines> 2.Muri bako rakanaka<br/>Mumadambudziko ese,<br/>Ndachengetwa ndiri wenyu,<br/>Ndinokoya rudo rwenyu. </lines>
    </verse>
    <verse name="v4">
      <lines> 3.Tenzi, nditungamirenyi<br/>Misi yese youpenyu,<br/>Kune nyika yekudenga,<br/>Kune musha wakanaka. </lines>
    </verse>
  </lyrics>
</song>
