<?xml version='1.0' encoding='UTF-8'?>
<song xmlns="http://openlyrics.info/namespace/2009/song" version="0.8" createdIn="OpenLP 2.4.6" modifiedIn="OpenLP 2.4.6" modifiedDate="2022-11-26T23:17:40">
  <properties>
    <titles>
      <title>AFM Shona Hymn 32</title>
      <title>Hymn 32TINOFARAnhasi</title>
    </titles>
    <authors>
      <author>AFM Hymns</author>
    </authors>
  </properties>
  <lyrics>
    <verse name="v1">
      <lines> 1.TINOFARAnhasi,<br/>Isu tinotenda,<br/>Tirumbidze Ishe wedu<br/>Nokumuka kwake. </lines>
    </verse>
    <verse name="v2">
      <lines> 2.Uchiri muupenyu,<br/>Nyamba wakambofa;<br/>Ndorupi rukundo guva<br/>Nesimba rokufa? </lines>
    </verse>
    <verse name="v3">
      <lines> 3.Rose basa rake,<br/>Rose wakapedza;<br/>Ruponiso waruwana,<br/>Tingapone tose. </lines>
    </verse>
    <verse name="v4">
      <lines> 4.Farai vatendi,<br/>Hoyo Mambo wenyu!<br/>Ngakuberekwe mapudzi<br/>Okutenda kwenyu. </lines>
    </verse>
    <verse name="v5">
      <lines> 5.Ikoko kudenga,<br/>Anokusuwai,<br/>Nokuti iye wamuka<br/>Newe ungamuke. </lines>
    </verse>
    <verse name="v6">
      <lines> 6.Unodiiko iwe<br/>Wakaipa wafa?<br/>Chinhu chatarirwa iwe<br/>Icho chokumuka. </lines>
    </verse>
    <verse name="v7">
      <lines> 7.Rasa nharo dzako<br/>Uya tenda iye,<br/>Dombochimuka pakufa,<br/>Unokuponisa. </lines>
    </verse>
  </lyrics>
</song>
