<?xml version='1.0' encoding='UTF-8'?>
<song xmlns="http://openlyrics.info/namespace/2009/song" version="0.8" createdIn="OpenLP 2.4.6" modifiedIn="OpenLP 2.4.6" modifiedDate="2022-11-26T23:17:40">
  <properties>
    <titles>
      <title>AFM Shona Hymn 29</title>
      <title>Hymn 29MUNUNURIndinomuda</title>
    </titles>
    <authors>
      <author>AFM Hymns</author>
    </authors>
  </properties>
  <lyrics>
    <verse name="v1">
      <lines> 1.MUNUNURIndinomuda,<br/>Kuti unondiponesa<br/>Ndinobviswa pano rufu,<br/>Ndinopinzwa paupenyu. </lines>
    </verse>
    <verse name="v2">
      <lines> 2.Mununuri ndinomuda<br/>Kuti wandiregerera;<br/>Wandiparadzira ropa,<br/>Wakaripa mhosva yangu. </lines>
    </verse>
    <verse name="v3">
      <lines> 3.Mununuri ndinomuda,<br/>Kuti wakandishambidza;<br/>Wandibisa zvakaipa,<br/>Nezvitadzo zvangu zvose. </lines>
    </verse>
    <verse name="v4">
      <lines> 4.Mununuri ndinomuda,<br/>Kuti wandivhenekera;<br/>Wabisa upofu hwose,<br/>Wandiburitsira mwenje. </lines>
    </verse>
    <verse name="v5">
      <lines> 5.Mununuri ndinomuda,<br/>Unondiperekedza<br/>Izwi rake ndiwo mwenje<br/>Wokuchenga tsoka dzangu. </lines>
    </verse>
    <verse name="v6">
      <lines> 6.Mununuri ndinomuda,<br/>Kuti unondiyamura,<br/>Kana ndiri pakurwara,<br/>Ndinosimbiswa pabasa. </lines>
    </verse>
    <verse name="v7">
      <lines> 7.Mununuri ndinomuda,<br/>Kuti uri simba rangu,<br/>Unondifadza pamwoyo,<br/>Unokunda dzose hondo. </lines>
    </verse>
    <verse name="v8">
      <lines> 8.Mununuri ndinomuda,<br/>Rakakomba zita rake:<br/>Ngandikwaniswe ini<br/>Pano rununuro rwake. </lines>
    </verse>
  </lyrics>
</song>
