<?xml version='1.0' encoding='UTF-8'?>
<song xmlns="http://openlyrics.info/namespace/2009/song" version="0.8" createdIn="OpenLP 2.4.6" modifiedIn="OpenLP 2.4.6" modifiedDate="2022-11-26T23:17:40">
  <properties>
    <titles>
      <title>AFM Shona Hymn 20</title>
      <title>Hymn 20WATAKURAkuipa Jesu</title>
    </titles>
    <authors>
      <author>AFM Hymns</author>
    </authors>
  </properties>
  <lyrics>
    <verse name="v1">
      <lines> 1.WATAKURAkuipa Jesu,<br/>kusi kuipa kwako;<br/>Ukaripa mhosva Jesu,<br/>Isi mhoswa yako. </lines>
    </verse>
    <verse name="v2">
      <lines> 2.Waiva munhu unetsitsi<br/>Usatadza Iwe;<br/>Raparara ropa rako,<br/>Wakanaka iwe. </lines>
    </verse>
    <verse name="v3">
      <lines> 3.Kudarika kwedu kwose,<br/>Kwakanyorwa newe;<br/>Nezvirandu zvedu zvose,<br/>Zvakanyorwa newe. </lines>
    </verse>
    <verse name="v4">
      <lines> 4.Taregerwa taponiswa,<br/>Nezvirwadzo zvako,<br/>Tinoshambwa pakaipa<br/>Nero ropa rako. </lines>
    </verse>
  </lyrics>
</song>
