<?xml version='1.0' encoding='UTF-8'?>
<song xmlns="http://openlyrics.info/namespace/2009/song" version="0.8" createdIn="OpenLP 2.4.6" modifiedIn="OpenLP 2.4.6" modifiedDate="2022-11-26T23:17:42">
  <properties>
    <titles>
      <title>Catholic Shona Hymn 22</title>
      <title>Hymn 22Anganzi Mururami Ndiani- I Maputsa Nezungai</title>
    </titles>
    <authors>
      <author>Catholic Hymns</author>
    </authors>
  </properties>
  <lyrics>
    <verse name="v1">
      <lines> Anganzi Mururami Ndiani- I Maputsa Nezungai </lines>
    </verse>
    <verse name="v2">
      <lines> M Anganzi mururami ndianiko?<br/>V S  Mururami munhu asingafambi asingafambi panorangana vakaipa asingamiri panzira yavatadzi<br/>B Munhu asingafa-ambi asingafambi asingafambi vakaipa-a panzira yavatadzi </lines>
    </verse>
    <verse name="v3">
      <lines> Madetembo: </lines>
    </verse>
    <verse name="v4">
      <lines> 1. Munhu anofarira mirairo yaMwari.<br/>2. Munhu anofungisisa mirairo yake masikati nousiku.<br/>3.Akafanana nomuti wakasirnwa pahova dzemvura .<br/>4.Mashizha awo haasvavi chinhu chipi nechipi chaanoita chinobudirira .<br/>5.Vakaipa havana kudaro asi vakafanana nehundi inopepereswa .<br/>6.Naizvo vakaipa havangamiri pakutongeswa.<br/>7.Navatadzi havangamiri paungano yavakarurama. </lines>
    </verse>
  </lyrics>
</song>
