<?xml version='1.0' encoding='UTF-8'?>
<song xmlns="http://openlyrics.info/namespace/2009/song" version="0.8" createdIn="OpenLP 2.4.6" modifiedIn="OpenLP 2.4.6" modifiedDate="2022-11-26T23:17:42">
  <properties>
    <titles>
      <title>Catholic Shona Hymn 13</title>
      <title>Hymn 13Alleluya Ngaakudziwe- M C. Mazorodze</title>
    </titles>
    <authors>
      <author>Catholic Hymns</author>
    </authors>
  </properties>
  <lyrics>
    <verse name="v1">
      <lines> Alleluya Ngaakudziwe- M C. Mazorodze </lines>
    </verse>
    <verse name="v2">
      <lines> M Alleluya ngaakudziwe<br/>V S Mubati wapasi pose Alleluya ngaakudziwe mubati wapasi pose<br/>B --- Ngaakudziwe ngaakudziwe --- wapasi pose </lines>
    </verse>
    <verse name="v3">
      <lines> Madetembo:<br/>1.Uyai munzwe imi mose<br/>2. Ndichakududzirai zvaakitira mweya wangu<br/>3. Wakashandura gungwa rikava nyika yakaoma<br/>4. Vakayambuka rwizi netsoka<br/>5. Anobata umambo nokusingaperi nesimba rake<br/>6. Meso ake anocherechedza ndudzi<br/>7.Rumbidzai Mwari imi vanhu<br/>8.Inzwi rokumurumbidza ngarinzwike<br/>Chorus:<br/>S Alleluya ngaakudziwe mubati wapasi pose B Alleluya ngaakudziwe --- wapasi pose </lines>
    </verse>
  </lyrics>
</song>
