<?xml version='1.0' encoding='UTF-8'?>
<song xmlns="http://openlyrics.info/namespace/2009/song" version="0.8" createdIn="OpenLP 2.4.6" modifiedIn="OpenLP 2.4.6" modifiedDate="2022-11-26T23:17:42">
  <properties>
    <titles>
      <title>Catholic Shona Hymn 78</title>
      <title>Hymn 78Endai Naye Kuna Mwari  A. Chamunorwa</title>
    </titles>
    <authors>
      <author>Catholic Hymns</author>
    </authors>
  </properties>
  <lyrics>
    <verse name="v1">
      <lines> Endai Naye Kuna Mwari  A. Chamunorwa </lines>
    </verse>
    <verse name="v2">
      <lines> M: Endai naye kuna Mwarii<br/>V: S/A Endai naye x4 kuna Mwari<br/>B Endai naye x3 kuna Mwari<br/>T Endai-hi endaii endai nayee </lines>
    </verse>
    <verse name="v3">
      <lines> Madetembo:<br/>1. Maria musande, hoyoi mwana wenyu (zita) mwana wenyu.<br/>2. Imi musande wake, nemi angere wake muchengeti, munhu wenyu uyu.<br/>3. Imi vangere navasande vose, hama yenyu iyi. Endai naye kuna Mwari.<br/>4. Imi vechizvarwa chokwababa vake makafa, muri kudenga mwana wenyu uyu.<br/>5. Imi madzibaba ake namadzitateguru ake ose muri kudenga, mwana wenyu uyu.<br/>6. Imi vechizvarwa chokwaamai vake makafa muri kudenga, mwana wenyu uyu.<br/>7. Imi madzisekuru namadzimbuya ake muri kudenga, navose vokurudzi.<br/>rwokwaamai vake makafa muri kudenga, mwana wenyu uyu.<br/>8. Imi hama dzake dzose muri kudenga makafa mwana wenyu uyu. </lines>
    </verse>
  </lyrics>
</song>
