<?xml version='1.0' encoding='UTF-8'?>
<song xmlns="http://openlyrics.info/namespace/2009/song" version="0.8" createdIn="OpenLP 2.4.6" modifiedIn="OpenLP 2.4.6" modifiedDate="2022-11-26T23:17:41">
  <properties>
    <titles>
      <title>Catholic Shona Hymn 3</title>
      <title>Hymn 3Achava nomenje anotevera kristo-C Chifana</title>
    </titles>
    <authors>
      <author>Catholic Hymns</author>
    </authors>
  </properties>
  <lyrics>
    <verse name="v1">
      <lines> Achava nomenje anotevera kristo-C Chifana </lines>
    </verse>
    <verse name="v2">
      <lines> M Achava nomwenje anotevera Kristo<br/>V SIA Anotevera Kristo-anomutevera<br/>Achava nomwenje woupenyu Alleluya<br/>B Anotevera Kristo-anomutevera<br/>Achava nomwenje-woupenyu Alleluya </lines>
    </verse>
    <verse name="v3">
      <lines> Madetembo:<br/>1. Kunyange wakarurama oda kuwa haawiswi nokuti Mwari anomutsigira noruoko rwake<br/>2. Wakarurama ana matambudziko mazhinji asi Mwari anomubatsira<br/>3. Wakadana Mwari akanzwa akamurwira panjodzi dzake dzose. </lines>
    </verse>
  </lyrics>
</song>
