<?xml version='1.0' encoding='UTF-8'?>
<song xmlns="http://openlyrics.info/namespace/2009/song" version="0.8" createdIn="OpenLP 2.4.6" modifiedIn="OpenLP 2.4.6" modifiedDate="2022-11-26T23:17:42">
  <properties>
    <titles>
      <title>Catholic Shona Hymn 54</title>
      <title>Hymn 54Burukirai Muneni Mambo - T Nyikayaramba</title>
    </titles>
    <authors>
      <author>Catholic Hymns</author>
    </authors>
  </properties>
  <lyrics>
    <verse name="v1">
      <lines> Burukirai Muneni Mambo - T Nyikayaramba </lines>
    </verse>
    <verse name="v2">
      <lines> M Burukirai muneni Mambo<br/>V SIA Mweya musande Mwari imi munopa girasiya makamboburukira muna vapositori burukirai muneni<br/>B --- Mweya musande Mwari --- girasiya --- muna vapositori burukirai muneru </lines>
    </verse>
    <verse name="v3">
      <lines> Madetembo: </lines>
    </verse>
    <verse name="v4">
      <lines> 1.Uyai mweya musande, vhenekai mweya wangu<br/>2.Ndizive zvakanaka, nditize zvakaipa<br/>3.Uyai kundibatsira, ndipei girasiya renyu<br/>4.Mweya wakasimbisa moyo yavapositori<br/>5.Wakamutsa munavo, moyo isingavhunduki<br/>6.Simbisai moyo wangu ndipeiwo mwoyo mukuru </lines>
    </verse>
  </lyrics>
</song>
