<?xml version='1.0' encoding='UTF-8'?>
<song xmlns="http://openlyrics.info/namespace/2009/song" version="0.8" createdIn="OpenLP 2.4.6" modifiedIn="OpenLP 2.4.6" modifiedDate="2022-11-26T23:17:42">
  <properties>
    <titles>
      <title>Catholic Shona Hymn 46</title>
      <title>Hymn 46Baba Vedu Muri Kudenga- A. Shamu Maurufzge</title>
    </titles>
    <authors>
      <author>Catholic Hymns</author>
    </authors>
  </properties>
  <lyrics>
    <verse name="v1">
      <lines> Baba Vedu Muri Kudenga- A. Shamu Maurufzge </lines>
    </verse>
    <verse name="v2">
      <lines> M Baba vedu muri kudenga<br/>V All Zita renyu ngarinamatwe, umambo hwenyu ngahusvike, kuda kwenyu ngakuitwe<br/>M Pasisokudenga<br/>V All Zita renyu ngarinamatwe, umambo hwenyu ngahusvike kuda kwenyu ngakuitwe </lines>
    </verse>
    <verse name="v3">
      <lines> Tipeiwo nhasi Kudya kwedu kwezuva mutiregerewo zvatakakutadzirai Sokuregerera Kwatinoita ... Sokuregerera Vakatitadzira .... Musatirege tichiwira Mune zvinotiedza, asi mutinunure kune zvakaipa </lines>
    </verse>
  </lyrics>
</song>
