<?xml version='1.0' encoding='UTF-8'?>
<song xmlns="http://openlyrics.info/namespace/2009/song" version="0.8" createdIn="OpenLP 2.4.6" modifiedIn="OpenLP 2.4.6" modifiedDate="2022-11-26T23:17:42">
  <properties>
    <titles>
      <title>Catholic Shona Hymn 58</title>
      <title>Hymn 58Chiiko Chingatiparadzanisa Norudo RwaMwari- W.S. Chirove</title>
    </titles>
    <authors>
      <author>Catholic Hymns</author>
    </authors>
  </properties>
  <lyrics>
    <verse name="v1">
      <lines> Chiiko Chingatiparadzanisa Norudo RwaMwari- W.S. Chirove </lines>
    </verse>
    <verse name="v2">
      <lines> M SIA Chiik:o chingatiparadzanisa norudo rwaMwari<br/>V: All Kungavakutambudzikaherekuvengwa-nhamoho-kanakutirufu<br/>M S/A Tingaparadzaniswa neiko norudo rwaMwari?<br/>V All Ingava nzara here, kushaiwa zvekufuka, kurwara nokurwarirwa-a kana kutirufu </lines>
    </verse>
    <verse name="v3">
      <lines> Madetembo: </lines>
    </verse>
    <verse name="v4">
      <lines> 1. Kunyange rufu kana kutambudzika hazvingatiparadzanisi norudo rwaMwari<br/>2. Kunyange nhamo kana kuvengwa hazvingatiparadzanisi norudo rwaMwari<br/>3. Kunyange nzara kana kurwarirwa hazvingatiparadzanisi norudo rwaMwari<br/>4. Kunyange kurwara kana kushaiwa zvekufuka hazvingatiparadzanisi norudo rwaMwari<br/>5. Kunyange zvazvino kana zvinouya hazvingatiparadzanisi norudo rwaMwari </lines>
    </verse>
    <verse name="v5">
      <lines> Chorus: </lines>
    </verse>
    <verse name="v6">
      <lines> SIA Kwete kwete kwe-te pazvinhu- izvi zvo-se tiri vakundi- kupfuurisa nokuna iye wakatida- nokuna iye Yesu Kristo<br/>B --- Kwete kwete kwee-te pazvinhu izvi zvo-se tiri vakundi kupfuurisa nokuna iye wakatida, nokuna iye Yesu Kristo </lines>
    </verse>
  </lyrics>
</song>
