<?xml version='1.0' encoding='UTF-8'?>
<song xmlns="http://openlyrics.info/namespace/2009/song" version="0.8" createdIn="OpenLP 2.4.6" modifiedIn="OpenLP 2.4.6" modifiedDate="2022-11-26T23:17:42">
  <properties>
    <titles>
      <title>Catholic Shona Hymn 35</title>
      <title>Hymn 35Baba Ndinokumbira Utsvene- V.Kudumba</title>
    </titles>
    <authors>
      <author>Catholic Hymns</author>
    </authors>
  </properties>
  <lyrics>
    <verse name="v1">
      <lines> Baba Ndinokumbira Utsvene- V.Kudumba </lines>
    </verse>
    <verse name="v2">
      <lines> M Baba ndinokumbira utsvene murupenyu rwangu<br/>V SIA Ndipeiwo simba -- kuti ndigone kuchengetedza utsvene nokuti utsvene hunofadza Mwari, ndihwo ndaza nokusingaperi<br/>B Mwari Mambo --- ndipeiwo simba kuti ndigone kuchengeta u-tsve-ne, muuduku hwangu nomurupenyu rwangu rwose -ndaza inobwinya kwazvo nokusingaperi </lines>
    </verse>
    <verse name="v3">
      <lines> Madetembo: </lines>
    </verse>
    <verse name="v4">
      <lines> l .Mwenje woutsvene ngaurambe uchingopfuta mandiri, nomunyika yose<br/>2.Kana pasina mafuta egirasiya renyu, mwenje ungadzimwa nemhepo yezviedzo<br/>3.Satani anoziva chose kudzima mwenje woutsvene mu-mu-nhu<br/>4.Zvigova zvik:u.kutu kuti amukezve, murupenyu rwechitendero </lines>
    </verse>
    <verse name="v5">
      <lines> Chorus: </lines>
    </verse>
    <verse name="v6">
      <lines> S/AJT Ndibatsirei kuti ndirege kurasa utsvene -- Ndinokumbira rubatsiro rwenyu, muzita raJesu -- Mambo wedu.<br/>B Ndibatsirei ndirege kurasa utsvene ndinokumbira rubatsiro -- Muzita raYesu Kristo Mambo wedu . </lines>
    </verse>
  </lyrics>
</song>
