<?xml version='1.0' encoding='UTF-8'?>
<song xmlns="http://openlyrics.info/namespace/2009/song" version="0.8" createdIn="OpenLP 2.4.6" modifiedIn="OpenLP 2.4.6" modifiedDate="2022-11-26T23:17:42">
  <properties>
    <titles>
      <title>Catholic Shona Hymn 36</title>
      <title>Hymn 36M  SIA Baba ndinokutendai</title>
    </titles>
    <authors>
      <author>Catholic Hymns</author>
    </authors>
  </properties>
  <lyrics>
    <verse name="v1">
      <lines> M  SIA Baba ndinokutendai<br/>V. S!A Mandiburitsa munjo-odzi Baba ndinoziva ndakakutadzirai kazhinji ndinokodzera kurangwa asi imi hamutsividzi.<br/>Bff Mandiburitsa munjo-odzi Baba ndinoziva ndakakutadzirai kazhinji ndinokodzera kurangwa --- hamutsividzi .<br/>Madetembo:<br/>l.Kutenda kuburitswa munjo-odzi ngakundifundise kuregerera.<br/>2. Kundiburitsa kwenyu munjodzi iyi ngakundifundise kuregerera nokukanganwira vamwe vangu.<br/>3. Mwari mune tsistsi ndipeiwo mwoyo Iilunyoro .<br/>Chorus:<br/>SIA Baba ndinotenda Baba ndinotenda Baba ndinotenda mandiburitsa munjodzi.<br/>Bff -- Baba ndinotenda Baba ndinotenda ndinotenda mandiburitsa munjodzi. </lines>
    </verse>
  </lyrics>
</song>
