<?xml version='1.0' encoding='UTF-8'?>
<song xmlns="http://openlyrics.info/namespace/2009/song" version="0.8" createdIn="OpenLP 2.4.6" modifiedIn="OpenLP 2.4.6" modifiedDate="2022-11-26T23:17:42">
  <properties>
    <titles>
      <title>Catholic Shona Hymn 31</title>
      <title>Hymn 31Anoti Mambo- T. Ruvadiki Kamundiya</title>
    </titles>
    <authors>
      <author>Catholic Hymns</author>
    </authors>
  </properties>
  <lyrics>
    <verse name="v1">
      <lines> Anoti Mambo- T. Ruvadiki Kamundiya </lines>
    </verse>
    <verse name="v2">
      <lines> M S/A Anoti Mambo<br/>V SIA Ndinoda rudo kwete muteuro --- Kana vava mukutambudzika vachanditsvaga --- Uyai tidzokere kuna Mambo -Ndiye wak:atimwaura --- asi achatiporesa, acbatidzorera hupenyu kuti tigorarama tava vak:e chose.<br/>B: Ndinoda rudo kwete muteuro, Mambo a-no-ti -- mukutambudzika vachanditsvaga, Huyai --- tidzokere kuna Mambo, Nokuti ndiye wak:atimwaura, Nyak:utirova --- achatiporesa, achatidzorera hupenyu kuti tigorarama tava vak:e chose. </lines>
    </verse>
    <verse name="v3">
      <lines> Madetembo: </lines>
    </verse>
    <verse name="v4">
      <lines> l.Rudo rwenyu runenge gore ramangwanani<br/>2.Runenge dova rinokurumidza kuomeswa nezuva<br/>3.Ndosak:a ndak:avarova namaoko amaporofita<br/>4.Ndak:ava-u -ra-ya namazwi omuromo wangu<br/>5.Nokuti ndinoda rudo kwete miteuro<br/>6.Ndinoda ruzivo rwezvaMwari kwete mipiro inopiswa </lines>
    </verse>
  </lyrics>
</song>
