<?xml version='1.0' encoding='UTF-8'?>
<song xmlns="http://openlyrics.info/namespace/2009/song" version="0.8" createdIn="OpenLP 2.4.6" modifiedIn="OpenLP 2.4.6" modifiedDate="2022-11-26T23:33:13">
  <properties>
    <titles>
      <title>Catholic Shona Hymn 49</title>
      <title>Hymn 49Baba Vedu Yosefa -A.Mugabe</title>
    </titles>
    <authors>
      <author>Catholic Hymns</author>
    </authors>
  </properties>
  <lyrics>
    <verse name="v1">
      <lines> Baba Vedu Yosefa -A.Mugabe </lines>
    </verse>
    <verse name="v2">
      <lines> M Baba vedu Yosefa </lines>
    </verse>
    <verse name="v3">
      <lines> Kudavira and Chorus: </lines>
    </verse>
    <verse name="v4">
      <lines> SIA Yosefa tinotarisira kunemi tichikumbira kurevererwa nemi-i pana zvose zvatinoshaya<br/>B Baba tinotarisira kunemi-i kurevererwa nemi panazvose zvatinoshaya </lines>
    </verse>
    <verse name="v5">
      <lines> Madetembo: </lines>
    </verse>
    <verse name="v6">
      <lines> l.Imi muchengeti wakasimba kwazvo Yosefa Musande.<br/>2. Imi makachenjera kwazvo mukuchengeta rnhuri sande tibatsireiwo mukuchengeta mhuri dzedu.<br/>3. Tirevereiwo tigofa norufu rwakanaka tigowana mufaro kudenga. </lines>
    </verse>
  </lyrics>
</song>
