<?xml version='1.0' encoding='UTF-8'?>
<song xmlns="http://openlyrics.info/namespace/2009/song" version="0.8" createdIn="OpenLP 2.4.6" modifiedIn="OpenLP 2.4.6" modifiedDate="2022-11-26T23:17:42">
  <properties>
    <titles>
      <title>Catholic Shona Hymn 57</title>
      <title>Hymn 57Chiedza Chingawirirane seiko nerima</title>
    </titles>
    <authors>
      <author>Catholic Hymns</author>
    </authors>
  </properties>
  <lyrics>
    <verse name="v1">
      <lines> Chiedza Chingawirirane seiko nerima </lines>
    </verse>
    <verse name="v2">
      <lines> M S/A Chiedza chingawirirana seiko-o nerima<br/>v.- SIA Ko kururama - seiko uyezve munhu imba yaMwari-i sokutaura iye iye achiti (x2)<br/>BIT --- Kungabatanidzana-a nezvisakarurama anotenda mupenyu kwaakaita iye Mwari achiti, Mwari achiti (x2)<br/>SIAIT Musabata chinhu chakan'ora kuitira kuti ini ndigokugamuchirai (x2)<br/>B Musabata musabata musabata kuti ini gamuchirai (x2)<br/>Madetembo:<br/>l.Ndichagara mavari ndichagara ndichifamba ndichifamba mukati mavo.<br/>2.Ndichava Mwari wavo-o naivawo vachava vanhu vangu.<br/>3. Saka zvino imi chibvai mabuda mukati mavo muzvitsaure ndizvo zvinotaura Tenzi.<br/>4. Musabata chinhu chakan'ora kuitira kuti ndigokugamuchirai. 5. Ndichava Baba venyu nemiwo muchava vanakomana vangu navanasikana vangu.<br/>Chorus:<br/>T Zvino vadikanwa zvipikirwa zvakadai uyai tizvichenure -e zvinon'oresa -a titsvake nokudawo kokugara nokuda-a tichitya Mwari<br/>A Vadikanwa zvipikirwa zvakadai uyai tizvichenure-e zvinon'oresa-a titsvake nokudawo kokugara nokuda-a tichitya Mwari<br/>SIB Zvatine zvipikirwa zvakadai chiuyaiwo pana zvose muviri nomweya kuva vanhu vatsvene nokudawo kokugara nokuda-a tichitya Mwari. </lines>
    </verse>
  </lyrics>
</song>
