<?xml version='1.0' encoding='UTF-8'?>
<song xmlns="http://openlyrics.info/namespace/2009/song" version="0.8" createdIn="OpenLP 2.4.6" modifiedIn="OpenLP 2.4.6" modifiedDate="2022-11-26T23:17:42">
  <properties>
    <titles>
      <title>Catholic Shona Hymn 32</title>
      <title>Hymn 32Anotonga Kristo Ndiye Mambo - T. Nyoni</title>
    </titles>
    <authors>
      <author>Catholic Hymns</author>
    </authors>
  </properties>
  <lyrics>
    <verse name="v1">
      <lines> Anotonga Kristo Ndiye Mambo - T. Nyoni </lines>
    </verse>
    <verse name="v2">
      <lines> M Anotonga Kristo ndiye Mambo<br/>V All Kristo anokunda anotonga Kristo ndiye Mambo </lines>
    </verse>
    <verse name="v3">
      <lines> Madetembo: </lines>
    </verse>
    <verse name="v4">
      <lines> l.Anoisa rugare munyika yak:e<br/>2.Anogutisa nechidyo chak:anak:a<br/>3.Anotema mirairo yak:e panyika<br/>4.Shoko rake rinoenda kose </lines>
    </verse>
    <verse name="v5">
      <lines> Chorus: </lines>
    </verse>
    <verse name="v6">
      <lines> B Rumbidza Mambo Jerusarema --- rumbidza -- iwe Zioni<br/>SIA -- Iwe Jurusarema rumbidza Mwari wako iwe Zioni </lines>
    </verse>
  </lyrics>
</song>
