<?xml version='1.0' encoding='UTF-8'?>
<song xmlns="http://openlyrics.info/namespace/2009/song" version="0.8" createdIn="OpenLP 2.4.6" modifiedIn="OpenLP 2.4.6" modifiedDate="2022-11-26T23:17:42">
  <properties>
    <titles>
      <title>Catholic Shona Hymn 25</title>
      <title>Hymn 25Anobata Ushe- Sr Perpetua Muza (Holy Cross)</title>
    </titles>
    <authors>
      <author>Catholic Hymns</author>
    </authors>
  </properties>
  <lyrics>
    <verse name="v1">
      <lines> Anobata Ushe- Sr Perpetua Muza (Holy Cross) </lines>
    </verse>
    <verse name="v2">
      <lines> M: Anobata ushe Mambo Yesu<br/>V SIA Nyika yakafara areruya, Mambo Yesu anobata ushe nyika yakafara, nyik.a yakafara<br/>B --- Nyika yakafara --- anobata ushe --- Mambo nyika yakafara </lines>
    </verse>
    <verse name="v3">
      <lines> Madetembo: </lines>
    </verse>
    <verse name="v4">
      <lines> 1. Ndudzi dzose dzichatya zita rake. Anobata ushe ...<br/>2. Iye akafuka umambo . Anobata ushe ...<br/>3. Denga rinoparidza kururama kwake. Anobata ushe . ..<br/>4.Marudzi ose achaona mbiri yake . Anobata ushe . .. </lines>
    </verse>
  </lyrics>
</song>
