<?xml version='1.0' encoding='UTF-8'?>
<song xmlns="http://openlyrics.info/namespace/2009/song" version="0.8" createdIn="OpenLP 2.4.6" modifiedIn="OpenLP 2.4.6" modifiedDate="2022-11-26T23:17:42">
  <properties>
    <titles>
      <title>Catholic Shona Hymn 45</title>
      <title>Hymn 45Baba Vedu Muri Kudenga- C.T. Mujuru</title>
    </titles>
    <authors>
      <author>Catholic Hymns</author>
    </authors>
  </properties>
  <lyrics>
    <verse name="v1">
      <lines> Baba Vedu Muri Kudenga- C.T. Mujuru </lines>
    </verse>
    <verse name="v2">
      <lines> M Baba vedu muri kudenga<br/>V All Baba vedu muri kudenga, zita renyu ngarinamatwe, umambo hwenyu ngahusvike, kuda kwenyu ngakuitwe </lines>
    </verse>
    <verse name="v3">
      <lines> Madetembo: </lines>
    </verse>
    <verse name="v4">
      <lines> 1. Tipeiwo nhasi kudya kwedu kwezuva<br/>2. Mutiregerereiwo zvatakakutadzirai<br/>3. Sokuregerera kwatinoita<br/>4. Vakatitadzira </lines>
    </verse>
    <verse name="v5">
      <lines> Chorus: </lines>
    </verse>
    <verse name="v6">
      <lines> All Musatirega tichiwira mune zvinotiedza asi mutinunure kune zvakaipa </lines>
    </verse>
  </lyrics>
</song>
