<?xml version='1.0' encoding='UTF-8'?>
<song xmlns="http://openlyrics.info/namespace/2009/song" version="0.8" createdIn="OpenLP 2.4.6" modifiedIn="OpenLP 2.4.6" modifiedDate="2022-11-26T23:17:42">
  <properties>
    <titles>
      <title>Catholic Shona Hymn 11</title>
      <title>Hymn 11Alleluya Mambo Tauya- T.M Dunduru</title>
    </titles>
    <authors>
      <author>Catholic Hymns</author>
    </authors>
  </properties>
  <lyrics>
    <verse name="v1">
      <lines> Alleluya Mambo Tauya- T.M Dunduru </lines>
    </verse>
    <verse name="v2">
      <lines> M Alleluya Mambo tauya.<br/>V. All Kuzopfugamiraa kuzopfugamira Mambo nezvipo zvomupiro. </lines>
    </verse>
    <verse name="v3">
      <lines> Madetembo:<br/>1. Uyai munzwe imi mose<br/>2. Ndichakududzirai zvaakaitira mweya wangu.<br/>3. Wakashandura gungwa rikava nyika yakaoma.<br/>4. Vakayambuka rwizi netsoka.<br/>5. Anobata umambo nekusingaperi nesirnba rake.<br/>6. Meso ake anocherechedza ndudzi.<br/>7. Rumbidzai Mwari imi vanhu.<br/>8. Izwi rokurumbidza ngarinzwikwe.<br/>9. lye anopa mweya yedu rupenyu .<br/>10. Asingatenderi tsoka dzedu kuti dzitedzemuke.<br/>11.Ndakachema kwaari nomuromo wangu.<br/>12.Akarumbidzwa zvikuru norurimi rwangu .<br/>13.Izwi rake akava munhu ndokugara nesu.<br/>Chorus:<br/>s Tauya Mambo alleluya nezvipo zvomupiro .<br/>B Tauya Mambo nezvipo zvomupiro </lines>
    </verse>
  </lyrics>
</song>
