<?xml version='1.0' encoding='UTF-8'?>
<song xmlns="http://openlyrics.info/namespace/2009/song" version="0.8" createdIn="OpenLP 2.4.6" modifiedIn="OpenLP 2.4.6" modifiedDate="2022-11-26T23:17:42">
  <properties>
    <titles>
      <title>Catholic Shona Hymn 72</title>
      <title>Hymn 72Dai Maitiro Angu Agova Akarurama- M Matondo M</title>
    </titles>
    <authors>
      <author>Catholic Hymns</author>
    </authors>
  </properties>
  <lyrics>
    <verse name="v1">
      <lines> Dai Maitiro Angu Agova Akarurama- M Matondo M </lines>
    </verse>
    <verse name="v2">
      <lines> SIA Dai maitiro angu agova akarurama<br/>V SIA Vakakomborerwa zvavo vane upenyu husina chinoshoreka vanofarnba zviri pamute-mo waTenzi<br/>B: Vakakomborerwa vakakomborerwa vanofamba zviri pamute-mo waTenzi </lines>
    </verse>
    <verse name="v3">
      <lines> Madetembo: </lines>
    </verse>
    <verse name="v4">
      <lines> l.Ndichakurumbidzai nomoyo uri pachokwadi pandinodzidza zvirongwa zvenyu zvakarurama. Dai --<br/>2.Makati mitemo yenyu ichengetwe itai kuti ndirege kutsauka. Dai --<br/>3.Ndichachengeta mitemo yenyu musandirase zvachose. Dai --- </lines>
    </verse>
  </lyrics>
</song>
