<?xml version='1.0' encoding='UTF-8'?>
<song xmlns="http://openlyrics.info/namespace/2009/song" version="0.8" createdIn="OpenLP 2.4.6" modifiedIn="OpenLP 2.4.6" modifiedDate="2022-11-26T23:17:41">
  <properties>
    <titles>
      <title>Catholic Shona Hymn 6</title>
      <title>Hymn 6Akakomborerwa NaMambo- I. Maputsa Nezungai</title>
    </titles>
    <authors>
      <author>Catholic Hymns</author>
    </authors>
  </properties>
  <lyrics>
    <verse name="v1">
      <lines> Akakomborerwa NaMambo- I. Maputsa Nezungai </lines>
    </verse>
    <verse name="v2">
      <lines> M Akakomborerwa naMambo<br/>V. S Akakomborerwa naMambo akaregererwa matadzo ake akaregererwa mhosva dzake dzose dzose naMambo.<br/>B --- Komborerwa naMambo akaregererwa matadzo ake mhosva dzake dzose dzose naMambo. </lines>
    </verse>
    <verse name="v3">
      <lines> Madetembo:<br/>1.Akakomborerwa munhu asinganzi akaipa naMarnbo<br/>2.lye asinokunyengera paMweya wake<br/>3.Nenguva yandakaramba ndinyerere mapfupa angu akarukutika<br/>4.Mwoyo wangu wakachema nguva dzose.<br/>5. Nokuti ruwoko rwenyu Mambo rwakanga ruchidzvinya .<br/>6. Pamusoro pangu siku nesikati.<br/>7. Asi zvino ndareurura matadzo angu handina kuvanza rnhosva dzangu .<br/>8. Ndirni ruvando rwangu Mambo munondichengeta kuti ndirege kuwira munhamo.<br/>Chorus: All: Saka vose --- vakarurama ngavarambire kwamuri Mambo panguva yokutambudzika kwavo </lines>
    </verse>
  </lyrics>
</song>
