<?xml version='1.0' encoding='UTF-8'?>
<song xmlns="http://openlyrics.info/namespace/2009/song" version="0.8" createdIn="OpenLP 2.4.6" modifiedIn="OpenLP 2.4.6" modifiedDate="2022-11-26T23:17:42">
  <properties>
    <titles>
      <title>Catholic Shona Hymn 47</title>
      <title>Hymn 47Baba Vedu Muri Kudenga -S. Nyamajenjere</title>
    </titles>
    <authors>
      <author>Catholic Hymns</author>
    </authors>
  </properties>
  <lyrics>
    <verse name="v1">
      <lines> Baba Vedu Muri Kudenga -S. Nyamajenjere </lines>
    </verse>
    <verse name="v2">
      <lines> M Baba vedu muri kudenga<br/>V All Zita renyu ngarinamatwe, Baba vedu muri kudenga, Baba vedu muri kudenga, zita renyu, ngarinamatwe<br/>Madetembo:<br/>1.Umambo hwenyu ngahusvike, ngahusvike Baba ...<br/>2.Kuda kwenyu ngakuitwe pasi sokudenga ...<br/>3.Tipeiwo nhasi kudya kwedu kwezuva ...<br/>4.Mutiregerereiwo zvatakakutadzirai ...<br/>5. Sokuregerera kwatinoita vakatitadzira . ..<br/>6.Musatirega tichiwira mune zvinotiedza ...<br/>7.Asi mutinunure kune zvakaipa Amen ...<br/>Chorus:<br/>All Zita renyu Baba --- Baba ngarinamatwe ... </lines>
    </verse>
  </lyrics>
</song>
