<?xml version='1.0' encoding='UTF-8'?>
<song xmlns="http://openlyrics.info/namespace/2009/song" version="0.8" createdIn="OpenLP 2.4.6" modifiedIn="OpenLP 2.4.6" modifiedDate="2022-11-26T23:17:42">
  <properties>
    <titles>
      <title>Catholic Shona Hymn 29</title>
      <title>Hymn 29Anotevera Yesu -M Makamure</title>
    </titles>
    <authors>
      <author>Catholic Hymns</author>
    </authors>
  </properties>
  <lyrics>
    <verse name="v1">
      <lines> Anotevera Yesu -M Makamure </lines>
    </verse>
    <verse name="v2">
      <lines> M Anotevera<br/>V All Anotevera Yesu sto achava nomwenje<br/>M Achava nomwenje<br/>V. All Worupenyu Alleluya </lines>
    </verse>
    <verse name="v3">
      <lines> Madetembo: </lines>
    </verse>
    <verse name="v4">
      <lines> l.Kunyange wakarurama woda kuwa haawiswi nokuti Mwari anomutsigira noruoko rwake.<br/>2.Wak:arurama ana matambudziko mazhinji asi Mwari anomubatsira.<br/>3.Wak:adana Mwari ak:amunzwa ak:amurwira panjodzi dzak:e dzose. </lines>
    </verse>
  </lyrics>
</song>
