<?xml version='1.0' encoding='UTF-8'?>
<song xmlns="http://openlyrics.info/namespace/2009/song" version="0.8" createdIn="OpenLP 2.4.6" modifiedIn="OpenLP 2.4.6" modifiedDate="2022-11-26T23:17:42">
  <properties>
    <titles>
      <title>Catholic Shona Hymn 21</title>
      <title>Hymn 21Amuka Muvafi Afanoenda Gareriya -S. Kalombo</title>
    </titles>
    <authors>
      <author>Catholic Hymns</author>
    </authors>
  </properties>
  <lyrics>
    <verse name="v1">
      <lines> Amuka Muvafi Afanoenda Gareriya -S. Kalombo </lines>
    </verse>
    <verse name="v2">
      <lines> M  SIA Amuka muvafi, afanoenda afanoenda afanoenda Gareriya<br/>B Amuka muvafi afanoenda afanoenda Gareriya<br/>V SIA Rakati Sabata rapfuura kwoedza nezuva rechiposhi revhiki Maria Magadharena nomumwe Maria vakauya kuzotarira kuguva --- Pasi paka  dengendeka kwazvo nokuti Angere waMambo akanga oburuka kudenga, Angere waMambo akanga oburuka.<br/>T Sabata rapfuura zuva rechiposhi revhiki Maria Magadharena nomumwe Maria vakauya kuzotarira kuguva pasi paka-dengendeka kwazvo nokuti Angere waMambo akanga oburuka kudenga, Angere waMambo oburuka.<br/>B Sabata-a rapfuura zuva rechiposhi revhiki Maria Magadharena nomumwe Maria vakauya kuzotarira kuguva pakarepo-o Angere waMambo akaswedera ndokubvisa zidombo riya-a achirikungurutsa origarira </lines>
    </verse>
    <verse name="v3">
      <lines> Madetembo: </lines>
    </verse>
    <verse name="v4">
      <lines> l.Ainge mheni kutarisika kwake, mukutarisika kwake -e, ainge mheni kutarisika kwake.<br/>2.Zvipfeko zvake zvainge zvakachena samazaya echando, mazaya echando .<br/>3.Kumuona kwavo kwakabva kwabvundisa vanyakugarira guva ndokubva vawira pasi sokunge vafa, sokunge vafa-a. </lines>
    </verse>
    <verse name="v5">
      <lines> Chorus: </lines>
    </verse>
    <verse name="v6">
      <lines> Asi inzwi raAngere kunamadzimai vaya-a, rakati-i Musatya zvenyu ndinoziva muri kutsvaga Yesu akanga aroverwa pachipiyaniso haasiri pano haasiri pano amuka Kristo mupenyu . Amuka zviro kwazvo amuka amuka sezvaakareva --- Amukaa zvirokwazvo -- amuka amuka Kristo mupenyu Huyai muone paakanga aradzikwa mhanyai munoudza vadzidzi vake -e kuti Kristo amuka muvafi aenda kuGareriya ndiko-o kwamuchandomuona huyai muone Kristo amuka. Huyai muone-e zvaainge areva huyai muone Kristo amuka huyai muone Kristo mupenyu.<br/>Huyai muone-e Huyai muone-e Huyai muone-e paakange aradzikwa huyai muone Kristo amuka, amuka Kristo mupenyu. (Huyai ) muone-e Kristo amuka huyai muone zvaainge areva (Huyai) muone -e Kristo amuka huyai muone Kristo mupenyu </lines>
    </verse>
    <verse name="v7">
      <lines> Madetembo: </lines>
    </verse>
    <verse name="v8">
      <lines> l.Mundovaudza aenda kuGareriya ndiko kwamuchandomuona iri ndiro-o dama rangu kunemi .<br/>2. Vakakurumidza kubva paguva zvongobatanidza kutya nokufara kukuru nokuti Kristo amuka muvafi.<br/>3. Vakamhanyira kundozivisa vadzidzi vake kuti Kristo amuka mupenyu.<br/>M  SIA Vakasvika paari ndokumumbundira vachimupfugamir nokumurumidza endai munoudza-a vehama dzangu izvi.<br/>B Ndokumbundira tsoka dzake iye ndokuvati-i regai kutya endai munoudza-a vehama dzangu kuti vaende Gareriya ndiko kwamuchanondiona.<br/>T Vakamupfugamira-a ndokumbundikira tsoka dzake-e iye Yesu ndokuti  kwavari-i endai munoudza hama dzangu izvi.<br/>Madetembo: </lines>
    </verse>
    <verse name="v9">
      <lines> 1. Hezviya Yesu akasangana navo ovakwazisa ivo vakamupfugamira<br/>B: ivo vakamupfugamira<br/>1. Vakasvika munyasi make ndokumbundikira tsoka dzake-e iye Yesu<br/>B: tsoka dzake-e iye Yesu. </lines>
    </verse>
  </lyrics>
</song>
