<?xml version='1.0' encoding='UTF-8'?>
<song xmlns="http://openlyrics.info/namespace/2009/song" version="0.8" createdIn="OpenLP 2.4.6" modifiedIn="OpenLP 2.4.6" modifiedDate="2022-11-26T23:17:42">
  <properties>
    <titles>
      <title>Catholic Shona Hymn 27</title>
      <title>Hymn 27Anonwa Mvura- J. H Chikomo</title>
    </titles>
    <authors>
      <author>Catholic Hymns</author>
    </authors>
  </properties>
  <lyrics>
    <verse name="v1">
      <lines> Anonwa Mvura- J. H Chikomo </lines>
    </verse>
    <verse name="v2">
      <lines> M Anonwa mvura - anonwa mvura<br/>V S Anonwa mvura yorupenyu, hachazova nenyota narini-anonwa mvura -- haachazova nenyota<br/>BIA Mvura yorupenyu haachazova nenyota narini, anonwa mvura haachazova nenyota </lines>
    </verse>
    <verse name="v3">
      <lines> Madetembo: </lines>
    </verse>
    <verse name="v4">
      <lines> l.Mwari achaburuka semvura<br/>2.Pauswa hwakagurirwa<br/>3.Madzimambo achauya nezvipo.<br/>4.Madzimambo achavigira Mwari mupiro<br/>5.Kuchava nezviyo zvizhinji pasi pano<br/>6.Zvibereko zvazvo zvichavhunga sedondo </lines>
    </verse>
    <verse name="v5">
      <lines> Chorus: </lines>
    </verse>
    <verse name="v6">
      <lines> All Anonwa mvuraa haachazova nenyota </lines>
    </verse>
  </lyrics>
</song>
