<?xml version='1.0' encoding='UTF-8'?>
<song xmlns="http://openlyrics.info/namespace/2009/song" version="0.8" createdIn="OpenLP 2.4.6" modifiedIn="OpenLP 2.4.6" modifiedDate="2022-11-26T23:17:42">
  <properties>
    <titles>
      <title>Catholic Shona Hymn 17</title>
      <title>Hymn 17Alois NaAgnes Vasande- J V Chinondo</title>
    </titles>
    <authors>
      <author>Catholic Hymns</author>
    </authors>
  </properties>
  <lyrics>
    <verse name="v1">
      <lines> Alois NaAgnes Vasande- J V Chinondo </lines>
    </verse>
    <verse name="v2">
      <lines> M S/A Alois naAgnes vasande<br/>VS/A Agnes Musande wakafira utsvene newe Alois Musande wakafa uri mutsvene ndinokusarudzai nhasi muve vachengeti vangu navarevereri kunaMwari<br/>BIT --- Musande wakafira utsvene Alois Musande wakafa uri mutsvene ndinokusarudzai nhasi muve vachengeti vangu navarevereri vangu kuna Mwari </lines>
    </verse>
    <verse name="v3">
      <lines> Madetembo:<br/>1.Hapana munhu angachengeta hutsvene hwake asinganamate.<br/>2.Itai kuti ndive munhu anotya Mwari anotya Mwari.<br/>3.Ndikumbirireiwo kuna Mwari kuti ndiwane gomborero rake.<br/>4.Maria Muvirigo Musande ndireverereiwo ndireverereiwo kuna Mwari.<br/>Chorus:<br/>SIA Imi makachengeta utsvene hwenyu makazvipira kuna Mwari ndibatsireiwo kuti ndide Mwari ndigonamata zvakanaka sezvai-i-i-ta Yesu Kristo,<br/>BIT --- makachengeta utsvene --- i-i-mi makazvipira kuna Mwari --- kuti ndide Mwari-i --- sezvai-i-i-ta Yesu Kristo. </lines>
    </verse>
  </lyrics>
</song>
