<?xml version='1.0' encoding='UTF-8'?>
<song xmlns="http://openlyrics.info/namespace/2009/song" version="0.8" createdIn="OpenLP 2.4.6" modifiedIn="OpenLP 2.4.6" modifiedDate="2022-11-26T23:17:42">
  <properties>
    <titles>
      <title>Catholic Shona Hymn 76</title>
      <title>Hymn 76Denga Napasi Zvichapera  C. Takura</title>
    </titles>
    <authors>
      <author>Catholic Hymns</author>
    </authors>
  </properties>
  <lyrics>
    <verse name="v1">
      <lines> Denga Napasi Zvichapera  C. Takura<br/>M: Denga napasi zvichapera asi mashoko haaperi<br/>V: S/A Mashoko enyu Mambo haaperi asi denga napasi zvichapera, denga napasi<br/>zvichapera asi mashoko enyu haaperi<br/>B Mashoko enyu Mambo haaperi denga napasi zvichapera, denga napasi<br/>zvichapera asi mashoko haaperi </lines>
    </verse>
    <verse name="v2">
      <lines> Madetembo:<br/>1.Mambo Yesu achauya kuzosika denga idzva nenyika yakanaka<br/>2.Simukai nesimba renyu Yesu muuye kuzotinunura </lines>
    </verse>
  </lyrics>
</song>
