<?xml version='1.0' encoding='UTF-8'?>
<song xmlns="http://openlyrics.info/namespace/2009/song" version="0.8" createdIn="OpenLP 2.4.6" modifiedIn="OpenLP 2.4.6" modifiedDate="2022-11-26T23:17:42">
  <properties>
    <titles>
      <title>Catholic Shona Hymn 20</title>
      <title>Hymn 20Ambuye Ndabwera- Fr R.T Mabiri</title>
    </titles>
    <authors>
      <author>Catholic Hymns</author>
    </authors>
  </properties>
  <lyrics>
    <verse name="v1">
      <lines> Ambuye Ndabwera- Fr R.T Mabiri </lines>
    </verse>
    <verse name="v2">
      <lines> M Nazo zinyai zokha Zochitikha paMisa (x2) </lines>
    </verse>
    <verse name="v3">
      <lines> Cantor: </lines>
    </verse>
    <verse name="v4">
      <lines> All Ambuye ndabwera Ambuye ndabwera Kudzapeleka Mpatso zanga, kwainu Ambuye x2 </lines>
    </verse>
    <verse name="v5">
      <lines> 1. Choyambira ndiichi, Kupembedza Mulungu x2<br/>2. Chachiwiri ndiichi, Kupepesa Mulungu x2<br/>3. Chachitatu ndiichi, Kupemphera Mulungu x2<br/>4. Chachinayi ndiichi, Kutokhoza Mulungu x2 </lines>
    </verse>
  </lyrics>
</song>
