<?xml version='1.0' encoding='UTF-8'?>
<song xmlns="http://openlyrics.info/namespace/2009/song" version="0.8" createdIn="OpenLP 2.4.6" modifiedIn="OpenLP 2.4.6" modifiedDate="2022-11-26T23:17:42">
  <properties>
    <titles>
      <title>Catholic Shona Hymn 23</title>
      <title>Hymn 23Angere Musande Maunzwa -S. Tarwirei</title>
    </titles>
    <authors>
      <author>Catholic Hymns</author>
    </authors>
  </properties>
  <lyrics>
    <verse name="v1">
      <lines> Angere Musande Maunzwa -S. Tarwirei </lines>
    </verse>
    <verse name="v2">
      <lines> M Angere Musande -e maunzwa V All Angere Musande irni maunzwa naMwari kuzondichengeta mudzinge diyabhori anondinyengedza mundidzivirire kumano ake ndichiri pano pasi Madetembo: </lines>
    </verse>
    <verse name="v3">
      <lines> l.Ndinokumbira mugare paneni mundiperekedze mundibatsirewo.<br/>2.Mundiudze zvedenga ndiwo musha waMwari wandinochemera kusvika.<br/>3.Mweya yakaipa inondifurira kuita mano mano okutadzira Mwari. </lines>
    </verse>
    <verse name="v4">
      <lines> Chorus: </lines>
    </verse>
    <verse name="v5">
      <lines>  SIA --- Murege kundisiya ndisati ndasvika pana Mwari- Angere Musande muregere kundisiya-a<br/>B Angere Musande kundisiya ndisati ndasvika pana Mwari --- Angere Musande kundisiya -ha </lines>
    </verse>
  </lyrics>
</song>
