<?xml version='1.0' encoding='UTF-8'?>
<song xmlns="http://openlyrics.info/namespace/2009/song" version="0.8" createdIn="OpenLP 2.4.6" modifiedIn="OpenLP 2.4.6" modifiedDate="2022-11-26T23:17:42">
  <properties>
    <titles>
      <title>Catholic Shona Hymn 19</title>
      <title>Hymn 19Amai Vasande VaMwari - WC. Ringisai M</title>
    </titles>
    <authors>
      <author>Catholic Hymns</author>
    </authors>
  </properties>
  <lyrics>
    <verse name="v1">
      <lines> Amai Vasande VaMwari - WC. Ringisai M </lines>
    </verse>
    <verse name="v2">
      <lines> A-mai vasande vaMwari<br/>VS/A Maria Musande hosi yorugare hosi yavanyakufira chitendero munyaradzi wavatamburi tinokumbira mutirevererewo<br/>B Maria Musande hosi yavanyakufira chitendero munyaradzi wavatamburi --- mutirevererewo </lines>
    </verse>
    <verse name="v3">
      <lines> Madetembo: </lines>
    </verse>
    <verse name="v4">
      <lines> l.Amai vegirasiya raMwari<br/>2 .Amai vatsvene kwazvo<br/>3.Amai makagara muvirigo<br/>4.Amai musina kusvibiswa </lines>
    </verse>
    <verse name="v5">
      <lines> Chorus: </lines>
    </verse>
    <verse name="v6">
      <lines> SIA Imi makanyanyochena amai vomununuri virigo munokotamirwa chiringiro choururami<br/>B --- Makanyanyochena amai vomununuri --- munokotamirwa chiringiro choururami </lines>
    </verse>
  </lyrics>
</song>
