<?xml version='1.0' encoding='UTF-8'?>
<song xmlns="http://openlyrics.info/namespace/2009/song" version="0.8" createdIn="OpenLP 2.4.6" modifiedIn="OpenLP 2.4.6" modifiedDate="2022-11-26T23:17:42">
  <properties>
    <titles>
      <title>Catholic Shona Hymn 62</title>
      <title>Hymn 62Chinhu Chandinokurairisa Kwazvo Ndechichi- N F Kampira</title>
    </titles>
    <authors>
      <author>Catholic Hymns</author>
    </authors>
  </properties>
  <lyrics>
    <verse name="v1">
      <lines> Chinhu Chandinokurairisa Kwazvo Ndechichi- N F Kampira </lines>
    </verse>
    <verse name="v2">
      <lines> M  SIA Chinhu chandinokurairisa kwazvo ndechichi:<br/>V SIA Vanhu vose, vak:umbirirwe vanyengetererwe, varevererwe-e, vaongerwe, kuti tigogara norugare nguva dzosee, norunyararo, pakunamata Mwarii, nomugariroo unofadza Tenzi.<br/>B: --- Vanhu vose, vakumbirirwe vanyengetererwe, varevererwe -e, vaongerwe, kuti tigogara norugare nguva dzosee, norunyararo pakunamata Mwari, nomugariroo unofadza ivo Tenzi. </lines>
    </verse>
    <verse name="v3">
      <lines> Madetembo: </lines>
    </verse>
    <verse name="v4">
      <lines> I.Kunongova Mwari mumwe chete nomurevereri mumwe chete.<br/>2.Murevereri mumwe chete ndiye Yesu Kristo .<br/>3.Huchapupu ihwohwu, hwak:asak:a ndigadzwe, kuva muparidzi nomunyai waMwa-ri. </lines>
    </verse>
    <verse name="v5">
      <lines> Chorus: </lines>
    </verse>
    <verse name="v6">
      <lines> Mwari anoda, anoda vanhu vaponeswe, anoda --- vanhu vaponeswe -- pak:uziva kuti --- ndiye ru-dzikinuro rwavose --- huchapupu pa-nguva inoda Mwari kuti vanhu vaponeswe. --- Mwari anoda kuti vanhu vaponeswe --- kuti vanhu vaponeswe, vagosvitswa pakuziva --- Yesu Kristo ndiye ru-dzikinurwo rwavose, zvigova huchapupu pa-nguva , inoda Mwari, kuti vanhu vaponeswe </lines>
    </verse>
  </lyrics>
</song>
