<?xml version='1.0' encoding='UTF-8'?>
<song xmlns="http://openlyrics.info/namespace/2009/song" version="0.8" createdIn="OpenLP 2.4.6" modifiedIn="OpenLP 2.4.6" modifiedDate="2022-11-26T23:17:42">
  <properties>
    <titles>
      <title>Catholic Shona Hymn 7</title>
      <title>Hymn 7Akaropafadzwa Munhu Uyo -Sr Thomas Nyamakwere (HLMC)</title>
    </titles>
    <authors>
      <author>Catholic Hymns</author>
    </authors>
  </properties>
  <lyrics>
    <verse name="v1">
      <lines> Akaropafadzwa Munhu Uyo -Sr Thomas Nyamakwere (HLMC) </lines>
    </verse>
    <verse name="v2">
      <lines> M Akaropafadzwa munhu uyo<br/>V. All Akaropafadzwa akaropafadzwa muranda anomirira kusvika adzoka </lines>
    </verse>
    <verse name="v3">
      <lines> Madetembo:<br/>1.Ane ropa rakanaka munhu anotya Mwari anotarira zvikuru mirairo yake .<br/>2.Pfuma nezvakawanda zviri mumba make kururama kwake kunogara narini .<br/>3.Vana vake vachava nesirnba rudzi rwavakarurama ruchakomborerwa-a.<br/>Chorus:<br/>All Akaropafadzwa Munhu Uyo -Sr Thomas Nyamakwere (HLMC)<br/>M Akaropafadzwa munhu uyo<br/>V. All Akaropafadzwa akaropafadzwa muranda anomirira kusvika adzoka<br/>Madetembo:<br/>1.Ane ropa rakanaka munhu anotya Mwari anotarira zvikuru mirairo yake .<br/>2.Pfuma nezvakawanda zviri mumba make kururama kwake kunogara narini .<br/>3.Vana vake vachava nesirnba rudzi rwavakarurama ruchakomborerwa-a.<br/>Chorus:<br/>All: Muranda anomirira kusvika adzokaMuranda anomirira kusvika adzoka </lines>
    </verse>
  </lyrics>
</song>
