<?xml version='1.0' encoding='UTF-8'?>
<song xmlns="http://openlyrics.info/namespace/2009/song" version="0.8" createdIn="OpenLP 2.4.6" modifiedIn="OpenLP 2.4.6" modifiedDate="2022-11-26T23:17:42">
  <properties>
    <titles>
      <title>Catholic Shona Hymn 39</title>
      <title>Hymn 39Baba Tinofara -L. Nyatwa</title>
    </titles>
    <authors>
      <author>Catholic Hymns</author>
    </authors>
  </properties>
  <lyrics>
    <verse name="v1">
      <lines> Baba Tinofara -L. Nyatwa </lines>
    </verse>
    <verse name="v2">
      <lines> M Baba tinofara<br/>V. SIA Tinofara pamusana pechitendero chinotiumba chinotiumba chitendero nolrutibatanidza semhuri imwechete<br/>B Tinofara pamusana pechitendero chitendero chinotiumba chitendero nolrutibatanidza semhuri imwechete </lines>
    </verse>
    <verse name="v3">
      <lines> Madetembo: </lines>
    </verse>
    <verse name="v4">
      <lines> 1.Tinoziva nolrutya lruti undingoveni hungatiparadzanise<br/>2.Undingoveni nolrungozvifunga zvingatiparadzanise<br/>3. Tibatsireiwo Baba tisimbaradzeiwo muchitendero<br/>4. Kuti tigosvika kwamunogara muchitonga nokusingaperi </lines>
    </verse>
    <verse name="v5">
      <lines> Chorus: </lines>
    </verse>
    <verse name="v6">
      <lines> SIA Mwarii Baba -rambai makatibatanidza norudo Mwari Baba tinokumbira girasiya renyu ritisimbaradze mumhuri imwe chete<br/>B --- Rambai makatibatanidza norudo Baba tinokumbira girasiya renyu ritisimba-radze mumhuri imwe chete </lines>
    </verse>
  </lyrics>
</song>
