<?xml version='1.0' encoding='UTF-8'?>
<song xmlns="http://openlyrics.info/namespace/2009/song" version="0.8" createdIn="OpenLP 2.4.6" modifiedIn="OpenLP 2.4.6" modifiedDate="2022-11-26T23:17:42">
  <properties>
    <titles>
      <title>Catholic Shona Hymn 14</title>
      <title>Hymn 14Alleluya Nyika NdeyaMambo- M Mpagamuri</title>
    </titles>
    <authors>
      <author>Catholic Hymns</author>
    </authors>
  </properties>
  <lyrics>
    <verse name="v1">
      <lines> Alleluya Nyika NdeyaMambo- M Mpagamuri </lines>
    </verse>
    <verse name="v2">
      <lines> M Alleluya nyika ndeya Mambo V All Navanhu vose-he Alleluya -ha nyika ndeyaMambo navanhu vose </lines>
    </verse>
    <verse name="v3">
      <lines> Madetembo:<br/>1. Ndiyani angakwira mugomo raMambo ndiyani angamira panzvirnbo yake tsvene 2. Uyo ana maoko akachena nomwoyo wakanaka 3.Mwari ngaasirnuke vavengi vake vaparadzwe 4.Vachadzingwa sokudzingwa kwoutsi vachiita sokunanauka kwenamo pamoto<br/>Chorus:<br/>All Nyika ndeyaMambo nyika ndeyaMambo navanhu vose </lines>
    </verse>
  </lyrics>
</song>
