<?xml version='1.0' encoding='UTF-8'?>
<song xmlns="http://openlyrics.info/namespace/2009/song" version="0.8" createdIn="OpenLP 2.4.6" modifiedIn="OpenLP 2.4.6" modifiedDate="2022-11-26T23:17:42">
  <properties>
    <titles>
      <title>Catholic Shona Hymn 38</title>
      <title>Hymn 38Baba Tarirai Norupfave - T.S. Taoneyi</title>
    </titles>
    <authors>
      <author>Catholic Hymns</author>
    </authors>
  </properties>
  <lyrics>
    <verse name="v1">
      <lines> Baba Tarirai Norupfave - T.S. Taoneyi </lines>
    </verse>
    <verse name="v2">
      <lines> M Baba tarirai norupfave Tarirai norupfave<br/>V. SIA Isu tose tiri pano, sangano rose ravatenderi, Papa muBhishopi navapriste vose<br/>B Isu tose -- tarirai rose ravatenderi tarirai --- muBhishopi navapriste </lines>
    </verse>
    <verse name="v3">
      <lines> Part 1: </lines>
    </verse>
    <verse name="v4">
      <lines> Chorus as above: Madetembo: </lines>
    </verse>
    <verse name="v5">
      <lines> 1. Tiri vamwe tiri venyu<br/>2. Jesu akatitenga neropa rake </lines>
    </verse>
    <verse name="v6">
      <lines> Part 2: Madetembo: </lines>
    </verse>
    <verse name="v7">
      <lines> 1.Tinokumbirira vasati vave neuk:ama nemi<br/>2.Tinokumbirira vahedheni navatsauk:i Chorus: </lines>
    </verse>
    <verse name="v8">
      <lines> SIA Pinzai vose mumba menyu pinzai vose mumba menyuu rudzi rukuru rwenyu<br/>B Pinzai vose mumba menyu pinzai vose mumba menyuu tive rudzi rukuru rwenyu </lines>
    </verse>
  </lyrics>
</song>
