<?xml version='1.0' encoding='UTF-8'?>
<song xmlns="http://openlyrics.info/namespace/2009/song" version="0.8" createdIn="OpenLP 2.4.6" modifiedIn="OpenLP 2.4.6" modifiedDate="2022-11-26T23:17:42">
  <properties>
    <titles>
      <title>Catholic Shona Hymn 77</title>
      <title>Hymn 77Dombo Rangu Nemhare Yangu  B.P. Mukoko</title>
    </titles>
    <authors>
      <author>Catholic Hymns</author>
    </authors>
  </properties>
  <lyrics>
    <verse name="v1">
      <lines> Dombo Rangu Nemhare Yangu  B.P. Mukoko </lines>
    </verse>
    <verse name="v2">
      <lines> M: S/A Dombo rangu nemhare yangu ndiyo Mwari-i<br/>V: S/A Mwari idombo rangu maari ndimo mandichahwanda ndiye nhoo yangu<br/>norunyanga rwangu rworuponeso<br/>B Mwari idombo rangu maari --- ndi-chahwandaaa ndiye nhoo ---<br/>norunyanga rwangu rworuponeso </lines>
    </verse>
    <verse name="v3">
      <lines> Madetembo:<br/>1. Ndinodanidzira kuna Tenzi, Tenzi munofanira kurumbidzwa makandiponesa mukandinunura<br/>2. Ndakadaidzira kuna Tenzi pakutambudzika akanzwa izwi rangu kuchema<br/>kwangu kwakasvika munzeve dzake<br/>3. Ndinodanidzira kuna Tenzi, Tenzi muri mwenje wangu nomutsigiri waangu<br/>4. Tenzi ndiye nhoo yavose vanovimba naye<br/>5. Tenzi mupenyu dombo rangu ngarikudzwe Mwari ngaarumbidzwe iye dombo<br/>roruponeso rwangu </lines>
    </verse>
    <verse name="v4">
      <lines> Chorus:<br/>S/A Naizvozvo ndichakurumbidzai Tenzi pakati pendudzi dzose ndichakudza<br/>zita renyu<br/>B Naizvozvo ndichakurumbidzai pakati penduu-dzi ndichakudza zita renyu </lines>
    </verse>
  </lyrics>
</song>
