<?xml version='1.0' encoding='UTF-8'?>
<song xmlns="http://openlyrics.info/namespace/2009/song" version="0.8" createdIn="OpenLP 2.4.6" modifiedIn="OpenLP 2.4.6" modifiedDate="2022-11-26T23:17:42">
  <properties>
    <titles>
      <title>Catholic Shona Hymn 9</title>
      <title>Hymn 9Akaropafadzwa Muranda WaMambo -R. Tonganai</title>
    </titles>
    <authors>
      <author>Catholic Hymns</author>
    </authors>
  </properties>
  <lyrics>
    <verse name="v1">
      <lines> Akaropafadzwa Muranda WaMambo -R. Tonganai </lines>
    </verse>
    <verse name="v2">
      <lines> M  Akaropafadzwa muranda waMambo<br/>V S Anomumirira Mambo anomumirira Mambo akaropafadzwa muranda anomumirira kusvika adzoka<br/>B Anomumirira Mambo muranda anomumirira Mambo akaropafadzwa anomumirira kusvika adzoka </lines>
    </verse>
    <verse name="v3">
      <lines> Madetembo:<br/>l.Ane ropa rakanaka munhu anotya Mwari, anotarira zvikuru mirairo yake.<br/>2.Vana vake vachava nesirnba, rudzi rwakavarurama ruchakomborerwa .<br/>3.Pfuma nezvakawanda zviri mumba make, kururama kwake kunogara narini.<br/>4.Akarurama anobudirwa nomwenje parima, iye ane ngoni netsitsi nokururama.<br/>S.Ano mufaro munhu uyo anoita mutsa, acharuramiswa mhaka pakutongwa.<br/>6.Akarurama haakanganikwi, acharamba achirangarirwa nokusingaperi.<br/>7.Haangatyi mashoko ezvinhu zvakaipa, moyo wake wakasirnba uchavirnba. waMwari.<br/>8.Moyo wake wakasirnbiswa, kusvikira aona kukundwa kwavavengi vake.<br/>9.Zita rake richakwiridzirwa nokukudzwa, akaipa uchazviona afa neshungu achaparara. </lines>
    </verse>
  </lyrics>
</song>
