<?xml version='1.0' encoding='UTF-8'?>
<song xmlns="http://openlyrics.info/namespace/2009/song" version="0.8" createdIn="OpenLP 2.4.6" modifiedIn="OpenLP 2.4.6" modifiedDate="2022-11-26T23:17:42">
  <properties>
    <titles>
      <title>Catholic Shona Hymn 60</title>
      <title>Hymn 60Chingwa Chamunopa -L. Hakireni</title>
    </titles>
    <authors>
      <author>Catholic Hymns</author>
    </authors>
  </properties>
  <lyrics>
    <verse name="v1">
      <lines> Chingwa Chamunopa -L. Hakireni </lines>
    </verse>
    <verse name="v2">
      <lines> M Chingwa chamunopa<br/>V All Chamunopa Mambo<br/>M Mambo chinopa<br/>V All Upenyu kuvanhu vose </lines>
    </verse>
    <verse name="v3">
      <lines> Madetembo: </lines>
    </verse>
    <verse name="v4">
      <lines> I Vakaropafadzwa avo vane nzira yakarurama, vanofamba mumurau waMambo<br/>2.Vakaropafadzwa vanochengeta mitemo yake, vanomutsvaga nomwoyo wose<br/>3.Vak:arurama havaiti chinhu chisina kururama, vanofamba munzira dzake<br/>4.Akatirayira zvirevo zvake, kuti tizvichengete zvakanaka<br/>5.Haiwa dai nzira dzangu dzaigadzirirwa, kuchengeta mitemo yake </lines>
    </verse>
  </lyrics>
</song>
