<?xml version='1.0' encoding='UTF-8'?>
<song xmlns="http://openlyrics.info/namespace/2009/song" version="0.8" createdIn="OpenLP 2.4.6" modifiedIn="OpenLP 2.4.6" modifiedDate="2022-11-26T23:17:42">
  <properties>
    <titles>
      <title>Catholic Shona Hymn 63</title>
      <title>Hymn 63Chinzwai Zvinodikaowa NaTenzi- J. Makoni</title>
    </titles>
    <authors>
      <author>Catholic Hymns</author>
    </authors>
  </properties>
  <lyrics>
    <verse name="v1">
      <lines> Chinzwai Zvinodikaowa NaTenzi- J. Makoni </lines>
    </verse>
    <verse name="v2">
      <lines> M SIA Chinzwai zvinodikanwa naTenzi<br/>V S Kuita zvak.arurama --- kuratidza rudo nguva dzose --- uye kugara tiine hukamaa --- hwakanak.a naMwari wedu<br/>B -- Zvak.arurama -- kuratidza rudo nguva dzose -- kugara -- tine hukama -- naMwari wedu </lines>
    </verse>
    <verse name="v3">
      <lines> Madetembo: </lines>
    </verse>
    <verse name="v4">
      <lines> 1.Teererai munzwe imi vanhu, imi vanhu vose<br/>2.Kutya Mwari ndihwo uchenjeri, uchenjeri chaihwo </lines>
    </verse>
  </lyrics>
</song>
