<?xml version='1.0' encoding='UTF-8'?>
<song xmlns="http://openlyrics.info/namespace/2009/song" version="0.8" createdIn="OpenLP 2.4.6" modifiedIn="OpenLP 2.4.6" modifiedDate="2022-11-26T23:17:42">
  <properties>
    <titles>
      <title>Catholic Shona Hymn 73</title>
      <title>Hymn 73Dai Wangotipinzawo</title>
    </titles>
    <authors>
      <author>Catholic Hymns</author>
    </authors>
  </properties>
  <lyrics>
    <verse name="v1">
      <lines> Dai Wangotipinzawo </lines>
    </verse>
    <verse name="v2">
      <lines> M Dai Mwari wangotipinzawo<br/>V S Dai Mwari wedu wangotipinzawo mugwara rorugare, wangotipinzawo mugwara rorugare<br/>B --Mwari wedu wangotipinzawo mugwara rorugare, wangotipinzawo mugwara rorugare<br/>Madetembo :<br/>l.Pururudzirai Mambo nyika dzose muitire Mambo nomufaro<br/>2.Uyai pamberi pake muchiimba<br/>3.Muchiimba nokufara<br/>4. Zivai k:uti Mambo ndiye Mwari<br/>5. Ndiye Mwari akatiita<br/>6.Tiri rudzi rwak:e<br/>7.Makwai edanga rake<br/>8. Pindai pamusuwo wake mucbitenda<br/>9. Rumbidzai zita rake </lines>
    </verse>
  </lyrics>
</song>
