<?xml version='1.0' encoding='UTF-8'?>
<song xmlns="http://openlyrics.info/namespace/2009/song" version="0.8" createdIn="OpenLP 2.4.6" modifiedIn="OpenLP 2.4.6" modifiedDate="2022-11-26T23:17:42">
  <properties>
    <titles>
      <title>Catholic Shona Hymn 8</title>
      <title>Hymn 8Akaropafadzwa Muranda waMambo -D.T Zavazava</title>
    </titles>
    <authors>
      <author>Catholic Hymns</author>
    </authors>
  </properties>
  <lyrics>
    <verse name="v1">
      <lines> Akaropafadzwa Muranda waMambo -D.T Zavazava </lines>
    </verse>
    <verse name="v2">
      <lines> M - Akaropafadzwa<br/>V. S Muranda waMambo --- iye kusvika adzoka<br/>B Muranda waMambo anomumirira --- kusvika adzoka </lines>
    </verse>
    <verse name="v3">
      <lines> Madetembo:<br/>1. Ane ropa rakanaka --- munhu anotya Mwari<br/>2. Anotarira --- zvikuru mirayiro yake<br/>3. Vana vake ---- vachava nesimba<br/>4. Rudzi rwavakarurama --- ruchakomborerwa<br/>5. Fuma nezvakawanda --- zviri mumba make<br/>6. Kururama kwake --- kunogara narini<br/>7. Akarurama anobudirwa --- nomwenje parirna<br/>8. Ano mufaro munhu --- uyo anoita mutsa<br/>9. Akarurama --- haakanganikwi<br/>10. Acharamba achirangarirwa --- nokusingaperi<br/>11. Haangatyi mashoko --- ezvinhu zvakaipa<br/>12. Mwoyo wake wakasirnba --- uchavirnba naMwari<br/>13. Mwoyo wake --- wakasirnbiswa<br/>14. Kusvikira aona kukundwa --- kwavavengi vake </lines>
    </verse>
  </lyrics>
</song>
