<?xml version='1.0' encoding='UTF-8'?>
<song xmlns="http://openlyrics.info/namespace/2009/song" version="0.8" createdIn="OpenLP 2.4.6" modifiedIn="OpenLP 2.4.6" modifiedDate="2022-11-26T23:17:42">
  <properties>
    <titles>
      <title>Catholic Shona Hymn 30</title>
      <title>Hymn 30Anotevera Yesu - C. Togo</title>
    </titles>
    <authors>
      <author>Catholic Hymns</author>
    </authors>
  </properties>
  <lyrics>
    <verse name="v1">
      <lines> Anotevera Yesu - C. Togo </lines>
    </verse>
    <verse name="v2">
      <lines> M Anotevera<br/>V: SIA Yesu Kristo, anotevera achava nomwenje woupenyu B Yesu Kristo, anotevera Kristo woupenyu </lines>
    </verse>
    <verse name="v3">
      <lines> Madetembo: </lines>
    </verse>
    <verse name="v4">
      <lines> 1. Kunyamge wak:arurama woda kuwa haawiswi nokuti Mwari anomutsigira noruoko rwak:e.<br/>2. Wakarurama ana matambudziko mazhinji asi Mwari anomubatsira.<br/>3. Wakadana Mwari akanzwa akamurwira panjodzi dzake dzose. </lines>
    </verse>
  </lyrics>
</song>
