<?xml version='1.0' encoding='UTF-8'?>
<song xmlns="http://openlyrics.info/namespace/2009/song" version="0.8" createdIn="OpenLP 2.4.6" modifiedIn="OpenLP 2.4.6" modifiedDate="2022-11-26T23:17:42">
  <properties>
    <titles>
      <title>Catholic Shona Hymn 79</title>
      <title>Hymn 79Farai Mambo Achauya  R. Svosve</title>
    </titles>
    <authors>
      <author>Catholic Hymns</author>
    </authors>
  </properties>
  <lyrics>
    <verse name="v1">
      <lines> Farai Mambo Achauya  R. Svosve </lines>
    </verse>
    <verse name="v2">
      <lines> M: Farai Mambo achauya<br/>V: S/A Mambo achauya farai achauya Mambo Alleluya-ha farai Mambo achauya<br/>B: Alleluya Mambo achauya Alleluya farai Mambo achauya </lines>
    </verse>
    <verse name="v3">
      <lines> Madetembo: </lines>
    </verse>
    <verse name="v4">
      <lines> 1. Tarirai Mambo achazouya navasarudzi vake vose.                      2. Nezuva irero chiedza chikuru chichazopenya </lines>
    </verse>
    <verse name="v5">
      <lines> Chorus:<br/>All Farai Mambo achauya achauya Mambo Alleluya </lines>
    </verse>
  </lyrics>
</song>
