<?xml version='1.0' encoding='UTF-8'?>
<song xmlns="http://openlyrics.info/namespace/2009/song" version="0.8" createdIn="OpenLP 2.4.6" modifiedIn="OpenLP 2.4.6" modifiedDate="2022-11-26T23:17:42">
  <properties>
    <titles>
      <title>Catholic Shona Hymn 50</title>
      <title>Hymn 50Baba Vetsitsi Ndinokutendai- R. Zinyohwera</title>
    </titles>
    <authors>
      <author>Catholic Hymns</author>
    </authors>
  </properties>
  <lyrics>
    <verse name="v1">
      <lines> Baba Vetsitsi Ndinokutendai- R. Zinyohwera </lines>
    </verse>
    <verse name="v2">
      <lines> M Baba vetsitsi ndinokutendai nomoyo wangu wose<br/>VS/A Ndimi makanaka kwazvo mabvisa mhosva dzangu mandipa rugare rwandakarasa rudo rwenyu haruna mugumo<br/>B --- Makanaka kwazvo mabvisa mhosva dzangu dzose mandipa rugare -- nokutadza kwangu rudo rwenyu haruna mugumo </lines>
    </verse>
    <verse name="v3">
      <lines> Madetembo: </lines>
    </verse>
    <verse name="v4">
      <lines> l.Nesakaramende iro rorupinduko masimbisisa mweya wangu nomoyo wangu kuti ndigokurira zviedzo zvose.<br/>2. Ndinonyanyokutarisira rubatsiro rwenyu mundivandudze nesimba ramweya wenyu musande anogara mandiri.<br/>3. Maria amai vaMwari vadiwa namai vanguwo imi ndireverereiwo .<br/>4. Angere muchengeti wangu garai paneni mundichengete mundidzivirire -e zvakaipa zvose. </lines>
    </verse>
    <verse name="v5">
      <lines> Chorus: </lines>
    </verse>
    <verse name="v6">
      <lines> SIA Ndipei kuteerera kuraira kwenguva dzose ndirege kuvhunduka kutonga k wenyu nguva yokufa kwangu<br/>B --- Kuteerera kuraira kwenyu ndibatsirei --- kuvhunduka kutonga kwenyu nguva yokufa kwangu </lines>
    </verse>
  </lyrics>
</song>
