<?xml version='1.0' encoding='UTF-8'?>
<song xmlns="http://openlyrics.info/namespace/2009/song" version="0.8" createdIn="OpenLP 2.4.6" modifiedIn="OpenLP 2.4.6" modifiedDate="2022-11-26T23:17:42">
  <properties>
    <titles>
      <title>Catholic Shona Hymn 71</title>
      <title>Hymn 71Chose Chamunokumbira- A. Mugabe</title>
    </titles>
    <authors>
      <author>Catholic Hymns</author>
    </authors>
  </properties>
  <lyrics>
    <verse name="v1">
      <lines> Chose Chamunokumbira- A. Mugabe </lines>
    </verse>
    <verse name="v2">
      <lines> M Chose chamunokumbira<br/>V SIA Chiri chose chamunokumbira muk:anamata muchachigamuchira chamunokumbira muchitendera muchachigamuchira<br/>B --- Chamunokumbira kuna Mwari --- muchachigamuchira -- muk:anamata muchachigamuchira </lines>
    </verse>
    <verse name="v3">
      <lines> Madetembo: </lines>
    </verse>
    <verse name="v4">
      <lines> l .Ndiani angakwira mugomo raMambo ndiyani angamira panzvimbo yake tsvene<br/>2.Uyo ane maoko akachena nomoyo wakanaka<br/>3. Mwari ngaasimuk:e vavengi vake vaparadzwe<br/>4. Jmbirai Mambo nziyo dzokurumbidza achazviratidza pamusoro pamakore </lines>
    </verse>
    <verse name="v5">
      <lines> Chorus: </lines>
    </verse>
    <verse name="v6">
      <lines> Vakarurama ngavafare ngavafare Mambo anovanzwa Vakarurama ngavafare kwazvo nokuti Mambo anovanzwa </lines>
    </verse>
  </lyrics>
</song>
