<?xml version='1.0' encoding='UTF-8'?>
<song xmlns="http://openlyrics.info/namespace/2009/song" version="0.8" createdIn="OpenLP 2.4.6" modifiedIn="OpenLP 2.4.6" modifiedDate="2022-11-26T23:17:42">
  <properties>
    <titles>
      <title>Catholic Shona Hymn 74</title>
      <title>Hymn 74Dama Rakanaka</title>
    </titles>
    <authors>
      <author>Catholic Hymns</author>
    </authors>
  </properties>
  <lyrics>
    <verse name="v1">
      <lines> Dama Rakanaka </lines>
    </verse>
    <verse name="v2">
      <lines> M Dama rak:anaka<br/>V: SIA Vanok:ushwa muvhu rakanaka, ndivo vanorinzwa, vorigamuchira, ndok:ubereka<br/>B Dama rak:anaka, vanokushwaa, vanorinzwa, vorigamuchira ndok:ubereka </lines>
    </verse>
    <verse name="v3">
      <lines> Madetembo:<br/>l.Mwari ngaatipe gomborero<br/>2.Nokutikomborera<br/>3.Ngaapenyese cbiso chak:e<br/>4.Chiso chak:e pamusoro pedu<br/>5.Pasi pano panoziva<br/>6.Panoziva nzira dzenyu </lines>
    </verse>
    <verse name="v4">
      <lines> Chorus:<br/>All Vorigamuchira ndokubereka </lines>
    </verse>
  </lyrics>
</song>
