<?xml version='1.0' encoding='UTF-8'?>
<song xmlns="http://openlyrics.info/namespace/2009/song" version="0.8" createdIn="OpenLP 2.4.6" modifiedIn="OpenLP 2.4.6" modifiedDate="2022-11-26T23:17:42">
  <properties>
    <titles>
      <title>Catholic Shona Hymn 56</title>
      <title>Hymn 56Chidzidziso ChaYesu Pachirairo -J.K. Dzingai</title>
    </titles>
    <authors>
      <author>Catholic Hymns</author>
    </authors>
  </properties>
  <lyrics>
    <verse name="v1">
      <lines> Chidzidziso ChaYesu Pachirairo -J.K. Dzingai </lines>
    </verse>
    <verse name="v2">
      <lines> M Chidzidziso chaYesu pachirairo chokugumisira Yesu wakataura kuvadzidzi vake<br/>v.- All Moyo yenyu ngairege kudzongodzwa tenderai kuna Mwari munditenderewo, kumba kwababa vangu, kune nzvimbo dzokugara </lines>
    </verse>
    <verse name="v3">
      <lines> Madetembo: </lines>
    </verse>
    <verse name="v4">
      <lines> l.Musashupika<br/>2.Dai kusina ndingadai ndakakuudzai<br/>3.Ndiri kuendako kundokugadzirirai pokugara<br/>4.Kana ndaenda ndichadzoka ndokutorai<br/>5.Ndichauya ndokutorai<br/>6.Ndinoda kuti imi muve ikoko kwandichange ndava </lines>
    </verse>
    <verse name="v5">
      <lines> Chorus: </lines>
    </verse>
    <verse name="v6">
      <lines> All Kumba kwaBaba vangu kune nzvimbo zhinji dzokukugara </lines>
    </verse>
  </lyrics>
</song>
