<?xml version='1.0' encoding='UTF-8'?>
<song xmlns="http://openlyrics.info/namespace/2009/song" version="0.8" createdIn="OpenLP 2.4.6" modifiedIn="OpenLP 2.4.6" modifiedDate="2022-11-26T23:17:42">
  <properties>
    <titles>
      <title>Catholic Shona Hymn 75</title>
      <title>Hymn 75Denga Napasi Zvichapera -E.Y. Zvarevashe</title>
    </titles>
    <authors>
      <author>Catholic Hymns</author>
    </authors>
  </properties>
  <lyrics>
    <verse name="v1">
      <lines> Denga Napasi Zvichapera -E.Y. Zvarevashe </lines>
    </verse>
    <verse name="v2">
      <lines> M Denga napasi zvichapera<br/>V. SIA Denga nepasi, denga nepasi zvichapera asi mashoko enyu haaperi B Denga nepasi, denga nepasi zvichapera mashoko enyu haaperi </lines>
    </verse>
    <verse name="v3">
      <lines> Madetembo: </lines>
    </verse>
    <verse name="v4">
      <lines> l.Mambo Yesu achauya, kuzosika denga dzva nenyika yak:anaka.<br/>2.Simukai nesimba renyu Yesu, muuye kuzotinunura. </lines>
    </verse>
  </lyrics>
</song>
