<?xml version='1.0' encoding='UTF-8'?>
<song xmlns="http://openlyrics.info/namespace/2009/song" version="0.8" createdIn="OpenLP 2.4.6" modifiedIn="OpenLP 2.4.6" modifiedDate="2022-11-26T23:17:42">
  <properties>
    <titles>
      <title>Catholic Shona Hymn 34</title>
      <title>Hymn 34Baba Muna Masimba Ose- R. Kahondo</title>
    </titles>
    <authors>
      <author>Catholic Hymns</author>
    </authors>
  </properties>
  <lyrics>
    <verse name="v1">
      <lines> Baba Muna Masimba Ose- R. Kahondo </lines>
    </verse>
    <verse name="v2">
      <lines> M  Baba muna masimba ose<br/>VS/A Mutsai mwoyo wangu ndikutendei pane zvamandiitira mandipa simba rokukunda nokunyadzisa muidzi<br/>B Mutsai mwoyo wangu ndikutendei zvamandiitira mandipa simba rokukunda nokunyadzisa muidzi<br/>Madetembo:<br/>1.Simba iro ndiro randinovimba naro nguva dzose<br/>2.Ndisina simba renyu handigoni kumira muururami<br/>3.Nditumirei mweya wenyu musande kuti anditungamirire<br/>4.Ndinoda kukufadzai pose pandinenge ndiri<br/>5.Handidi kukutadzirai Amen<br/>Chorus:<br/>All Musazondisiya ndiri ndoga nokuti nzira dzasatani dzakawanda </lines>
    </verse>
  </lyrics>
</song>
