<?xml version='1.0' encoding='UTF-8'?>
<song xmlns="http://openlyrics.info/namespace/2009/song" version="0.8" createdIn="OpenLP 2.4.6" modifiedIn="OpenLP 2.4.6" modifiedDate="2022-11-26T23:17:42">
  <properties>
    <titles>
      <title>Catholic Shona Hymn 16</title>
      <title>Hymn 16Alleluya Wakamuka Alleluya Nembiri- Fr E.Ribeiro</title>
    </titles>
    <authors>
      <author>Catholic Hymns</author>
    </authors>
  </properties>
  <lyrics>
    <verse name="v1">
      <lines> Alleluya Wakamuka Alleluya Nembiri- Fr E.Ribeiro </lines>
    </verse>
    <verse name="v2">
      <lines> M B Alleluya wakamuka Alleluya nembiri yose<br/>VS/A Ndinoziva muri kutsvaga Yesu wakarovererwa pachipiyaniso haapo pano wakamuka<br/>MB Alleluya wakarnuka Alleluya nembiri yose<br/>VS/A Wawonekwa naMaria alleluya wakamuka wawonekwa naPeter Alleluya wakamuka wawonekwa navadzidzi Alleluya wakamuka </lines>
    </verse>
  </lyrics>
</song>
