<?xml version='1.0' encoding='UTF-8'?>
<song xmlns="http://openlyrics.info/namespace/2009/song" version="0.8" createdIn="OpenLP 2.4.6" modifiedIn="OpenLP 2.4.6" modifiedDate="2022-11-26T23:17:42">
  <properties>
    <titles>
      <title>Catholic Shona Hymn 53</title>
      <title>Hymn 53Baba Yewukaiwo Mufudzi</title>
    </titles>
    <authors>
      <author>Catholic Hymns</author>
    </authors>
  </properties>
  <lyrics>
    <verse name="v1">
      <lines> Baba Yewukaiwo Mufudzi </lines>
    </verse>
    <verse name="v2">
      <lines> Tinokutendai Baba nechipo chomufudzi akadai, ngavazorore murugare netsiti dzenyu<br/>B Mwarii Baba, makasarudza Sekuru (zita), kuti vafudze hwai dzenyu Makavapa zvipo-o, vakava chiedza munyika nomusango rose Tinokutendai - nechipo chomufudzi, ngavazorore - netsiti dzenyu </lines>
    </verse>
    <verse name="v3">
      <lines> Madetembo: </lines>
    </verse>
    <verse name="v4">
      <lines> 1.Vakadzidzisa kuzviriritira, kuchengeta nherera, navose vari muushayi<br/>2.Kirik:e sande zvazviri sakaramende, mairi mune hova nomwe dzinoponesa nokuwadzanisa vanhu naMwari. Vakatidzidzisa izvi Sekuru </lines>
    </verse>
    <verse name="v5">
      <lines> Chorus: </lines>
    </verse>
    <verse name="v6">
      <lines> Vapeiwo mubairo, webasa ravakabata, mabiko edenga ataigarodya navo Avape mifaro yedenga , yamakavatsidzira , isu sangano, ichaenda mberi Takamirira kudzoka kwaYesu, tiine chivimbo nechitarisiro chokuti, Tichasangano ikoko Musikavanhu, vapeiwo zororo, mabiko ataidya navo Avape mifaro yedenga, yamavatsidzira, isu sangano, tichaenda mberi Takamirira kudzoka kwaYesu, tiine chivimbo nechitarisiro chokuti Tichasangano ikoko </lines>
    </verse>
  </lyrics>
</song>
