<?xml version='1.0' encoding='UTF-8'?>
<song xmlns="http://openlyrics.info/namespace/2009/song" version="0.8" createdIn="OpenLP 2.4.6" modifiedIn="OpenLP 2.4.6" modifiedDate="2022-11-26T23:17:42">
  <properties>
    <titles>
      <title>Catholic Shona Hymn 33</title>
      <title>Hymn 33Ari Pano Yesu Cbingwa Chavangere -L.Kaseke</title>
    </titles>
    <authors>
      <author>Catholic Hymns</author>
    </authors>
  </properties>
  <lyrics>
    <verse name="v1">
      <lines> Ari Pano Yesu Cbingwa Chavangere -L.Kaseke </lines>
    </verse>
    <verse name="v2">
      <lines> MS/A Ari pano Yesu<br/>V:S/A Chingwa chavangere ari pano Yesu anouya nhasi timururnbidzei uyai Yesu wadiwa kuchenesa moyo wangu ini mutadzi<br/>B Chingwa chavangere ari pano Yesu anouya nhasi timururnbidzei ndimi Yesu munogona kuchenesa moyo wangu ini mutadzi </lines>
    </verse>
    <verse name="v3">
      <lines> Madetembo: </lines>
    </verse>
    <verse name="v4">
      <lines> 1.Munoda kupinda mumoyo mangu uyai kurumidzai ndinokusuwai<br/>2.Asi Yesu wangu ndiri mutadzi munopinda seiko mumwoyo mangu<br/>3.Munogona ndimi Yesu wadiwa kuchenesa moyo wangu ini mutadzi </lines>
    </verse>
    <verse name="v5">
      <lines> Chorus: </lines>
    </verse>
    <verse name="v6">
      <lines> SIA Uyai Yesu madiwa kuchenesa moyo wangu ini mutadzi<br/>B Ndimi Yesu munogona kuchenesa moyo wangu ini mutadzi </lines>
    </verse>
  </lyrics>
</song>
