<?xml version='1.0' encoding='UTF-8'?>
<song xmlns="http://openlyrics.info/namespace/2009/song" version="0.8" createdIn="OpenLP 2.4.6" modifiedIn="OpenLP 2.4.6" modifiedDate="2022-11-26T23:17:42">
  <properties>
    <titles>
      <title>Catholic Shona Hymn 59</title>
      <title>Hymn 59Chiiko Chingatiparadzanise</title>
    </titles>
    <authors>
      <author>Catholic Hymns</author>
    </authors>
  </properties>
  <lyrics>
    <verse name="v1">
      <lines> Chiiko Chingatiparadzanise </lines>
    </verse>
    <verse name="v2">
      <lines> M  SIA Chiiko chingatiparadzanisa norudo-o rwaMwari<br/>V SIA Matambudziko nyatwa kuvengwa nzara kana urombo-o pfumvu kana rufu here kwete hakuna chinhu chingatiparadzanise norudo rwaMwari<br/>B Matambudziko nyatwa-ha kuvengwa kana urombo-o pfumvu kana rufu kwete hakuna chinhu chingatiparadzanise norudo rwaMwari<br/>Madetembo:<br/>1. Ko rufu kana rupenyu kana vatumwa vaMwari kana masirnba anotonga zvokudenga zvingatiparadzanise naMwari here-e?<br/>2. Zvingava zvinhu zvichauya zviri kumatenga kana zviri pasi pasi zvingatiparadzanise naMwari here-e?<br/>3. Chingava chinhu chakasikwa saRusifa ichi satani chingatiparadzanise naMwari here-e?<br/>Chorus:<br/>All Kwete hakuna chinhu chingatiparadzanise norudo rwaMwari </lines>
    </verse>
  </lyrics>
</song>
