<?xml version='1.0' encoding='UTF-8'?>
<song xmlns="http://openlyrics.info/namespace/2009/song" version="0.8" createdIn="OpenLP 2.4.6" modifiedIn="OpenLP 2.4.6" modifiedDate="2022-11-26T23:17:42">
  <properties>
    <titles>
      <title>Catholic Shona Hymn 43</title>
      <title>Hymn 43Baba Vangu Vokudenga - F Chimukupete</title>
    </titles>
    <authors>
      <author>Catholic Hymns</author>
    </authors>
  </properties>
  <lyrics>
    <verse name="v1">
      <lines> Baba Vangu Vokudenga - F Chimukupete </lines>
    </verse>
    <verse name="v2">
      <lines> M Baba vangu vokudenga<br/>V All Tsitsi dzenyu Baba- hadzina mugumo mandicbenesa -zve nokudzosera mufaro womwana waMwari mazvita ndatenda </lines>
    </verse>
    <verse name="v3">
      <lines> Madetembo: </lines>
    </verse>
    <verse name="v4">
      <lines> 1.Ndicbaedza kukufadzai Baba vangu<br/>2.Nyasha dzenyu nga-dzive neni<br/>3.Nokureverera kwamai vangu Maria </lines>
    </verse>
    <verse name="v5">
      <lines> Chorus: </lines>
    </verse>
    <verse name="v6">
      <lines> SIA Netsika- dzakanaka - ndichaedza -ndichaedza -ndichaedza kukufadzai<br/>BIT Nomugariro mutsvene --- ndichaedza -ndichaedza ndichaedza kukufadzai </lines>
    </verse>
  </lyrics>
</song>
