<?xml version='1.0' encoding='UTF-8'?>
<song xmlns="http://openlyrics.info/namespace/2009/song" version="0.8" createdIn="OpenLP 2.4.6" modifiedIn="OpenLP 2.4.6" modifiedDate="2022-11-26T23:17:42">
  <properties>
    <titles>
      <title>Catholic Shona Hymn 37</title>
      <title>Hymn 37Baba Ndinokutendai -JK. Dzingai</title>
    </titles>
    <authors>
      <author>Catholic Hymns</author>
    </authors>
  </properties>
  <lyrics>
    <verse name="v1">
      <lines> Baba Ndinokutendai -JK. Dzingai </lines>
    </verse>
    <verse name="v2">
      <lines> M Baba ndinokutendai<br/>V. SIA Muna masimba osee mutsai-i-i mwoyo wangu ndikutendei pane zvose zvamakandiitira, ndinodaa kukutendai. Mandipa simba rokukunda nokunyadzisa muidzii, ndinoda kukutendai<br/>TIB: Mwari munamasimba ose, mu-tsa-i mwoyo wangu, ndi-no-da ndinodaa kukutendai . Mandipa simba rokukunda nokunyadzisa muidzi, ndinoda kukutendai </lines>
    </verse>
    <verse name="v3">
      <lines> Madetembo: </lines>
    </verse>
    <verse name="v4">
      <lines> I. Simba iro ndiro randinovimba naro nguva dzose<br/>2.Handigoni kumira muururami<br/>3.Ndinokumbira musambondisiya ndiri ndoga<br/>4.Nditumirei mweya wenyu musimbisi<br/>5.Ndinoda k.ukufadzai pose pandinenge ndiri<br/>6.Handidi kukutadzirai </lines>
    </verse>
    <verse name="v5">
      <lines> Chorus: </lines>
    </verse>
    <verse name="v6">
      <lines> Ndisina simba renyu ndinowa Ndisina simba renyu Tenzi ndinowa </lines>
    </verse>
  </lyrics>
</song>
