<?xml version='1.0' encoding='UTF-8'?>
<song xmlns="http://openlyrics.info/namespace/2009/song" version="0.8" createdIn="OpenLP 2.4.6" modifiedIn="OpenLP 2.4.6" modifiedDate="2022-11-26T23:17:42">
  <properties>
    <titles>
      <title>Catholic Shona Hymn 55</title>
      <title>Hymn 55Chenesai Mwoyo Wangu- Sr Mary Mandeya (HLMC)</title>
    </titles>
    <authors>
      <author>Catholic Hymns</author>
    </authors>
  </properties>
  <lyrics>
    <verse name="v1">
      <lines> Chenesai Mwoyo Wangu- Sr Mary Mandeya (HLMC) </lines>
    </verse>
    <verse name="v2">
      <lines> M Chenesai mwoyo waa-ngu Jesu Kristo<br/>V SIA Chenesai mwoyo wa-ngu Jesu, ndapfidza matadzo ndachemera kuponeswa kusimbiswa nemi mo-ga<br/>B --- Mwoyo wa-ngu Jesu --- matadzo, kuponeswa kusimbiswa nemi mo-ga </lines>
    </verse>
    <verse name="v3">
      <lines> Madetembo: </lines>
    </verse>
    <verse name="v4">
      <lines> l.Makanga mu-riko nanhasi murikoho, mucharamba muriko<br/>2.Uyai kunesu uyaiwo-o kunesu </lines>
    </verse>
    <verse name="v5">
      <lines> Chorus: </lines>
    </verse>
    <verse name="v6">
      <lines> Ndinosuwa kwazvo --- ndinosuwaha kusimbiswa nemi moga rini narini --- Ndino suwa ndinosuwaha --- kusimbiswa nemi moga rini narini </lines>
    </verse>
  </lyrics>
</song>
