<?xml version='1.0' encoding='UTF-8'?>
<song xmlns="http://openlyrics.info/namespace/2009/song" version="0.8" createdIn="OpenLP 2.4.6" modifiedIn="OpenLP 2.4.6" modifiedDate="2022-11-26T23:17:42">
  <properties>
    <titles>
      <title>Catholic Shona Hymn 51</title>
      <title>Hymn 51Baba Vokudenga Ndakakutadzirai - F.S. Munangwa</title>
    </titles>
    <authors>
      <author>Catholic Hymns</author>
    </authors>
  </properties>
  <lyrics>
    <verse name="v1">
      <lines> Baba Vokudenga Ndakakutadzirai - F.S. Munangwa </lines>
    </verse>
    <verse name="v2">
      <lines> M  Baba vok:udenga ndakak:utadzirai<br/>V SIA Ndakak:utadzirai nok:uk:utsamwisai ndinokodzera k:urangwa nemi ndinopfidza matadzo angu ose<br/>B Ndakak:utadzirai nok:uk:utsamwisai ndinokodzera k:urangwa nemi ndinopfidza matadzo ose </lines>
    </verse>
    <verse name="v3">
      <lines> Madetembo: </lines>
    </verse>
    <verse name="v4">
      <lines> 1.Yesu Kristo ndinzwireiwo tsitsi pak:utadza kwangu<br/>2.Makandida mukandisarudza k:uti ndive wenyu<br/>3.Handichadi k:utadza ndinoda k:ugara nek:ufira kwamuri </lines>
    </verse>
    <verse name="v5">
      <lines> Chorus: </lines>
    </verse>
    <verse name="v6">
      <lines> SIA Ndipeiwo simba, simba ramweya musande chibvai mandibata chose k:uti ndirege k:utizazve<br/>B Ndipeiwo simba ramweya musande chibvai mandibata chose k:uti ndirege k:utizazve </lines>
    </verse>
  </lyrics>
</song>
