<?xml version='1.0' encoding='UTF-8'?>
<song xmlns="http://openlyrics.info/namespace/2009/song" version="0.8" createdIn="OpenLP 2.4.6" modifiedIn="OpenLP 2.4.6" modifiedDate="2022-11-26T23:17:42">
  <properties>
    <titles>
      <title>Catholic Shona Hymn 41</title>
      <title>Hymn 41Baba Vangu Ndinzwireiwo Tsistsi - S.G. Wenzeri</title>
    </titles>
    <authors>
      <author>Catholic Hymns</author>
    </authors>
  </properties>
  <lyrics>
    <verse name="v1">
      <lines> Baba Vangu Ndinzwireiwo Tsistsi - S.G. Wenzeri </lines>
    </verse>
    <verse name="v2">
      <lines> M Baba vangu ndinzwireiwo tsitsi<br/>V SIA Baba vangu, Baba vangu ndinouya kwamuri - ndiri mutadzi- murombo rugare harusi mumwoyo womutadzi -ndinoda kureurura zvose - zvandakatadza -rugare harusi mumwoyo womutadzi Baba vangu ndinzwireiwo tsitsi.<br/>B Baba vangu - ndinouya kwamuri - mutadzi -murombo - ndiri mutadzi barusi mumwoyo womutadzi -ndinoda kureurura zvose - zvandakatadza barusi mumwoyo womutadzi Baba vangu ndinzwireiwo tsitsi. </lines>
    </verse>
    <verse name="v3">
      <lines> Madetembo: </lines>
    </verse>
    <verse name="v4">
      <lines> 1.Tumai Mweya Musande, kuti andivhenekere nokundizivisa zvandakatadza.<br/>2.Tumai Mweya Musande, kuti ndipfidze matadzo angu nomwoyo wose.<br/>3.Tumai Mweya Musande, kuti nditsunge mwoyo kusakutadzirai pakare . </lines>
    </verse>
    <verse name="v5">
      <lines> Chorus: </lines>
    </verse>
    <verse name="v6">
      <lines> SIA Ndibatsirei kurwarira matadzo, nokuareurura nechokwadi, garai pandiri, kuti nditange kufambaha kufamba patsva munzira yakarurama.<br/>B Ndibatsirei- kurwarira- reurura nechokwadi garai pandiri - nditange kufamba patsva kufamba patsva yakarurama. </lines>
    </verse>
  </lyrics>
</song>
