<?xml version='1.0' encoding='UTF-8'?>
<song xmlns="http://openlyrics.info/namespace/2009/song" version="0.8" createdIn="OpenLP 2.4.6" modifiedIn="OpenLP 2.4.6" modifiedDate="2022-11-26T23:17:42">
  <properties>
    <titles>
      <title>Catholic Shona Hymn 18</title>
      <title>Hymn 18Amai Muvirigo Vanotiraidza -S. Hwata</title>
    </titles>
    <authors>
      <author>Catholic Hymns</author>
    </authors>
  </properties>
  <lyrics>
    <verse name="v1">
      <lines> Amai Muvirigo Vanotiraidza -S. Hwata </lines>
    </verse>
    <verse name="v2">
      <lines> M Amai muvirigo vanotiraidza amai muvirigo vanotiraidza<br/>V All Tiperekedzei patinoteiwa nadhiabhore tiri vana venyu tiudzei togoitei </lines>
    </verse>
    <verse name="v3">
      <lines> Madetembo: </lines>
    </verse>
    <verse name="v4">
      <lines> l.Amai vomwana Yesu Kristo mwoyo wenyu wakamuchengeta<br/>2.Totevera tsika dzaYesu mwana wenyu kuti tive venyu vechokwadi<br/>3.Kuti tidaro mazuva ese amai tiudzei </lines>
    </verse>
    <verse name="v5">
      <lines> Chorus: </lines>
    </verse>
    <verse name="v6">
      <lines> SIA Tichitarisa mwana wenyu Yesu achigara pamabvi enyu tinochemera kufanana naye isu vana venyu tiudzei togoitei<br/>B --- Mwana wenyu Yesu achigara pamabv i enyu tinochemera kufanana naye isu vana venyu tiudzei togoitei. </lines>
    </verse>
  </lyrics>
</song>
