<?xml version='1.0' encoding='UTF-8'?>
<song xmlns="http://openlyrics.info/namespace/2009/song" version="0.8" createdIn="OpenLP 2.4.6" modifiedIn="OpenLP 2.4.6" modifiedDate="2022-11-26T23:17:42">
  <properties>
    <titles>
      <title>Catholic Shona Hymn 44</title>
      <title>Hymn 44Baba vano rudo-o-o</title>
    </titles>
    <authors>
      <author>Catholic Hymns</author>
    </authors>
  </properties>
  <lyrics>
    <verse name="v1">
      <lines> Baba vano rudo-o-o </lines>
    </verse>
    <verse name="v2">
      <lines> MSIA Baba vano rudo-o-o<br/>VS/A Muvavariro yenyu yekutizivisa nezveupenyu husingaperi makatuma mwanakomana wenyu Yesu Kristo kuti asvitse vanhu vose kuumambo hwenyu --- tinokukumbirisai kuti musimbaradze vanhu venyu mubasa ravo rokuparidza dama dama rakanaka kumarudzi ose avanhu munyika yedu ino yeAfrica<br/>BIT --- Muvavariro- muvavariro yenyu makatuma mwanakomana kuti asvitse vanhu kuumambo hwenyu --- tinokumbirisa kuti musimbaradze vanhu venyu mubasa ravo nokuparidza da-a-ma rakanaka kumarudzi ose avanhu munyika yedu ino yeAfrica<br/>Madetembo:<br/>l.Pane kusaaziva mupe ruzivo<br/>2.Pane kutyaa mupe kushinga<br/>3.Pane udzvinyiriri mupe ruenzaniso<br/>4.Pane kurwisana mupe rugare<br/>5.Tinokukumirai izvi nomuna Yesu Kristo Mambo wedu Amen<br/>Chorus:<br/>Dai mweya mutsvene angotitungamirirawo mukugadzirira nzira dzokuparidza shoko raMwari kuti vanhu vose vomuno muAfrica vave vateveri venyu uye tivadzidzise kuti vazive vagokwanisa kutevedzea zvose zvamakati-tsidzira<br/>--- Dai Mweya mutsvene angotitungamirirawo nzira dzokuparidza shoko raMwari --- vanhu vomuno muAfrica vave vateveri venyu tivadzidzise kuti vazive vagokwanisa kutevedzera zvose zvamakatitsidzira </lines>
    </verse>
  </lyrics>
</song>
