<?xml version='1.0' encoding='UTF-8'?>
<song xmlns="http://openlyrics.info/namespace/2009/song" version="0.8" createdIn="OpenLP 2.4.6" modifiedIn="OpenLP 2.4.6" modifiedDate="2022-11-26T23:17:42">
  <properties>
    <titles>
      <title>Catholic Shona Hymn 12</title>
      <title>Hymn 12Alleluya Munyika Dzose -Fr E. Ribeiro S/A/T</title>
    </titles>
    <authors>
      <author>Catholic Hymns</author>
    </authors>
  </properties>
  <lyrics>
    <verse name="v1">
      <lines> Alleluya Munyika Dzose -Fr E. Ribeiro S/A/T </lines>
    </verse>
    <verse name="v2">
      <lines> Alleluya x4 munyika dzose<br/>B Alleluya x3 munyika dzose - dzose x2 </lines>
    </verse>
    <verse name="v3">
      <lines> Madetembo:<br/>1. Endai munyika dzose dzapasi<br/>2. Mundodzidzisa vanhu vose<br/>SIA/T Alleluya x4 munyika dzose<br/>B Alleluya x3 munyika dzose - dzose </lines>
    </verse>
  </lyrics>
</song>
