<?xml version='1.0' encoding='UTF-8'?>
<song xmlns="http://openlyrics.info/namespace/2009/song" version="0.8" createdIn="OpenLP 2.4.6" modifiedIn="OpenLP 2.4.6" modifiedDate="2022-11-26T23:17:42">
  <properties>
    <titles>
      <title>Catholic Shona Hymn 70</title>
      <title>Hymn 70Chiuyai Mambo Yesu -Z.N Terere</title>
    </titles>
    <authors>
      <author>Catholic Hymns</author>
    </authors>
  </properties>
  <lyrics>
    <verse name="v1">
      <lines> Chiuyai Mambo Yesu -Z.N Terere </lines>
    </verse>
    <verse name="v2">
      <lines> M SIA Chiuyai Mambo Yesu<br/>V All lye Johane akanzwa izwi richiti ndinokurumidza kuuya kuzopa mubairo munhu wose maererano namabasa ake </lines>
    </verse>
    <verse name="v3">
      <lines> Madetembo: </lines>
    </verse>
    <verse name="v4">
      <lines> l.Ndini Arifa naOmega ndini mviromviro nomugumovakakomborerwa avo vanochenesa mijivha yavo vachizopinda muguta napamazambara<br/>2. Ndini Yesu ndakatumira ngirozi yangu kuti izokuparidzirai uchapupu uhwu hwezvamasangano<br/>3. Ndini wechizvarwa chaDhavhiti ndini hweva inotaima<br/>4. Mweya nomwenga vanoti chiuyai anenge achinzwa izwi ngaatiwo chiuyai </lines>
    </verse>
    <verse name="v5">
      <lines> Chorus: </lines>
    </verse>
    <verse name="v6">
      <lines> All Chiuyai Yesu nemubairo chiuyai Yesu Mambo </lines>
    </verse>
  </lyrics>
</song>
