<?xml version='1.0' encoding='UTF-8'?>
<song xmlns="http://openlyrics.info/namespace/2009/song" version="0.8" createdIn="OpenLP 2.4.6" modifiedIn="OpenLP 2.4.6" modifiedDate="2022-11-26T23:17:42">
  <properties>
    <titles>
      <title>Catholic Shona Hymn 28</title>
      <title>Hymn 28Anonwa Mvura -R. Tonganai</title>
    </titles>
    <authors>
      <author>Catholic Hymns</author>
    </authors>
  </properties>
  <lyrics>
    <verse name="v1">
      <lines> Anonwa Mvura -R. Tonganai </lines>
    </verse>
    <verse name="v2">
      <lines> M Anonwa mvura yorupenyu anonwa mvura V SIA Anonwa mvura yorupenyuu haachazovi nenyota nariini anonwa mvura yorupenyu haachazovi nenyota B Anonwa mvura yorupenyu anonwa mvuraha haachazovi nenyota anonwa mvura yorupenyu haachazovi nenyota </lines>
    </verse>
    <verse name="v3">
      <lines> Madetembo: </lines>
    </verse>
    <verse name="v4">
      <lines> 1 Mwari achaburuka semvura pauswa hwakagurirwa . Anonwa mvura<br/>2.Madzimambo achauya nezvipo madzimambo achavigira Mwari mupiro . Anonwa mvura<br/>3. Kuchava nezviyo zvizhinji pasi pano zvibereko zvazvo zvichavhunga sedombo. Anonwa mvura<br/>4. Vanhu vanogara paguta vachawanda souswa pasi . Anonwa mvura<br/>5. Mambo achauya semvura inonaya ichidiridza nyika. Anonwa mvura </lines>
    </verse>
  </lyrics>
</song>
