<?xml version='1.0' encoding='UTF-8'?>
<song xmlns="http://openlyrics.info/namespace/2009/song" version="0.8" createdIn="OpenLP 2.4.6" modifiedIn="OpenLP 2.4.6" modifiedDate="2022-11-26T23:17:42">
  <properties>
    <titles>
      <title>Catholic Shona Hymn 42</title>
      <title>Hymn 42Baba Vangu Vokudenga- A G. Mutetwa</title>
    </titles>
    <authors>
      <author>Catholic Hymns</author>
    </authors>
  </properties>
  <lyrics>
    <verse name="v1">
      <lines> Baba Vangu Vokudenga- A G. Mutetwa </lines>
    </verse>
    <verse name="v2">
      <lines> M Baba vangu vokudenga tsitsi dzenyu hadzina mugumo V All Nadzo makandichenesa nokundidzosera mufaro ...x2 </lines>
    </verse>
    <verse name="v3">
      <lines> Madetembo: </lines>
    </verse>
    <verse name="v4">
      <lines> l.Mufaro womwana waMwari mufaro womwana waMwari<br/>2.Ndichaedza kukufadzai nomugariro mutsvene netsika dzakanaka<br/>3.Nyasha dzenyu ngadzive neni nokuteterera kwaAmai Maria </lines>
    </verse>
    <verse name="v5">
      <lines> Chorus: </lines>
    </verse>
    <verse name="v6">
      <lines> SIA Mazviita-a mazviita Mambo ndinotenda zvikuru . ..x2<br/>--- Zvikuru Mambo-o mazviita-a ndinotenda zvikuru ...x2<br/>T Mufaro wenyu makandidzosera ndinotenda zvikuru . ..x2 </lines>
    </verse>
  </lyrics>
</song>
