<?xml version='1.0' encoding='UTF-8'?>
<song xmlns="http://openlyrics.info/namespace/2009/song" version="0.8" createdIn="OpenLP 2.4.6" modifiedIn="OpenLP 2.4.6" modifiedDate="2022-11-26T23:17:42">
  <properties>
    <titles>
      <title>Catholic Shona Hymn 48</title>
      <title>Hymn 48Baba Vedu Mwari- M Marimazhira</title>
    </titles>
    <authors>
      <author>Catholic Hymns</author>
    </authors>
  </properties>
  <lyrics>
    <verse name="v1">
      <lines> Baba Vedu Mwari- M Marimazhira </lines>
    </verse>
    <verse name="v2">
      <lines> M Baba vedu Mwarii<br/>V All Tinoteterera Mambo, tinoteterera Mwari-i, zaruriraiwo denga mwana wenyu uyu </lines>
    </verse>
    <verse name="v3">
      <lines> Madetembo: </lines>
    </verse>
    <verse name="v4">
      <lines> 1.Kutadza ndokwavanhu Mwari, tiri vana venyu tinzwei<br/>2.Mukati mutiramwe Mwari, nhamo dzingadurikidzane<br/>3. Tingazive kwaaniko-o mukatirasa nhai Mambo<br/>4. Makatisika ndimi Mwari, motongoramba muinesu<br/>5.Nyadzisai vavengi vedu munzwe chichemo chedu Mambo<br/>6.Mwana wenyu achizorora agare achitonhererwa </lines>
    </verse>
    <verse name="v5">
      <lines> Chorus: </lines>
    </verse>
    <verse name="v6">
      <lines> SIA Nga-achifara --- mumuzinda wenyu wedenga<br/>B Ngaachifara, mwana wenyu mumuzinda wedenga </lines>
    </verse>
  </lyrics>
</song>
