<?xml version='1.0' encoding='UTF-8'?>
<song xmlns="http://openlyrics.info/namespace/2009/song" version="0.8" createdIn="OpenLP 2.4.6" modifiedIn="OpenLP 2.4.6" modifiedDate="2022-11-26T23:17:42">
  <properties>
    <titles>
      <title>Catholic Shona Hymn 52</title>
      <title>Hymn 52Baba Vokudenga Vanoziva -E. Musungo</title>
    </titles>
    <authors>
      <author>Catholic Hymns</author>
    </authors>
  </properties>
  <lyrics>
    <verse name="v1">
      <lines> Baba Vokudenga Vanoziva -E. Musungo </lines>
    </verse>
    <verse name="v2">
      <lines> M Baba vok:udenga vanoziva-ha<br/>V SIA Musazvidya moyo muchiti tichadyei tichamwei kana tichapfekei Baba vok:udenga vanoziva k:uti zvose munozvidawo B Musazvidya moyo muchiti tichamwei tichapfekei Baba vok:udenga vanoziva zvose munozvidawo-o<br/>Madetembo:<br/>1. Tarirai shiri dzedenga hadzidyari uye hadzikohwi .<br/>2. Ko ndiani angarebese hupenyu hwake nok:uzvidya moyo.<br/>3.Ongororai mak:uriro amaruva esango haabati basa haaruki .<br/>4.Asi kunyange Soromoni pahuk:uru hwake haana kumboshongedzwa seruva resango .<br/>S.Hakuna munhu angashandira vaTenzi vaviri hamungashandiri Mwari kana mari .<br/>6.Kutangira zvose tsvakai humambo hwaMwari.<br/>Chorus:<br/>SIA Hupenyu hukuru pane chok:upfeka hupenyu huk:uru pane zvok:udya nokunwa<br/>B Musati togodyei- togonwei hupenyu huk:uru pane zvok:udya nokunwa </lines>
    </verse>
  </lyrics>
</song>
