<?xml version='1.0' encoding='UTF-8'?>
<song xmlns="http://openlyrics.info/namespace/2009/song" version="0.8" createdIn="OpenLP 2.4.6" modifiedIn="OpenLP 2.4.6" modifiedDate="2022-11-26T23:17:42">
  <properties>
    <titles>
      <title>Catholic Shona Hymn 10</title>
      <title>Hymn 10Akavagamuchira Vachinge Mupiro - T.I Muvingi</title>
    </titles>
    <authors>
      <author>Catholic Hymns</author>
    </authors>
  </properties>
  <lyrics>
    <verse name="v1">
      <lines> Akavagamuchira Vachinge Mupiro - T.I Muvingi </lines>
    </verse>
    <verse name="v2">
      <lines> M S/A Akavagamuchira vachinge mipiro inopiswa ...<br/>V SIA Mweya yevakarurama iri mumaoko aMwarii-i .. .<br/>Hapana dambudzo rinovawana ... Kufa kwawo kwaionekwa_ senhamo, kutisiya sokuparadzwa nyamba ivo<br/>vakatogarika<br/>B Mweya yavakarurama iri mumaoko aMwari ... Hapana dambudzo rinovawana ... Kwavo kwaionekwa<br/>senhamo ... Kutisiya sokuparadzwa nyamba ivo vakatogarika </lines>
    </verse>
    <verse name="v3">
      <lines> Madetembo:<br/>l.Nezuva rokushanyirwa kwavo vachapenya.<br/>2.Vachiita zvinoita mapfarivari anovarika-rika.<br/>3.Murwi wamashanga uri kutsva.<br/>4.Vasarudzwi vake vachagara nhaka yomwoyochena netsitsi.<br/>5.Mwari ari Mambo wavo nokusingaperi </lines>
    </verse>
    <verse name="v4">
      <lines> Chorus:<br/>SIA Kunetsekana kashoma kwavakangoita --- vava kugamuchira makomborero , Mwari akavawana<br/>vakakodzerana naye<br/>B Kunetsekana kashoma kwavakangoita asi zvino --- kugamuchira makomborero makuru Mwari akavawana<br/>vakakodzerana naye. </lines>
    </verse>
  </lyrics>
</song>
