<?xml version='1.0' encoding='UTF-8'?>
<song xmlns="http://openlyrics.info/namespace/2009/song" version="0.8" createdIn="OpenLP 2.4.6" modifiedIn="OpenLP 2.4.6" modifiedDate="2022-11-26T23:17:45">
  <properties>
    <titles>
      <title>Methodist Shona Hymn 185</title>
      <title>Hymn 185Musimba renyasha</title>
    </titles>
    <authors>
      <author>Methodist Hymns</author>
    </authors>
  </properties>
  <lyrics>
    <verse name="v1">
      <lines> Musimba renyasha,<br/>Mwoyo uchifara,<br/>Ndozvitsaurira imi<br/>Nguva dzangu dzose. </lines>
    </verse>
    <verse name="v2">
      <lines> Ndakadzikinurwa<br/>Ndozvipira imi;<br/>Kubvira zvino ndinoda<br/>Kukushandirai. </lines>
    </verse>
  </lyrics>
</song>
