<?xml version='1.0' encoding='UTF-8'?>
<song xmlns="http://openlyrics.info/namespace/2009/song" version="0.8" createdIn="OpenLP 2.4.6" modifiedIn="OpenLP 2.4.6" modifiedDate="2022-11-26T23:17:46">
  <properties>
    <titles>
      <title>Methodist Shona Hymn 243</title>
      <title>Hymn 243Dzidzisai vadzidzisi</title>
    </titles>
    <authors>
      <author>Methodist Hymns</author>
    </authors>
  </properties>
  <lyrics>
    <verse name="v1">
      <lines> Dzidzisai vadzidzisi,<br/>Imi vanhu vake!<br/>Mudzidzise shoko rake<br/>Kudzo dzose nyika. </lines>
    </verse>
    <verse name="v2">
      <lines> Asi ngoro yezwi renyu<br/>Ngaifambe iyo;<br/>Kudzo dzose nzvimbo Jesu,<br/>Ngaisvike iko. </lines>
    </verse>
    <verse name="v3">
      <lines> Vadzidzisi dzidzisai,<br/>Imi vanhu vake!<br/>Ngarinzwiwe dama rake<br/>Navatadzi vose. </lines>
    </verse>
    <verse name="v4">
      <lines> Asi dama renyu Ishe,<br/>Ngarisvike muno;<br/>Ngarikwane nyika yose,<br/>Ridzidzise vanhu. </lines>
    </verse>
    <verse name="v5">
      <lines> Idzo nyika dziri kure<br/>Ngadzirizivewo,<br/>Dzitarire kuna Jesu<br/>Dzichitenda Iye. </lines>
    </verse>
  </lyrics>
</song>
