<?xml version='1.0' encoding='UTF-8'?>
<song xmlns="http://openlyrics.info/namespace/2009/song" version="0.8" createdIn="OpenLP 2.4.6" modifiedIn="OpenLP 2.4.6" modifiedDate="2022-11-26T23:17:43">
  <properties>
    <titles>
      <title>Methodist Shona Hymn 35</title>
      <title>Hymn 35Vafudzi vebetrehem</title>
    </titles>
    <authors>
      <author>Methodist Hymns</author>
    </authors>
  </properties>
  <lyrics>
    <verse name="v1">
      <lines> Vafudzi vebetrehem<br/>Vaigara musango,<br/>Vakaona ngirozi<br/>Yakauya ichiti:<br/>Musatye! Ndauya norufaro<br/>Rwavanhu vose!<br/>Mazvarirwa Muponisi,<br/>zita rake ndiye Jesu;<br/>Endai mumuone<br/>Muimba yezvipfuwo. </lines>
    </verse>
    <verse name="v2">
      <lines> Kwakauya vazhinji<br/>Veboka rokudenga,<br/>Namazwi erumbidzo<br/>Voimba pamwe chete;<br/>Tererai mazwi avatumwa<br/>Vanorumbidza:<br/>Ngaarumbidzwe kumsoro,<br/>Mwari mambo wokudenga,<br/>Rugare panyika<br/>Pane vaanofarira. </lines>
    </verse>
    <verse name="v3">
      <lines> Nhasi tinonyeverwa<br/>Ayo mazwi ekare;<br/>Ngirozi hatione<br/>Asi tine chokwadi<br/>Wazvarwa mumwoyo yedu,<br/>Mwana waMwari,<br/>Tinorumbidza norudo<br/>Kristu Ishe Muponisi,<br/>Rugare panyika<br/>Nokusingapere. </lines>
    </verse>
  </lyrics>
</song>
