<?xml version='1.0' encoding='UTF-8'?>
<song xmlns="http://openlyrics.info/namespace/2009/song" version="0.8" createdIn="OpenLP 2.4.6" modifiedIn="OpenLP 2.4.6" modifiedDate="2022-11-26T23:17:45">
  <properties>
    <titles>
      <title>Methodist Shona Hymn 215</title>
      <title>Hymn 215Taurai Ishe wedu</title>
    </titles>
    <authors>
      <author>Methodist Hymns</author>
    </authors>
  </properties>
  <lyrics>
    <verse name="v1">
      <lines> Taurai Ishe wedu,<br/>Tinzwise kuvapo kwenyu;<br/>Ivai nemwoyo yedu,<br/>Mutinzwise rudo rwenyu. </lines>
    </verse>
    <verse name="v2">
      <lines> Kana tiri mberi kwenyu,<br/>Ngaauye Mununuri;<br/>Rubvire mumwoyo yedu<br/>Irwo runyararo rwenyu. </lines>
    </verse>
    <verse name="v3">
      <lines> Inzwai muteuro wedu,<br/>Mutipindure netsitsi;<br/>Mutsaiwo zvido zvedu,<br/>Tidise utsvene hwenyu. </lines>
    </verse>
  </lyrics>
</song>
