<?xml version='1.0' encoding='UTF-8'?>
<song xmlns="http://openlyrics.info/namespace/2009/song" version="0.8" createdIn="OpenLP 2.4.6" modifiedIn="OpenLP 2.4.6" modifiedDate="2022-11-26T23:17:43">
  <properties>
    <titles>
      <title>Methodist Shona Hymn 56</title>
      <title>Hymn 56Mutadzi anofirirei?</title>
    </titles>
    <authors>
      <author>Methodist Hymns</author>
    </authors>
  </properties>
  <lyrics>
    <verse name="v1">
      <lines> Mutadzi anofirirei?<br/>Jesu waturikirwei?<br/>Kukuwa kwake ndokwei?<br/>Anoteurira isu:<br/>Baba, varegererei,<br/>Nokuti havandizive. </lines>
    </verse>
    <verse name="v2">
      <lines> Gwayana rorununuro!<br/>Nokutambudzika kwenyu,<br/>Ropa, nokunyadzwa kwenyu,<br/>Muchinjikwa norusuwo,<br/>Nokufa, noupenyuwo,<br/>Bisai, mudzime zvivi. </lines>
    </verse>
    <verse name="v3">
      <lines> Ndisvipure tsoka dzenyu,<br/>Dzishambidzwe nemisodzi;<br/>Ngandiudze rudo rwenyu<br/>Munzeve dzavo vatadzi;<br/>Kuti vose vaponiswe,<br/>Nokuti ndanzwirwa ngoni. </lines>
    </verse>
    <verse name="v4">
      <lines> Rudo rwenyu rundimutse,<br/>Rudo rwenyu rwepachena;<br/>Kuti vakatadza vose<br/>Vanzwe tsitsi dzandiwana,<br/>Kuti vose vazivise<br/>Rudo rwenyu rusingafe. </lines>
    </verse>
  </lyrics>
</song>
