<?xml version='1.0' encoding='UTF-8'?>
<song xmlns="http://openlyrics.info/namespace/2009/song" version="0.8" createdIn="OpenLP 2.4.6" modifiedIn="OpenLP 2.4.6" modifiedDate="2022-11-26T23:17:43">
  <properties>
    <titles>
      <title>Methodist Shona Hymn 37</title>
      <title>Hymn 37Vafudzi zvavakarinda</title>
    </titles>
    <authors>
      <author>Methodist Hymns</author>
    </authors>
  </properties>
  <lyrics>
    <verse name="v1">
      <lines> Vafudzi zvavakarinda<br/>Usiku musango,<br/>Vakatumirwa ngirozi<br/>Ichipenya kwazvo. </lines>
    </verse>
    <verse name="v2">
      <lines> Ikati: Regai kutya,<br/>Ndokupai mose<br/>Mashoko anofadzisa<br/>Kwamuri navose. </lines>
    </verse>
    <verse name="v3">
      <lines> Ikoko kubetrehema<br/>Nhasi mazvarirwa<br/>Kristu Ishe noMponisi<br/>wavanhu venyika. </lines>
    </verse>
    <verse name="v4">
      <lines> Mucheche wabva kudenga<br/>Muchanomuona<br/>wafukidzwa nemicheka<br/>Arere muzamba </lines>
    </verse>
    <verse name="v5">
      <lines> Ngirozi zvayakapedza<br/>Dzimwe dzakauya;<br/>Dzikaimba kuna Mwari<br/>Dzikamurumbidza. </lines>
    </verse>
    <verse name="v6">
      <lines> Ngaarumbidzwe kumsoro,<br/>Mwari wedu nhasi,<br/>Norunyararo ruvepo<br/>Kuvanhu venyika. </lines>
    </verse>
  </lyrics>
</song>
