<?xml version='1.0' encoding='UTF-8'?>
<song xmlns="http://openlyrics.info/namespace/2009/song" version="0.8" createdIn="OpenLP 2.4.6" modifiedIn="OpenLP 2.4.6" modifiedDate="2022-11-26T23:17:44">
  <properties>
    <titles>
      <title>Methodist Shona Hymn 161</title>
      <title>Hymn 161baba! mune simba rose</title>
    </titles>
    <authors>
      <author>Methodist Hymns</author>
    </authors>
  </properties>
  <lyrics>
    <verse name="v1">
      <lines> baba! mune simba rose<br/>Muchengi wavose,<br/>Kana ndikabva kwamuri<br/>Ndingahwanda kupi? </lines>
    </verse>
    <verse name="v2">
      <lines> baba! Musiki wazvose<br/>Hapana mumwezve,<br/>Mutongi wezvinhu zvose,<br/>Mukundi wemhandu. </lines>
    </verse>
    <verse name="v3">
      <lines> baba munovada vose<br/>Vanovimba nemi;<br/>Mufudzi wezvirokwazvo<br/>Munovazorodza. </lines>
    </verse>
    <verse name="v4">
      <lines> baba mune simba rose<br/>Muchengi wavose<br/>Ndouya zvino kwamuri<br/>Mwari wezvokwadi. </lines>
    </verse>
  </lyrics>
</song>
