<?xml version='1.0' encoding='UTF-8'?>
<song xmlns="http://openlyrics.info/namespace/2009/song" version="0.8" createdIn="OpenLP 2.4.6" modifiedIn="OpenLP 2.4.6" modifiedDate="2022-11-26T23:17:46">
  <properties>
    <titles>
      <title>Methodist Shona Hymn 270</title>
      <title>Hymn 270Vachenjeri ivo</title>
    </titles>
    <authors>
      <author>Methodist Hymns</author>
    </authors>
  </properties>
  <lyrics>
    <verse name="v1">
      <lines> Vachenjeri ivo<br/>Vabva kure sei<br/>Kuzoona Jesu,<br/>Mwana Mutsvene! </lines>
    </verse>
    <verse name="v2">
      <lines> zvatinomushuva<br/>Achava pedyo,<br/>Nyika yatigere<br/>Inyika yake. </lines>
    </verse>
    <verse name="v3">
      <lines> Vanomunamata<br/>Vachamuwana,<br/>Vasangane naye<br/>Mangwanangwana. </lines>
    </verse>
    <verse name="v4">
      <lines> Nomuminda yedu<br/>Nomukukohwa,<br/>Nyangwe pamisika<br/>Towana Jesu. </lines>
    </verse>
    <verse name="v5">
      <lines> Vabati vehove<br/>Votaura naye<br/>Savadzidzi vake<br/>PaGaririya. </lines>
    </verse>
    <verse name="v6">
      <lines> wese musha, muno<br/>Munyika yedu,<br/>Unganatswe naye,<br/>Sowebhetani. </lines>
    </verse>
    <verse name="v7">
      <lines> Kana tichimuda<br/>Ari pedyo sei!<br/>wotsvaka kugara<br/>Mumwoyo yedu </lines>
    </verse>
  </lyrics>
</song>
