<?xml version='1.0' encoding='UTF-8'?>
<song xmlns="http://openlyrics.info/namespace/2009/song" version="0.8" createdIn="OpenLP 2.4.6" modifiedIn="OpenLP 2.4.6" modifiedDate="2022-11-26T23:17:44">
  <properties>
    <titles>
      <title>Methodist Shona Hymn 119</title>
      <title>Hymn 119zvingagova sei kuti</title>
    </titles>
    <authors>
      <author>Methodist Hymns</author>
    </authors>
  </properties>
  <lyrics>
    <verse name="v1">
      <lines> zvingagova sei kuti<br/>Ndisunungurwe naIshe?<br/>Ndiye wakafira ini<br/>Ndakamukonzera kufa?<br/>Chishamiso chakadini!<br/>Mwari makafira ini! </lines>
    </verse>
    <verse name="v2">
      <lines> Ndimashura! Mwari kufa?<br/>Mazano anoshamisa!<br/>Ngirozi dzokundikana<br/>Kunzwisisa rudo rwake.<br/>Tsitsi dzake! Ngatikudze,<br/>Ngirozi dzoshamisika. </lines>
    </verse>
    <verse name="v3">
      <lines> Wakasiya denga rake<br/>Nenzira yengoni dzake;<br/>wakazvidurura chose,<br/>wakafira isu vanhu<br/>Tsitsi dzake dzakanyanya<br/>Dzakasvikawo kwandiri. </lines>
    </verse>
    <verse name="v4">
      <lines> Mweya wangu wakasungwa<br/>Namajoto ezvitadzo,<br/>ziso renyu randiona<br/>Randipenyera zvikuru<br/>Ndakabiswawo majoto,<br/>Ndabva ndatevera imi. </lines>
    </verse>
    <verse name="v5">
      <lines> Handitye zvino kutongwa,<br/>Jesu nezvake ndowangu,<br/>Maari ndava mupenyu,<br/>Ndaruramiswa naIshe,<br/>Ndosedera kuna Mwari,<br/>Ndipiwe chiremba naShe. </lines>
    </verse>
  </lyrics>
</song>
