<?xml version='1.0' encoding='UTF-8'?>
<song xmlns="http://openlyrics.info/namespace/2009/song" version="0.8" createdIn="OpenLP 2.4.6" modifiedIn="OpenLP 2.4.6" modifiedDate="2022-11-26T23:17:46">
  <properties>
    <titles>
      <title>Methodist Shona Hymn 302</title>
      <title>Hymn 302Uyai, vanhu, tiimbe</title>
    </titles>
    <authors>
      <author>Methodist Hymns</author>
    </authors>
  </properties>
  <lyrics>
    <verse name="v1">
      <lines> Uyai, vanhu, tiimbe<br/>Rwiyo rwapamasutso;<br/>zviyo zvose zvachekwa,<br/>Takakohwa muminda;<br/>Jehovha wakatipa<br/>zvose zvatinoshaya;<br/>Uyai kumba yake,<br/>Ngatimukurumbidze. </lines>
    </verse>
    <verse name="v2">
      <lines> Tiri munda waMwari,<br/>Anotsvaka kwatiri<br/>zviyo zvakanakisa<br/>zvibve mumwoyo yedu;<br/>Mapumhuri nehura,<br/>Shure kwezvo zvoibva,<br/>Ishe tinoda kuva<br/>zviyo zvakanakisa. </lines>
    </verse>
    <verse name="v3">
      <lines> Nokuti Mwari wedu<br/>Achauya kucheka,<br/>Achapisa nomoto<br/>Sawi rose romunda;<br/>Achatuma kumunda<br/>Nhume dzake dzedenga<br/>Kuzoisa zvokudya<br/>Mudura rake guru. </lines>
    </verse>
    <verse name="v4">
      <lines> Nazvino uyai She<br/>Kohwai zviyo zvenyu;<br/>Kukurai vatendi,<br/>Vabvisei muzvivi;<br/>Muvatsvenise chose<br/>Vave mudura renyu;<br/>Uyai nengirozi,<br/>Uyai, Ishe Jesu. </lines>
    </verse>
  </lyrics>
</song>
