<?xml version='1.0' encoding='UTF-8'?>
<song xmlns="http://openlyrics.info/namespace/2009/song" version="0.8" createdIn="OpenLP 2.4.6" modifiedIn="OpenLP 2.4.6" modifiedDate="2022-11-26T23:17:46">
  <properties>
    <titles>
      <title>Methodist Shona Hymn 286</title>
      <title>Hymn 286Mati imi baba wedu</title>
    </titles>
    <authors>
      <author>Methodist Hymns</author>
    </authors>
  </properties>
  <lyrics>
    <verse name="v1">
      <lines> Mati imi baba wedu<br/>Pakusika kwenyu vanhu,<br/>Makavasika vaviri,<br/>Murume nomunhukadzi. </lines>
    </verse>
    <verse name="v2">
      <lines> Makariburitsa izwi;<br/>Munhu ngaasiye baba<br/>Agare nomkadzi wake,<br/>Vave nyama imwe chete. </lines>
    </verse>
    <verse name="v3">
      <lines> Naivava vatsva vedu<br/>Murume nomusikana<br/>Vauya kusvitswa pano<br/>Seyo tsika yezwi renyu. </lines>
    </verse>
    <verse name="v4">
      <lines> Vaitei vave mumwe<br/>Nokubvuma nokuita;<br/>Vati pakugara kwavo<br/>Vayamurane norudo. </lines>
    </verse>
    <verse name="v5">
      <lines> Vasimbaradzei baba<br/>Vaibate nzira yenyu<br/>Pamakore avo ose<br/>Vachengetwe nemi baba </lines>
    </verse>
  </lyrics>
</song>
