<?xml version='1.0' encoding='UTF-8'?>
<song xmlns="http://openlyrics.info/namespace/2009/song" version="0.8" createdIn="OpenLP 2.4.6" modifiedIn="OpenLP 2.4.6" modifiedDate="2022-11-26T23:17:44">
  <properties>
    <titles>
      <title>Methodist Shona Hymn 128</title>
      <title>Hymn 128Imi makabva kuzuru</title>
    </titles>
    <authors>
      <author>Methodist Hymns</author>
    </authors>
  </properties>
  <lyrics>
    <verse name="v1">
      <lines> Imi makabva kuzuru<br/>Kutungidza moto pasi,<br/>Vesai rudo rutsvene<br/>Ipapo pamwoyo wangu; </lines>
    </verse>
    <verse name="v2">
      <lines> Ubvirire mbiri yenyu<br/>Nerimi risingadzimwe,<br/>Rimire seshongwe yangu,<br/>Uve muteuro wangu. </lines>
    </verse>
    <verse name="v3">
      <lines> Simbisai nhuna dzangu<br/>Kuti ndikushandirei;<br/>Rudo rwenyu ruchipfuta<br/>Rumutse chipo mandiri. </lines>
    </verse>
    <verse name="v4">
      <lines> Ndigadzirire kuita<br/>Kuda kwenyu kwakakwana,<br/>Dakara ndive pakufa<br/>Diramhamba rigokwana. </lines>
    </verse>
  </lyrics>
</song>
