<?xml version='1.0' encoding='UTF-8'?>
<song xmlns="http://openlyrics.info/namespace/2009/song" version="0.8" createdIn="OpenLP 2.4.6" modifiedIn="OpenLP 2.4.6" modifiedDate="2022-11-26T23:17:46">
  <properties>
    <titles>
      <title>Methodist Shona Hymn 257</title>
      <title>Hymn 257Ishe makamboburuka</title>
    </titles>
    <authors>
      <author>Methodist Hymns</author>
    </authors>
  </properties>
  <lyrics>
    <verse name="v1">
      <lines> Ishe makamboburuka,<br/>Muchigombosiya denga,<br/>Pamwe noushe hwenyu;<br/>Ndimi Ishe makaiteri. </lines>
    </verse>
    <verse name="v2">
      <lines> Ishe, makavinga munhu<br/>Kuti muzomununura<br/>Nokumupa Mweya wenyu;<br/>Ndimi Ishe makaiteri. </lines>
    </verse>
    <verse name="v3">
      <lines> Ishe makavinga nyika,<br/>Kuti mugoinunura<br/>Nokupira ropa renyu;<br/>Ndimi Ishe makaiteri. </lines>
    </verse>
    <verse name="v4">
      <lines> Ishe tungamirai nyika<br/>Kuti inange kwamuri,<br/>Ichiita kuda kwenyu;<br/>Ndimi Ishe mungaiteri, </lines>
    </verse>
    <verse name="v5">
      <lines> Ishe, dzimai kubayana,<br/>Kusina chakunotipa,<br/>Kunopunza misha yedu;<br/>Ndimi Ishe mungaiteri. </lines>
    </verse>
    <verse name="v6">
      <lines> Mirai nesu Changamire,<br/>Tisamire tiri toga,<br/>Munoziva shumba yedu;<br/>Ndimi Ishe mungaiteri. </lines>
    </verse>
  </lyrics>
</song>
