<?xml version='1.0' encoding='UTF-8'?>
<song xmlns="http://openlyrics.info/namespace/2009/song" version="0.8" createdIn="OpenLP 2.4.6" modifiedIn="OpenLP 2.4.6" modifiedDate="2022-11-26T23:17:44">
  <properties>
    <titles>
      <title>Methodist Shona Hymn 112</title>
      <title>Hymn 112Baba nditarisei netsitsi dzenyu</title>
    </titles>
    <authors>
      <author>Methodist Hymns</author>
    </authors>
  </properties>
  <lyrics>
    <verse name="v1">
      <lines> Baba nditarisei netsitsi dzenyu,<br/>Mundiregerere zvivi zvangu;<br/>Neropa roMwanakomana wenyu<br/>Chimboteererai izwi rangu. </lines>
    </verse>
    <verse name="v2">
      <lines> Ishe wangu ndinayo tsvina bedzi,<br/>Handingashambidze mwoyo wangu;<br/>Ndovimba chete nedzo tsitsi dzenyu<br/>Nokuti ihuru mhosva yangu. </lines>
    </verse>
    <verse name="v3">
      <lines> Zvose zvakaipa zvandakaita<br/>Ndinozviona mupfungwa dzangu,<br/>Zviito zvangu zvinondinyadzisa<br/>Ndinoremerwa nemhosva yangu. </lines>
    </verse>
    <verse name="v4">
      <lines> Asi ndakanzwa noruregerero<br/>Kuti ruripo kuMuponisi.<br/>Ndicharuwana, ndinobvuma chose,<br/>Ndiye wandidana Ishe wangu. </lines>
    </verse>
  </lyrics>
</song>
