<?xml version='1.0' encoding='UTF-8'?>
<song xmlns="http://openlyrics.info/namespace/2009/song" version="0.8" createdIn="OpenLP 2.4.6" modifiedIn="OpenLP 2.4.6" modifiedDate="2022-11-26T23:17:46">
  <properties>
    <titles>
      <title>Methodist Shona Hymn 294</title>
      <title>Hymn 294Ndinokukurumbidzai</title>
    </titles>
    <authors>
      <author>Methodist Hymns</author>
    </authors>
  </properties>
  <lyrics>
    <verse name="v1">
      <lines> Ndinokukurumbidzai,<br/>Mwari mukuru, mauro ano;<br/>Ndivhumbamirwe sehuku,<br/>Nawo mapapiro enyu, </lines>
    </verse>
    <verse name="v2">
      <lines> Ndiregererei baba,<br/>Nenzira yaJesu Kristu,<br/>zvose zvakaipa zvangu<br/>zvandaita musi uno. </lines>
    </verse>
    <verse name="v3">
      <lines> Ndidzidzisei Jehovha.<br/>Ndigere pano panyika,<br/>Ndisingatye kufa uku<br/>Kunouya mumwe musi. </lines>
    </verse>
    <verse name="v4">
      <lines> Mweya wangu ngaugare<br/>Uve nemi pane rima,<br/>Ngandirinde zvakanaka<br/>Kuti ndimuke nesimba. </lines>
    </verse>
    <verse name="v5">
      <lines> Kana ndashayiwa hope<br/>Ndipei pfungwa dzedenga;<br/>zvibve kwandiri zviroto<br/>zvakaipa zvousiku. </lines>
    </verse>
    <verse name="v6">
      <lines> Ngandimire nguva dzose<br/>Ndakabata mwenje wangu,<br/>Ndifare kuona denga<br/>Kana rufu ruchisvika. </lines>
    </verse>
    <verse name="v7">
      <lines> Mukurumbira kwamuri<br/>Unoratidzwa nemwenje,<br/>Nomwenje wakabatidzwa<br/>Ndimirire ushe hwenyu. </lines>
    </verse>
    <verse name="v8">
      <lines> Mwari, mupi wezvitsvene,<br/>Ngaarumbidzwe nazvose;<br/>Rumbidzai vokudenga,<br/>baba, Mwana, naye Mweya. </lines>
    </verse>
  </lyrics>
</song>
