<?xml version='1.0' encoding='UTF-8'?>
<song xmlns="http://openlyrics.info/namespace/2009/song" version="0.8" createdIn="OpenLP 2.4.6" modifiedIn="OpenLP 2.4.6" modifiedDate="2022-11-26T23:17:44">
  <properties>
    <titles>
      <title>Methodist Shona Hymn 116</title>
      <title>Hymn 116baba ndiri mwana wenyu</title>
    </titles>
    <authors>
      <author>Methodist Hymns</author>
    </authors>
  </properties>
  <lyrics>
    <verse name="v1">
      <lines> baba ndiri mwana wenyu<br/>Nyange ndakatadza;<br/>Ndinochema mberi kwenyu,<br/>Mundiregerere. </lines>
    </verse>
    <verse name="v2">
      <lines> zvitadzo zvangu zvizhinji<br/>Hazvingaverengwe;<br/>Ndinozviisa kwamuri<br/>Mundiregerere. </lines>
    </verse>
    <verse name="v3">
      <lines> Mirau yenyu ndakatyora,<br/>Ndakakuzvidzai,<br/>Mununuri ndamurasa<br/>Mundiregerere. </lines>
    </verse>
    <verse name="v4">
      <lines> Ndakatadza nokureva<br/>Nokufunga kwangu,<br/>Ndakatadza namabasa,<br/>Mundiregerere. </lines>
    </verse>
    <verse name="v5">
      <lines> Nyange ndanga ndafanera<br/>Kukukurumbidza;<br/>Ndatadza nokukanganwa;<br/>Mundiregerere. </lines>
    </verse>
    <verse name="v6">
      <lines> Nezvakaipa zvizhinji<br/>baba, ndakatadza,<br/>Ndakakunyadzisai imi,<br/>Mundiregerere. </lines>
    </verse>
    <verse name="v7">
      <lines> Muri Mwari mune ngoni<br/>Dzisingazopera.<br/>Naizvozvo ndinochema;<br/>Mundiregerere. </lines>
    </verse>
  </lyrics>
</song>
