<?xml version='1.0' encoding='UTF-8'?>
<song xmlns="http://openlyrics.info/namespace/2009/song" version="0.8" createdIn="OpenLP 2.4.6" modifiedIn="OpenLP 2.4.6" modifiedDate="2022-11-26T23:17:45">
  <properties>
    <titles>
      <title>Methodist Shona Hymn 198</title>
      <title>Hymn 198Nokuchema kwandiinako</title>
    </titles>
    <authors>
      <author>Methodist Hymns</author>
    </authors>
  </properties>
  <lyrics>
    <verse name="v1">
      <lines> Nokuchema kwandiinako,<br/>Ngozi yakandibata ichakundwa,<br/>zvandarindira<br/>Mwana wepfumo jena achauya,<br/>Nhasi muvengi wangu achaona. </lines>
    </verse>
    <verse name="v2">
      <lines> Nokusungwa kwandiinako,<br/>Gasho romwoyo wangu richachekwa<br/>zvandarindira<br/>Jesu wokumatenga achauya,<br/>Yose misungo achaidimura. </lines>
    </verse>
    <verse name="v3">
      <lines> Norufaro rwenyika ino,<br/>Nyika yamunoona ichatongwa,<br/>Musi unenge<br/>Mwana wepfumo jena ava pano,<br/>zvose zvamunoona zvichapera. </lines>
    </verse>
    <verse name="v4">
      <lines> Noupfumi hwamunoona,<br/>Nhaka yenyika ino ichapera,<br/>Musi unenge<br/>Jesu wokumatenga ava pano.<br/>zvose zvamunoona zvichapera. </lines>
    </verse>
    <verse name="v5">
      <lines> Nomutongi wenyika ino,<br/>Mambo wenyika ino achatongwa,<br/>Musi unenge<br/>Mwana wokumatenga ava pano,<br/>Jinda renyika ino richachema. </lines>
    </verse>
    <verse name="v6">
      <lines> Nhasi pano, dzokai mose,<br/>Mambo wokumatenga ari pano<br/>watinoreva<br/>Jesu wokumatenga ari pano,<br/>Uyai mose mose muponiswe. </lines>
    </verse>
  </lyrics>
</song>
