<?xml version='1.0' encoding='UTF-8'?>
<song xmlns="http://openlyrics.info/namespace/2009/song" version="0.8" createdIn="OpenLP 2.4.6" modifiedIn="OpenLP 2.4.6" modifiedDate="2022-11-26T23:17:46">
  <properties>
    <titles>
      <title>Methodist Shona Hymn 292</title>
      <title>Hymn 292Muka mweya wangu, famba</title>
    </titles>
    <authors>
      <author>Methodist Hymns</author>
    </authors>
  </properties>
  <lyrics>
    <verse name="v1">
      <lines> Muka mweya wangu, famba<br/>Enda kundoita basa;<br/>Rasa nungo dzako, muka<br/>Inguva yokuteura. </lines>
    </verse>
    <verse name="v2">
      <lines> Upfidze kukanganisa<br/>Nhasi uno uchenjere,<br/>Ushandise matarenda<br/>Sezva uchiri mupenyu. </lines>
    </verse>
    <verse name="v3">
      <lines> Taura mazwi echokwadi<br/>Uve nomwoyo mutsvene;<br/>Mwari anoona zvose<br/>Pfungwa nezviito zvako. </lines>
    </verse>
    <verse name="v4">
      <lines> Muka mwoyo wangu, fara,<br/>Imba pamwe nengirozi,<br/>Dzinoramba dzichiimba<br/>Dzichikurumbidza Mwari. </lines>
    </verse>
    <verse name="v5">
      <lines> Rukurumbidzo ngaruve<br/>Kwamuri Ishe wedenga,<br/>Mandichengeta usiku<br/>Mandipamhidzira simba. </lines>
    </verse>
    <verse name="v6">
      <lines> Ndauyazve kuzopika<br/>Tive nechitenderano;<br/>Chengai pfungwa dzangu dzose<br/>Ndizadzwe nomweya wenyu. </lines>
    </verse>
    <verse name="v7">
      <lines> Nditungamirei nhasi<br/>Pabasa randinoita,<br/>Muzvifungo namashoko<br/>Ndikukudzei nazvose. </lines>
    </verse>
    <verse name="v8">
      <lines> Mwari mupi wezvitsvene<br/>Ngaarumbidzwe nazvose;<br/>Rumbidzai vokudenga<br/>baba, Mwana, naye Mweya. </lines>
    </verse>
    <verse name="v9">
      <lines> Tarisazve nziyo idzi: 85 </lines>
    </verse>
  </lyrics>
</song>
