<?xml version='1.0' encoding='UTF-8'?>
<song xmlns="http://openlyrics.info/namespace/2009/song" version="0.8" createdIn="OpenLP 2.4.6" modifiedIn="OpenLP 2.4.6" modifiedDate="2022-11-26T23:17:46">
  <properties>
    <titles>
      <title>Methodist Shona Hymn 233</title>
      <title>Hymn 233Kristu mukomboreri</title>
    </titles>
    <authors>
      <author>Methodist Hymns</author>
    </authors>
  </properties>
  <lyrics>
    <verse name="v1">
      <lines> Kristu mukomboreri,<br/>Munonatsa vatsvene,<br/>Tinzwei,nhengo dzenyu<br/>Dzomuviri mutsvene. </lines>
    </verse>
    <verse name="v2">
      <lines> Ngatiwadzane nemi,<br/>Tigamuchire zvenyu,<br/>Todaidza kwamuri,<br/>Munozadzisa zvose. </lines>
    </verse>
    <verse name="v3">
      <lines> Ngatishandiswe nemi,<br/>Tigovaniswe zvipo;<br/>Ndimi munotimisa<br/>Tiite basa renyu. </lines>
    </verse>
    <verse name="v4">
      <lines> Ngatibvumiranei,<br/>Tichinzwirana tsitsi;<br/>Kuti tichengetane<br/>Mumwe nomumwe nemi. </lines>
    </verse>
    <verse name="v5">
      <lines> Rudo runoparadza<br/>zvose zvinotsautsa;<br/>Mapoka anopera,<br/>Kristu Musoro wedu. </lines>
    </verse>
    <verse name="v6">
      <lines> Tarisazve nziyo idzi: 176, 255 </lines>
    </verse>
  </lyrics>
</song>
