<?xml version='1.0' encoding='UTF-8'?>
<song xmlns="http://openlyrics.info/namespace/2009/song" version="0.8" createdIn="OpenLP 2.4.6" modifiedIn="OpenLP 2.4.6" modifiedDate="2022-11-26T23:17:45">
  <properties>
    <titles>
      <title>Methodist Shona Hymn 228</title>
      <title>Hymn 228Tichiri vapenyu</title>
    </titles>
    <authors>
      <author>Methodist Hymns</author>
    </authors>
  </properties>
  <lyrics>
    <verse name="v1">
      <lines> Tichiri vapenyu,<br/>Tichionanazve;<br/>Ngaakurumbidzwe Jesu<br/>Nadzo ngoni dzake. </lines>
    </verse>
    <verse name="v2">
      <lines> Takachengeterwa<br/>Ruponiso pano;<br/>Ngatikurumbidze Jesu<br/>Tiri mberi kwake. </lines>
    </verse>
    <verse name="v3">
      <lines> Takaona nyatwa,<br/>Pamwe namadzudzo;<br/>Takarwisana nokutya,<br/>Chingotasangana. </lines>
    </verse>
    <verse name="v4">
      <lines> Jesu muna zvose<br/>wakatiburitsa;<br/>Nesimba rorudo rwake<br/>wotivhumbamira. </lines>
    </verse>
    <verse name="v5">
      <lines> Ngatidade naye<br/>Naro simba rake,<br/>Simba rotiponisisa,<br/>Tisazotadzazve. </lines>
    </verse>
    <verse name="v6">
      <lines> zvino ngatitore<br/>Muchinjikwa wake,<br/>Tirase zvose zvenyika,<br/>Timuwane Jesu. </lines>
    </verse>
  </lyrics>
</song>
