<?xml version='1.0' encoding='UTF-8'?>
<song xmlns="http://openlyrics.info/namespace/2009/song" version="0.8" createdIn="OpenLP 2.4.6" modifiedIn="OpenLP 2.4.6" modifiedDate="2022-11-26T23:17:44">
  <properties>
    <titles>
      <title>Methodist Shona Hymn 156</title>
      <title>Hymn 156Mwari runondishamisa</title>
    </titles>
    <authors>
      <author>Methodist Hymns</author>
    </authors>
  </properties>
  <lyrics>
    <verse name="v1">
      <lines> Mwari runondishamisa.<br/>Rudo rwenyu kwandiri,<br/>Kutambura ndatambura,<br/>Asi imi muneni. </lines>
    </verse>
    <verse name="v2">
      <lines> Pakurwara ndakarara.<br/>Ndovimba nemi Jesu;<br/>Ndigadzirirei nzira<br/>Yokuuya kwamuri. </lines>
    </verse>
    <verse name="v3">
      <lines> Hamunete kubatsira<br/>Varwere vatambura<br/>Nokurwara kwamakore<br/>Nezvirwere zvizhinji. </lines>
    </verse>
    <verse name="v4">
      <lines> Itaiwo kuti hama<br/>Neshamwari dzitende;<br/>Varege kuora mwoyo<br/>Nokuti ndiri ndonda. </lines>
    </verse>
    <verse name="v5">
      <lines> Musi womondidaidza<br/>Ndingafara zvikuru,<br/>Nokuti ndinozogara<br/>Pachigare chitsvene. </lines>
    </verse>
    <verse name="v6">
      <lines> Kunyange rima rouya<br/>Romumvuri wokufa<br/>Imi Jesu, Mununuri<br/>Munondiperekedza. </lines>
    </verse>
    <verse name="v7">
      <lines> Kumusha wenyu kudenga<br/>Kunogara vatsvene,<br/>Vadyi venhaka yedenga<br/>Nokusingazopera. </lines>
    </verse>
  </lyrics>
</song>
