<?xml version='1.0' encoding='UTF-8'?>
<song xmlns="http://openlyrics.info/namespace/2009/song" version="0.8" createdIn="OpenLP 2.4.6" modifiedIn="OpenLP 2.4.6" modifiedDate="2022-11-26T23:17:43">
  <properties>
    <titles>
      <title>Methodist Shona Hymn 29</title>
      <title>Hymn 29Ingirozi dzinoimba</title>
    </titles>
    <authors>
      <author>Methodist Hymns</author>
    </authors>
  </properties>
  <lyrics>
    <verse name="v1">
      <lines> Ingirozi dzinoimba<br/>Mbiri kuMambo mutsva;<br/>Rugare rwasvika pano<br/>Mwari wakava munhu.<br/>Farai marudzi ose,<br/>Imbai nedzokudenga,<br/>Paridzai mashoko<br/>Kristu wazvarwa pano. </lines>
    </verse>
    <verse name="v2">
      <lines> Ngirozi dzinoimba<br/>Mbiri kuMambo mutsva. </lines>
    </verse>
    <verse name="v3">
      <lines> Kristu wokudzwa kudenga,<br/>Kristu Mambo mukuru,<br/>zvino wakasvika kuno,<br/>wakazvarwa somunhu.<br/>Honai Mwari munyama<br/>Muomberere somunhu,<br/>Anotifarirawo<br/>Mwari wedu anesu. </lines>
    </verse>
    <verse name="v4">
      <lines> Haatsvake kurumbidzwa<br/>wakazvarirwa isu,<br/>Tirege kupera kufa<br/>Asi tizvarwe patsva.<br/>Changamire She wedenga,<br/>Changamire She wengoni,<br/>zuva redu rabuda<br/>Rinotipa upenyu. </lines>
    </verse>
  </lyrics>
</song>
