<?xml version='1.0' encoding='UTF-8'?>
<song xmlns="http://openlyrics.info/namespace/2009/song" version="0.8" createdIn="OpenLP 2.4.6" modifiedIn="OpenLP 2.4.6" modifiedDate="2022-11-26T23:17:44">
  <properties>
    <titles>
      <title>Methodist Shona Hymn 142</title>
      <title>Hymn 142Nhasi ini ndinofara</title>
    </titles>
    <authors>
      <author>Methodist Hymns</author>
    </authors>
  </properties>
  <lyrics>
    <verse name="v1">
      <lines> Nhasi ini ndinofara<br/>Nairo ropa rangu;<br/>Vashamwari munotii?<br/>Ngandifare nemiwo. </lines>
    </verse>
    <verse name="v2">
      <lines> Ishe Jesu ndinotenda<br/>Ndimi mandifarisa;<br/>Ndinovonga Ishe wangu<br/>Nokundifadza kwenyu. </lines>
    </verse>
    <verse name="v3">
      <lines> Kana ndiri murufaro<br/>Ngandivonge Jesu She;<br/>Mumatambudziko ese<br/>Ndione zano renyu. </lines>
    </verse>
    <verse name="v4">
      <lines> Pane ino nyika yedu<br/>Munotipa zvizhinji.<br/>Ngatigashire tivonge<br/>Tikudze zita renyu. </lines>
    </verse>
    <verse name="v5">
      <lines> Ngandigare ndichitenda,<br/>Ndichionisa rudo,<br/>Kudzamarare kupere<br/>Kugara pano pasi. </lines>
    </verse>
  </lyrics>
</song>
