<?xml version='1.0' encoding='UTF-8'?>
<song xmlns="http://openlyrics.info/namespace/2009/song" version="0.8" createdIn="OpenLP 2.4.6" modifiedIn="OpenLP 2.4.6" modifiedDate="2022-11-26T23:17:46">
  <properties>
    <titles>
      <title>Methodist Shona Hymn 275</title>
      <title>Hymn 275Jesu makapfavisa</title>
    </titles>
    <authors>
      <author>Methodist Hymns</author>
    </authors>
  </properties>
  <lyrics>
    <verse name="v1">
      <lines> Jesu makapfavisa<br/>onai ini mwana<br/>Mundiitire tsitsi<br/>Kuti ndigare nemi. </lines>
    </verse>
    <verse name="v2">
      <lines> Ndinoda kusedera,<br/>Musazondirambidza<br/>Muumambo hworudo<br/>Ndipei nzvimbo yangu. </lines>
    </verse>
    <verse name="v3">
      <lines> Ndinokukumbirai<br/>Kuti mundipfavise,<br/>Hamushatirwe nhando<br/>Ndinoda kuva semi. </lines>
    </verse>
    <verse name="v4">
      <lines> Jesu mufudzi wangu<br/>Mundibate norudo<br/>Ndive anokudai<br/>Nomwoyo wangu wose. </lines>
    </verse>
  </lyrics>
</song>
