<?xml version='1.0' encoding='UTF-8'?>
<song xmlns="http://openlyrics.info/namespace/2009/song" version="0.8" createdIn="OpenLP 2.4.6" modifiedIn="OpenLP 2.4.6" modifiedDate="2022-11-26T23:17:43">
  <properties>
    <titles>
      <title>Methodist Shona Hymn 30</title>
      <title>Hymn 30Inzwai heri izwi</title>
    </titles>
    <authors>
      <author>Methodist Hymns</author>
    </authors>
  </properties>
  <lyrics>
    <verse name="v1">
      <lines> Inzwai heri izwi<br/>Rinobva kumakore;<br/>Kwakasvika ngirozi<br/>Dzichibvako kudenga. </lines>
    </verse>
    <verse name="v2">
      <lines> Inzwai dzinoimba<br/>Dzinoimba naMambo,<br/>Dzokudza norufaro<br/>Dzosuma nhau dzake. </lines>
    </verse>
    <verse name="v3">
      <lines> NdiJesu uyo Mambo,<br/>Dzinoparidza naye,<br/>Iye achangozvarwa<br/>Ikoko betrehema. </lines>
    </verse>
    <verse name="v4">
      <lines> Faraizve vatadzi<br/>Muvonge kuna Jesu,<br/>Namatai kwaari<br/>Nokuti anotida. </lines>
    </verse>
  </lyrics>
</song>
