<?xml version='1.0' encoding='UTF-8'?>
<song xmlns="http://openlyrics.info/namespace/2009/song" version="0.8" createdIn="OpenLP 2.4.6" modifiedIn="OpenLP 2.4.6" modifiedDate="2022-11-26T23:17:43">
  <properties>
    <titles>
      <title>Methodist Shona Hymn 33</title>
      <title>Hymn 33Mumusha waShe Dhavhidhi</title>
    </titles>
    <authors>
      <author>Methodist Hymns</author>
    </authors>
  </properties>
  <lyrics>
    <verse name="v1">
      <lines> Mumusha waShe Dhavhidhi<br/>Muimba yezvipfuwo;<br/>Makaradzikwa mucheche<br/>Muchidyiro chemombe;<br/>Maria ndiye mai,<br/>Jesu ndiye mucheche. </lines>
    </verse>
    <verse name="v2">
      <lines> wakaburuka panyika<br/>Iye Ishe mukuru,<br/>Imba yake ndeyemombe,<br/>Wakaiswa muzamba;<br/>Wakafambidzanawo<br/>Navarombo venyika. </lines>
    </verse>
    <verse name="v3">
      <lines> Pauduku hwake hwose<br/>Wakadzidza pana mai;<br/>Waikudza nokuvada,<br/>Achinzwa mazwi avo;<br/>Vana vari maKristu<br/>Ngavapfave saiye. </lines>
    </verse>
    <verse name="v4">
      <lines> Wakapa muenzaniso<br/>Worugare kunesu;<br/>Waichema, waiseka,<br/>Achiita sesuwo;<br/>Anowadzana nesu<br/>Munhamo norufaro. </lines>
    </verse>
    <verse name="v5">
      <lines> Meso edu achaona<br/>Jesu norufarowo,<br/>Mwana uyu ndiShe wedu<br/>Anogara kudenga;<br/>Anotitungamira<br/>Tigosvitswa ikoko. </lines>
    </verse>
  </lyrics>
</song>
