<?xml version='1.0' encoding='UTF-8'?>
<song xmlns="http://openlyrics.info/namespace/2009/song" version="0.8" createdIn="OpenLP 2.4.6" modifiedIn="OpenLP 2.4.6" modifiedDate="2022-11-26T23:17:46">
  <properties>
    <titles>
      <title>Methodist Shona Hymn 255</title>
      <title>Hymn 255Dombondipa meso ndione</title>
    </titles>
    <authors>
      <author>Methodist Hymns</author>
    </authors>
  </properties>
  <lyrics>
    <verse name="v1">
      <lines> Dombondipa meso ndione,<br/>Pauzuru kudenga;<br/>Ndionepo vano utsvene,<br/>Vanofara kunaShe. </lines>
    </verse>
    <verse name="v2">
      <lines> zviya zvaiva panyika<br/>Vaichema misodzi;<br/>Vaimanikwa nokuedzwa<br/>Kusina kuzorora. </lines>
    </verse>
    <verse name="v3">
      <lines> Ndakabvunza ivo vakundi;<br/>Rabvepi simba renyu?<br/>Vakati: Rabva kuna iye<br/>wakatifira isu. </lines>
    </verse>
    <verse name="v4">
      <lines> Vakaona rutsoka rwake<br/>Rwananga paupenyu;<br/>Vakarondedza gwara rake,<br/>Vazorora kudenga. </lines>
    </verse>
    <verse name="v5">
      <lines> Ngaarumbidzwe Mtungamiri<br/>Nomuratidzo wake<br/>Kusashaike muteveri<br/>Panero gwara rake. </lines>
    </verse>
  </lyrics>
</song>
