<?xml version='1.0' encoding='UTF-8'?>
<song xmlns="http://openlyrics.info/namespace/2009/song" version="0.8" createdIn="OpenLP 2.4.6" modifiedIn="OpenLP 2.4.6" modifiedDate="2022-11-26T23:17:44">
  <properties>
    <titles>
      <title>Methodist Shona Hymn 145</title>
      <title>Hymn 145Vongai Jehovha, mudane zita rake</title>
    </titles>
    <authors>
      <author>Methodist Hymns</author>
    </authors>
  </properties>
  <lyrics>
    <verse name="v1">
      <lines> Vongai Jehovha, mudane zita rake,<br/>zivisai zvikuru zvaakaita iye:<br/>Mwoyo yavanotsvaka Jehovha ngaifare,<br/>Imbai kwaari nenziyo dzokukudza. </lines>
    </verse>
    <verse name="v2">
      <lines> Tsvakai Jehovha nesimba rake rose,<br/>Tonderai naniso dzaakaita Iye;<br/>Mwoyo yavanotsvaka Jehovha ngaifare,<br/>Kudzai Jehovha nezita rake dzvene. </lines>
    </verse>
  </lyrics>
</song>
