<?xml version='1.0' encoding='UTF-8'?>
<song xmlns="http://openlyrics.info/namespace/2009/song" version="0.8" createdIn="OpenLP 2.4.6" modifiedIn="OpenLP 2.4.6" modifiedDate="2022-11-26T23:17:44">
  <properties>
    <titles>
      <title>Methodist Shona Hymn 130</title>
      <title>Hymn 130Makati: zvose siyai</title>
    </titles>
    <authors>
      <author>Methodist Hymns</author>
    </authors>
  </properties>
  <lyrics>
    <verse name="v1">
      <lines> Makati: zvose siyai,<br/>Kuti munditevere<br/>Takasiya zvose Tenzi,<br/>Tomirira kwamuri. </lines>
    </verse>
    <verse name="v2">
      <lines> Torai mwoyo yedu<br/>Pamwe nesimba<br/>zviitiswe basa, Tenzi,<br/>Tozvipira kwamuri. </lines>
    </verse>
    <verse name="v3">
      <lines> Tizadzisei nesimba<br/>Kuti tive zvapupu<br/>zvounhu hwenyuwo Ishe,<br/>Kuti huri matiri. </lines>
    </verse>
    <verse name="v4">
      <lines> Yamurai vanhu vedu<br/>Vakutevere iwo,<br/>Itai nzeve dzavowo<br/>Dziterere kwamuri. </lines>
    </verse>
  </lyrics>
</song>
