<?xml version='1.0' encoding='UTF-8'?>
<song xmlns="http://openlyrics.info/namespace/2009/song" version="0.8" createdIn="OpenLP 2.4.6" modifiedIn="OpenLP 2.4.6" modifiedDate="2022-11-26T23:17:45">
  <properties>
    <titles>
      <title>Methodist Shona Hymn 182</title>
      <title>Hymn 182Tenzi ngandifambe nemi</title>
    </titles>
    <authors>
      <author>Methodist Hymns</author>
    </authors>
  </properties>
  <lyrics>
    <verse name="v1">
      <lines> Tenzi ngandifambe nemi,<br/>Munzira dzokushandira;<br/>Ndikuridzirei ini,<br/>Ndisatye kudikitira. </lines>
    </verse>
    <verse name="v2">
      <lines> Ndimutse vane chinepfu,<br/>zvimwe neshoko rorudo,<br/>Ndidzore varitairi<br/>Kuti vanange kumusha. </lines>
    </verse>
    <verse name="v3">
      <lines> Ndidzidziswe kuva nemi<br/>Ndirambe ndakakwamira<br/>Mumabasa orutendo,<br/>Noruvimbo runokunda. </lines>
    </verse>
    <verse name="v4">
      <lines> Kwamuri ndine tariro<br/>Inovhenekera mberi<br/>Murugare rwamunopa<br/>Ngandigare nemi Tenzi. </lines>
    </verse>
  </lyrics>
</song>
