<?xml version='1.0' encoding='UTF-8'?>
<song xmlns="http://openlyrics.info/namespace/2009/song" version="0.8" createdIn="OpenLP 2.4.6" modifiedIn="OpenLP 2.4.6" modifiedDate="2022-11-26T23:17:43">
  <properties>
    <titles>
      <title>Methodist Shona Hymn 52</title>
      <title>Hymn 52wokusuwa! wakanzi</title>
    </titles>
    <authors>
      <author>Methodist Hymns</author>
    </authors>
  </properties>
  <lyrics>
    <verse name="v1">
      <lines> wokusuwa! wakanzi,<br/>Iye Mwana waMwari;<br/>Wakavada vatadzi;<br/>Hareruya! Muponisi! </lines>
    </verse>
    <verse name="v2">
      <lines> Vanhu vakamuseka,<br/>Wakatongerwa kufa<br/>Panzvimbo yangu ini;<br/>Hareruya! Muponisi! </lines>
    </verse>
    <verse name="v3">
      <lines> Isu tiri vatadzi,<br/>Asi iye Mutsvene;<br/>Angatiyananise;<br/>Hareruya! Muponisi! </lines>
    </verse>
    <verse name="v4">
      <lines> Wasimutsirwa kufa;<br/>Wakakuwa: zvapera!<br/>Wakagadzwa kudenga;<br/>Hareruya! Muponisi! </lines>
    </verse>
    <verse name="v5">
      <lines> Kana Ishe ouya,<br/>Kuti azotitora,<br/>Tichaimba zvakare,<br/>Hareruya! Muponisi </lines>
    </verse>
  </lyrics>
</song>
