<?xml version='1.0' encoding='UTF-8'?>
<song xmlns="http://openlyrics.info/namespace/2009/song" version="0.8" createdIn="OpenLP 2.4.6" modifiedIn="OpenLP 2.4.6" modifiedDate="2022-11-26T23:17:43">
  <properties>
    <titles>
      <title>Methodist Shona Hymn 53</title>
      <title>Hymn 53Uyai mose ticheme</title>
    </titles>
    <authors>
      <author>Methodist Hymns</author>
    </authors>
  </properties>
  <lyrics>
    <verse name="v1">
      <lines> Uyai mose ticheme,<br/>Tisedere kuMchinjikwa;<br/>Ngatisangane ticheme:<br/>Jesu, Ishe, waroverwa. </lines>
    </verse>
    <verse name="v2">
      <lines> Hatimuchemere here<br/>Vanhu vachimutsvinyira?<br/>Tarisai, waturikwa:<br/>Jesu, Ishe, waroverwa. </lines>
    </verse>
    <verse name="v3">
      <lines> Zvanza netsoka zvasungwa,<br/>Miromo yake yaoma;<br/>Wakaona rudzerere:<br/>Jesu, Ishe, waroverwa. </lines>
    </verse>
    <verse name="v4">
      <lines> Wakataura kanomwe<br/>Mazwi orudo netsitsi<br/>Kuti tigoregererwa:<br/>Jesu, Ishe, waroverwa. </lines>
    </verse>
    <verse name="v5">
      <lines> Tsime rorutivi rwake<br/>Rinoshambidza zvitadzo:<br/>Ngatimire noMchinjikwa:<br/>Jesu, Ishe, waroverwa. </lines>
    </verse>
    <verse name="v6">
      <lines> Vanokumbira vopiwa<br/>Mwoyo wakapfava chose;<br/>Mwoyo ungakure rudo:<br/>Jesu, Ishe waroverwa. </lines>
    </verse>
    <verse name="v7">
      <lines> Kuipa, norudo rwaShe<br/>Zvino zviri kurwisana;<br/>Asi rudo runokunda:<br/>Nokuti She, waroverwa. </lines>
    </verse>
  </lyrics>
</song>
