<?xml version='1.0' encoding='UTF-8'?>
<song xmlns="http://openlyrics.info/namespace/2009/song" version="0.8" createdIn="OpenLP 2.4.6" modifiedIn="OpenLP 2.4.6" modifiedDate="2022-11-26T23:17:43">
  <properties>
    <titles>
      <title>Methodist Shona Hymn 46</title>
      <title>Hymn 46Vakafara vano urombo</title>
    </titles>
    <authors>
      <author>Methodist Hymns</author>
    </authors>
  </properties>
  <lyrics>
    <verse name="v1">
      <lines> Vakafara vano urombo<br/>Vachawana ushe hwedenga,<br/>Kunzi ndohwavo. </lines>
    </verse>
    <verse name="v2">
      <lines> Vakafara vanozvichema,<br/>Vachawana chivaraidze,<br/>Mweya wedenga. </lines>
    </verse>
    <verse name="v3">
      <lines> Vakafara vanyoronyoro,<br/>Vachawana zvikurukuru,<br/>Nhaka yedenga. </lines>
    </verse>
    <verse name="v4">
      <lines> Vochemera zvokururama,<br/>Vachagutswa zvikurukuru<br/>Nokururama. </lines>
    </verse>
    <verse name="v5">
      <lines> Vakafara vazere nyasha.<br/>Vachapiwa nyasha dzedenga,<br/>Dzavanotsvaka. </lines>
    </verse>
    <verse name="v6">
      <lines> Vano mwoyo wakacheneka,<br/>Vachafara kuona Mwari,<br/>wavanotsvaka. </lines>
    </verse>
    <verse name="v7">
      <lines> Vanoshinga kutsvaka Mwari,<br/>Vachapiwa Mweya wokuva,<br/>Vana vedenga. </lines>
    </verse>
    <verse name="v8">
      <lines> Ivavo vokuyananisa,<br/>Vachazonzi vana vaMwari,<br/>Vana vedenga. </lines>
    </verse>
    <verse name="v9">
      <lines> Vakafara vatambudziki,<br/>Pamsana pokururama,<br/>Ushe ndohwavo. </lines>
    </verse>
    <verse name="v10">
      <lines> Faraika vari munyatwa,<br/>Muchatuswa zvikurukuru,<br/>Tuso ndiJesu. </lines>
    </verse>
  </lyrics>
</song>
