<?xml version='1.0' encoding='UTF-8'?>
<song xmlns="http://openlyrics.info/namespace/2009/song" version="0.8" createdIn="OpenLP 2.4.6" modifiedIn="OpenLP 2.4.6" modifiedDate="2022-11-26T23:17:45">
  <properties>
    <titles>
      <title>Methodist Shona Hymn 231</title>
      <title>Hymn 231Tinouya kuna Mwari</title>
    </titles>
    <authors>
      <author>Methodist Hymns</author>
    </authors>
  </properties>
  <lyrics>
    <verse name="v1">
      <lines> Tinouya kuna Mwari<br/>wavadzibaba vedu;<br/>Tinogara mumaoko<br/>Mavakagara ivo;<br/>Tinoisa kurumbidza,<br/>Tinotsvaka uso hwake,<br/>Savatsvene vakare. </lines>
    </verse>
    <verse name="v2">
      <lines> Uyu wakatungamira,<br/>Achikutungamira,<br/>Uyu wakavadzivira,<br/>Achiri kudzivira;<br/>Ngoni dzakavandudza<br/>Vatadzi vasine simba<br/>Dzinotivandudzawo. </lines>
    </verse>
    <verse name="v3">
      <lines> zvivi zvakavaderedza<br/>zvichikutiremera;<br/>Saivo tinobvumira<br/>Nyadzi dzemwoyo yedu;<br/>Saivo tinoteura<br/>Kuna Mwari anotinzwa<br/>Anotiropafadza. </lines>
    </verse>
    <verse name="v4">
      <lines> Rufaro rwavo norwedu,<br/>Rufaro rumwe chete,<br/>Mweya waiva mavari,<br/>Agere matiriwo.<br/>Rwiyo rwakabva kwavari,<br/>Tinorupfuudza mberi<br/>Rwiyo rusingapere. </lines>
    </verse>
    <verse name="v5">
      <lines> Imi vatsvene mouya.<br/>Imbai rwiyo urwo,<br/>Imbai rwiyo rwenhaka,<br/>Rwiyo rusingapere;<br/>Garai mumaoko aShe,<br/>Mugamchire ngoni dzake </lines>
    </verse>
  </lyrics>
</song>
