<?xml version='1.0' encoding='UTF-8'?>
<song xmlns="http://openlyrics.info/namespace/2009/song" version="0.8" createdIn="OpenLP 2.4.6" modifiedIn="OpenLP 2.4.6" modifiedDate="2022-11-26T23:17:43">
  <properties>
    <titles>
      <title>Methodist Shona Hymn 70</title>
      <title>Hymn 70Jesu, makati mamuka</title>
    </titles>
    <authors>
      <author>Methodist Hymns</author>
    </authors>
  </properties>
  <lyrics>
    <verse name="v1">
      <lines> Jesu, makati mamuka<br/>Mukazviratidza kuna vadzidzi,<br/>Imi zviratidzei kwatiri.<br/>She makaita mwoyo yavanhu kuti ipise,<br/>Pfutidzai pfungwa dzedu nokunzwira kwedu kuti<br/>Tigamuchire chokwadi chenyu. </lines>
    </verse>
    <verse name="v2">
      <lines> Makabisa nokupedza<br/>Kutya kwemwoyo yeshamwari dzenyu,<br/>Tipeiwo runyararo rwenyu,<br/>Jesu imi makapa vadzidzi venyu zvokudya,<br/>Tipeiwo chingwa icho chokudenga tigochidya,<br/>Tigogutsa hwai dzenyu nacho. </lines>
    </verse>
    <verse name="v3">
      <lines> She Jesu zvamakatumwa,<br/>Imi makatuma vapostoriwo,<br/>Mukavaraira kupupura;<br/>Titumirei simba rokuita basa renyu,<br/>Tiite uchapupu kusvikira kunyika dzose<br/>Kuti vakurumbidzei vose. </lines>
    </verse>
  </lyrics>
</song>
