<?xml version='1.0' encoding='UTF-8'?>
<song xmlns="http://openlyrics.info/namespace/2009/song" version="0.8" createdIn="OpenLP 2.4.6" modifiedIn="OpenLP 2.4.6" modifiedDate="2022-11-26T23:17:44">
  <properties>
    <titles>
      <title>Methodist Shona Hymn 115</title>
      <title>Hymn 115Jesu ndanga ndakurasai</title>
    </titles>
    <authors>
      <author>Methodist Hymns</author>
    </authors>
  </properties>
  <lyrics>
    <verse name="v1">
      <lines> Jesu ndanga ndakurasai<br/>Nyange manga mandifira,<br/>Asi nhasi ndinonyara,<br/>Pamhidzai mundigamchire. </lines>
    </verse>
    <verse name="v2">
      <lines> Handina kufanera ini<br/>Kuitirwa idzo tsitsi;<br/>zvino ndinoita seiko?<br/>Pamhidzai mundigamchire. </lines>
    </verse>
    <verse name="v3">
      <lines> Ndinokuipa kukuru,<br/>Nhasi kwandimanikidza;<br/>Ndinotarisa kudenga,<br/>Pamhidzai mundigamchire. </lines>
    </verse>
    <verse name="v4">
      <lines> zvose zvandanga ndaita<br/>zvaipa, ndinozvinyara;<br/>zvirokwazvo, Ishe wangu,<br/>Pamhidzai mundigamchire </lines>
    </verse>
    <verse name="v5">
      <lines> Ishe. Jesu, ndinochema,<br/>Ndochemera mhosva yangu,<br/>Ndinonyara, ndinopfidza,<br/>Pamhidzai mundigamchire. </lines>
    </verse>
  </lyrics>
</song>
