<?xml version='1.0' encoding='UTF-8'?>
<song xmlns="http://openlyrics.info/namespace/2009/song" version="0.8" createdIn="OpenLP 2.4.6" modifiedIn="OpenLP 2.4.6" modifiedDate="2022-11-26T23:17:47">
  <properties>
    <titles>
      <title>Methodist Shona Hymn 316</title>
      <title>Hymn 316Tinovonga Ishe wedu</title>
    </titles>
    <authors>
      <author>Methodist Hymns</author>
    </authors>
  </properties>
  <lyrics>
    <verse name="v1">
      <lines> Tinovonga Ishe wedu<br/>Noku kudya kwamatipa<br/>Kwamazuva namazuva<br/>Tinovonga Ishe wedu. </lines>
    </verse>
  </lyrics>
</song>
