<?xml version='1.0' encoding='UTF-8'?>
<song xmlns="http://openlyrics.info/namespace/2009/song" version="0.8" createdIn="OpenLP 2.4.6" modifiedIn="OpenLP 2.4.6" modifiedDate="2022-11-26T23:17:46">
  <properties>
    <titles>
      <title>Methodist Shona Hymn 295</title>
      <title>Hymn 295Ishe imi mandisimbaradza</title>
    </titles>
    <authors>
      <author>Methodist Hymns</author>
    </authors>
  </properties>
  <lyrics>
    <verse name="v1">
      <lines> Ishe imi mandisimbaradza<br/>Masikati pakudikitira,<br/>Garai neni zuva radoka<br/>Muve neni kakare usiku. </lines>
    </verse>
    <verse name="v2">
      <lines> Kana mwoyo uchinge waneta,<br/>Izwi renyu rinondizorodza;<br/>Taurai izwi rorufaro,<br/>Riropafadze, rindinyaradze. </lines>
    </verse>
    <verse name="v3">
      <lines> Kana muchinditara maurano,<br/>Ndaropafadzwa Jehovha Ishe;<br/>Kana ndinemi zuva ravira,<br/>Handidi chimwe chokukwanisa. </lines>
    </verse>
    <verse name="v4">
      <lines> Uyai She muve mweni wangu<br/>Shure kwebesanwa nhasi uno,<br/>Ndipei rufaro nezororo,<br/>Ruponiso noruregerero. </lines>
    </verse>
    <verse name="v5">
      <lines> Rapai maronda, nezvirwere<br/>zvauya kwandiri musi uno,<br/>Kuti ndirege kugungudzika,<br/>Ndizorore pane mwoyo wenyu. </lines>
    </verse>
  </lyrics>
</song>
