<?xml version='1.0' encoding='UTF-8'?>
<song xmlns="http://openlyrics.info/namespace/2009/song" version="0.8" createdIn="OpenLP 2.4.6" modifiedIn="OpenLP 2.4.6" modifiedDate="2022-11-26T23:17:45">
  <properties>
    <titles>
      <title>Methodist Shona Hymn 193</title>
      <title>Hymn 193Hoyu Mwari, Changamire</title>
    </titles>
    <authors>
      <author>Methodist Hymns</author>
    </authors>
  </properties>
  <lyrics>
    <verse name="v1">
      <lines> Hoyu Mwari, Changamire,<br/>Hama isingapinduke;<br/>Rudo namasimba ake<br/>Hazviyerwe, hazvipere. </lines>
    </verse>
    <verse name="v2">
      <lines> Jesu, Muvambi, Mugumo,<br/>Achatiisa kumusha;<br/>Tinomutenda pazvose<br/>zvitsaru pamwe nezvitsva. </lines>
    </verse>
  </lyrics>
</song>
