<?xml version='1.0' encoding='UTF-8'?>
<song xmlns="http://openlyrics.info/namespace/2009/song" version="0.8" createdIn="OpenLP 2.4.6" modifiedIn="OpenLP 2.4.6" modifiedDate="2022-11-26T23:17:43">
  <properties>
    <titles>
      <title>Methodist Shona Hymn 27</title>
      <title>Hymn 27Imi makonhi emwoyo</title>
    </titles>
    <authors>
      <author>Methodist Hymns</author>
    </authors>
  </properties>
  <lyrics>
    <verse name="v1">
      <lines> Imi makonhi emwoyo,<br/>zarukai, mukwidzike!<br/>Uyu Mambo woutsvene<br/>Anoda kuti apinde. </lines>
    </verse>
    <verse name="v2">
      <lines> Uyu Mambo woutsvene!<br/>Reva, ndianiko iye?<br/>Uyu Mambo woutsvene<br/>Ndiye Jesu uyu Mambo! </lines>
    </verse>
    <verse name="v3">
      <lines> Ane nyasha dzakanyanya<br/>Ane simba rose guru<br/>Nokubvuma kwake kose,<br/>Angakuitire iye. </lines>
    </verse>
    <verse name="v4">
      <lines> Tarisazve nziyo idzi: 48, 192.<br/>jesu kristu :<br/>kuzvarwa kwake </lines>
    </verse>
  </lyrics>
</song>
