<?xml version='1.0' encoding='UTF-8'?>
<song xmlns="http://openlyrics.info/namespace/2009/song" version="0.8" createdIn="OpenLP 2.4.6" modifiedIn="OpenLP 2.4.6" modifiedDate="2022-11-26T23:17:45">
  <properties>
    <titles>
      <title>Methodist Shona Hymn 221</title>
      <title>Hymn 221Mutiropafadze, Mwari</title>
    </titles>
    <authors>
      <author>Methodist Hymns</author>
    </authors>
  </properties>
  <lyrics>
    <verse name="v1">
      <lines> Mutiropafadze, Mwari<br/>Endai nesu kudzimba;<br/>Tichifunga dama renyu,<br/>Tichirirangarira;<br/>Tinyaradzei isu tose;<br/>Simbisai mwoyo yedu,<br/>Kana tosvika kudenga,<br/>Tichakurumbidzai! </lines>
    </verse>
  </lyrics>
</song>
