<?xml version='1.0' encoding='UTF-8'?>
<song xmlns="http://openlyrics.info/namespace/2009/song" version="0.8" createdIn="OpenLP 2.4.6" modifiedIn="OpenLP 2.4.6" modifiedDate="2022-11-26T23:17:46">
  <properties>
    <titles>
      <title>Methodist Shona Hymn 242</title>
      <title>Hymn 242Ngatishandisei nyasha</title>
    </titles>
    <authors>
      <author>Methodist Hymns</author>
    </authors>
  </properties>
  <lyrics>
    <verse name="v1">
      <lines> Ngatishandisei nyasha<br/>Tose pamwe chete<br/>Tiite chitenderano<br/>NaKristu She wedu. </lines>
    </verse>
    <verse name="v2">
      <lines> Nero simba rake Jesu,<br/>Ngatizvipirei;<br/>Tovimbisa iyezvino<br/>Kuve vake chose. </lines>
    </verse>
    <verse name="v3">
      <lines> Chitenderano chanhasi<br/>Ngachigare nesu;<br/>Tisasiye Mwari wedu,<br/>Kana izwi rake. </lines>
    </verse>
    <verse name="v4">
      <lines> Tigare tichitya Ishe,<br/>Munzwi wechitsidzo;<br/>Kana Mwari muchifadzwa,<br/>Sanganai nesu. </lines>
    </verse>
    <verse name="v5">
      <lines> Ropa rechitenderano<br/>Rinobvisa zvivi;<br/>Nyorai mazita edu<br/>Kumsoro kudenga. </lines>
    </verse>
    <verse name="v6">
      <lines> Tarisazve nziyo idzi: 20 </lines>
    </verse>
  </lyrics>
</song>
