<?xml version='1.0' encoding='UTF-8'?>
<song xmlns="http://openlyrics.info/namespace/2009/song" version="0.8" createdIn="OpenLP 2.4.6" modifiedIn="OpenLP 2.4.6" modifiedDate="2022-11-26T23:17:45">
  <properties>
    <titles>
      <title>Methodist Shona Hymn 170</title>
      <title>Hymn 170Kuna Mwari zvitaure</title>
    </titles>
    <authors>
      <author>Methodist Hymns</author>
    </authors>
  </properties>
  <lyrics>
    <verse name="v1">
      <lines> Kuna Mwari zvitaure<br/>zvinosuwisa zvose,<br/>Uchimuudza iye<br/>zvinokumanikidza. </lines>
    </verse>
    <verse name="v2">
      <lines> Anozviziva ega<br/>Kuwanda kwazvo zvose;<br/>Anozviona ega<br/>Norudzi rwazvo zvose. </lines>
    </verse>
    <verse name="v3">
      <lines> Haati azvidzani<br/>Anozviisa ega;<br/>Haati atandani<br/>watizira kwaari. </lines>
    </verse>
    <verse name="v4">
      <lines> Uchichema misodzi<br/>Anokuona iye;<br/>Kana uchitambura<br/>Anozokununura. </lines>
    </verse>
    <verse name="v5">
      <lines> MuKristu unochema<br/>Chiudza Mununuri;<br/>zvaaiva panyika<br/>wakachema misodzi. </lines>
    </verse>
    <verse name="v6">
      <lines> Unonyaradzwa naye<br/>Pane nhamburo dzako;<br/>Ndiye anopa simba<br/>Rokukunda madzudzo. </lines>
    </verse>
  </lyrics>
</song>
