<?xml version='1.0' encoding='UTF-8'?>
<song xmlns="http://openlyrics.info/namespace/2009/song" version="0.8" createdIn="OpenLP 2.4.6" modifiedIn="OpenLP 2.4.6" modifiedDate="2022-11-26T23:17:44">
  <properties>
    <titles>
      <title>Methodist Shona Hymn 114</title>
      <title>Hymn 114Ndinochema Ishe Mwari</title>
    </titles>
    <authors>
      <author>Methodist Hymns</author>
    </authors>
  </properties>
  <lyrics>
    <verse name="v1">
      <lines> Ndinochema Ishe Mwari<br/>baba muri mtsvene ndinzwe;<br/>Handinakufara Mambo,<br/>Ndiponisei Ishe wangu. </lines>
    </verse>
    <verse name="v2">
      <lines> Ndiri hwai, ndarasika,<br/>Nganditsvakwe ndidzoswezve;<br/>Ndiri pasi pamapako,<br/>Chindirondai Ishe wangu. </lines>
    </verse>
    <verse name="v3">
      <lines> Ndakarasa nzira yenyu,<br/>Ndikashora tsitsi dzenyu,<br/>Ndikakwira pamikwidza,<br/>Ndikanyura pakaipa. </lines>
    </verse>
    <verse name="v4">
      <lines> Pane rima rakakomba,<br/>Buda, zuva rakanaka;<br/>Ngandipinde pane nzira,<br/>Ndiponisei Ishe Jesu. </lines>
    </verse>
  </lyrics>
</song>
