<?xml version='1.0' encoding='UTF-8'?>
<song xmlns="http://openlyrics.info/namespace/2009/song" version="0.8" createdIn="OpenLP 2.4.6" modifiedIn="OpenLP 2.4.6" modifiedDate="2022-11-26T23:17:45">
  <properties>
    <titles>
      <title>Methodist Shona Hymn 178</title>
      <title>Hymn 178Farai mazuva ose</title>
    </titles>
    <authors>
      <author>Methodist Hymns</author>
    </authors>
  </properties>
  <lyrics>
    <verse name="v1">
      <lines> Farai mazuva ose,<br/>Rambai muchinamata,<br/>Vongai pazvinhu zvose,<br/>Ndizvo zvaanoda Mwari. </lines>
    </verse>
    <verse name="v2">
      <lines> Regai kudzima Mweya,<br/>Musazvidze zvaprofitwa,<br/>Regai kuipa kwose,<br/>Mubatise zvakanaka. </lines>
    </verse>
    <verse name="v3">
      <lines> Mwari wakatendeseka,<br/>Ndiye anotidanidza<br/>Tive vatsvene saJesu;<br/>Achazviita pachake. </lines>
    </verse>
  </lyrics>
</song>
