<?xml version='1.0' encoding='UTF-8'?>
<song xmlns="http://openlyrics.info/namespace/2009/song" version="0.8" createdIn="OpenLP 2.4.6" modifiedIn="OpenLP 2.4.6" modifiedDate="2022-11-26T23:17:43">
  <properties>
    <titles>
      <title>Methodist Shona Hymn 36</title>
      <title>Hymn 36Kristu, Manueri</title>
    </titles>
    <authors>
      <author>Methodist Hymns</author>
    </authors>
  </properties>
  <lyrics>
    <verse name="v1">
      <lines> Kristu, Manueri!<br/>NdiMwari anesu!<br/>Tinovonga uyu musi<br/>wokuzvarwa kwenyu. </lines>
    </verse>
    <verse name="v2">
      <lines> Tinofunga nhasi<br/>Nokupfava kwenyu;<br/>Mune mbiri seyaMwari<br/>Mukava muranda. </lines>
    </verse>
    <verse name="v3">
      <lines> Izvo zvamaita<br/>Maitira isu;<br/>Tigoti nebasa renyu<br/>Tiwanewo nzira. </lines>
    </verse>
    <verse name="v4">
      <lines> Takarasikiswa<br/>Nokuipa kwedu,<br/>Makazotidzora isu<br/>Mune chakaipa. </lines>
    </verse>
    <verse name="v5">
      <lines> Jesu muri nzira<br/>Iyo yechokwadi,<br/>Vose vanofamba nayo<br/>Vanowana ngoni. </lines>
    </verse>
    <verse name="v6">
      <lines> zvino toti Jesu<br/>Tokurumbidzai,<br/>Tinoimba tichifara<br/>Nokuuya kwenyu </lines>
    </verse>
  </lyrics>
</song>
