<?xml version='1.0' encoding='UTF-8'?>
<song xmlns="http://openlyrics.info/namespace/2009/song" version="0.8" createdIn="OpenLP 2.4.6" modifiedIn="OpenLP 2.4.6" modifiedDate="2022-11-26T23:17:46">
  <properties>
    <titles>
      <title>Methodist Shona Hymn 293</title>
      <title>Hymn 293Garai neni! zuva radoka</title>
    </titles>
    <authors>
      <author>Methodist Hymns</author>
    </authors>
  </properties>
  <lyrics>
    <verse name="v1">
      <lines> Garai neni! zuva radoka;<br/>Rima rasvika; garai neni!<br/>Vamwe vayamuri vakoniwa<br/>Ishe Muyamuri, garai neni. </lines>
    </verse>
    <verse name="v2">
      <lines> Ndinokutsvakai nguva dzose;<br/>Ngoni dzenyu dzokunda muedzi;<br/>Ndimi chete nhungamiri yangu,<br/>Parima, pachena, garai neni. </lines>
    </verse>
    <verse name="v3">
      <lines> Handitye kana muri pedyo;<br/>Nhamo haireme, handicheme;<br/>Rufu kukunda kwako kuripi?<br/>Ndokunda kana mugere neni. </lines>
    </verse>
    <verse name="v4">
      <lines> Misai muchinjikwa ndotandadza;<br/>Ndivhenekerwe kuti ndione<br/>Kuyedza kunogouya zvino;<br/>Mupenyu, murufu, garai neni. </lines>
    </verse>
  </lyrics>
</song>
