<?xml version='1.0' encoding='UTF-8'?>
<song xmlns="http://openlyrics.info/namespace/2009/song" version="0.8" createdIn="OpenLP 2.4.6" modifiedIn="OpenLP 2.4.6" modifiedDate="2022-11-26T23:17:43">
  <properties>
    <titles>
      <title>Methodist Shona Hymn 62</title>
      <title>Hymn 62Kurwa nedzivo zvazopedzwa</title>
    </titles>
    <authors>
      <author>Methodist Hymns</author>
    </authors>
  </properties>
  <lyrics>
    <verse name="v1">
      <lines> Kurwa nedzivo zvazopedzwa;<br/>zvino Kristu wava Mukundi;<br/>Nziyo dzorukudzo dziimbwe<br/>Hareruya! </lines>
    </verse>
    <verse name="v2">
      <lines> Mhandu yakarwa, asi Kristu<br/>wakaparadza hondo dzayo:<br/>zvino kuwai nokufara:<br/>Hareruya! </lines>
    </verse>
    <verse name="v3">
      <lines> Misi yokuchema yapera<br/>Jesu She wamuka parufu;<br/>Rukudzo kuna She mupenyu;<br/>Hareruya! </lines>
    </verse>
    <verse name="v4">
      <lines> Ishe, nedambudziko renyu,<br/>Tisunungurei pazvivi,<br/>Kuti tigorarama nemi:<br/>Hareruya! </lines>
    </verse>
  </lyrics>
</song>
