<?xml version='1.0' encoding='UTF-8'?>
<song xmlns="http://openlyrics.info/namespace/2009/song" version="0.8" createdIn="OpenLP 2.4.6" modifiedIn="OpenLP 2.4.6" modifiedDate="2022-11-26T23:17:44">
  <properties>
    <titles>
      <title>Methodist Shona Hymn 143</title>
      <title>Hymn 143Mumwe ariko kumsoro</title>
    </titles>
    <authors>
      <author>Methodist Hymns</author>
    </authors>
  </properties>
  <lyrics>
    <verse name="v1">
      <lines> Mumwe ariko kumsoro;<br/>Anotida!<br/>Rudo rwake rwakakomba;<br/>Anotida!<br/>Hama dzedu dzinotiza,<br/>zvimwe dzingatitambudze<br/>Haana kutinyengedza;<br/>Anotida! </lines>
    </verse>
    <verse name="v2">
      <lines> Kumuziva ndoupenyu:<br/>Anotida!<br/>wakatipa zvinhu zvose:<br/>Anotida!<br/>Tanga tiri kure naye,<br/>wakatitenga neropa;<br/>zvino tachengetwa naye:<br/>Anotida! </lines>
    </verse>
    <verse name="v3">
      <lines> Jesu ndiShamwari wedu:<br/>Anotida!<br/>woda kutiropafadza:<br/>Anotida!<br/>Mwoyo yedu inomuda,<br/>Yoda kushovedzwa naye,<br/>zvirokwazvo nechokwadi:<br/>Anotida! </lines>
    </verse>
    <verse name="v4">
      <lines> Anoregerera zvivi:<br/>Anotida!<br/>Hondo dzedu dzinokundwa;<br/>Anotida!<br/>Anotipa zvipo zvose<br/>wopa namakomborero,<br/>Achatipa noutsvene;<br/>Anotida! </lines>
    </verse>
  </lyrics>
</song>
