<?xml version='1.0' encoding='UTF-8'?>
<song xmlns="http://openlyrics.info/namespace/2009/song" version="0.8" createdIn="OpenLP 2.4.6" modifiedIn="OpenLP 2.4.6" modifiedDate="2022-11-26T23:17:45">
  <properties>
    <titles>
      <title>Methodist Shona Hymn 186</title>
      <title>Hymn 186Jesu anoti tivhenekere</title>
    </titles>
    <authors>
      <author>Methodist Hymns</author>
    </authors>
  </properties>
  <lyrics>
    <verse name="v1">
      <lines> Jesu anoti tivhenekere<br/>Sekanjera nduku murima guru<br/>Nyika ine rima, ngativheneke<br/>Iwe pako neni pandigere. </lines>
    </verse>
    <verse name="v2">
      <lines> Takabatidza mwenje kwaari<br/>Anogozviziva kana todzima,<br/>Anotipa simba rokuvhenekera<br/>Iwe pako neni pandigere. </lines>
    </verse>
    <verse name="v3">
      <lines> Anoda kuti tivhenekere<br/>Vose vakarasikira murima,<br/>Rima rokusanzwa kana kutadza,<br/>Saka ngatibvire patigere. </lines>
    </verse>
  </lyrics>
</song>
