<?xml version='1.0' encoding='UTF-8'?>
<song xmlns="http://openlyrics.info/namespace/2009/song" version="0.8" createdIn="OpenLP 2.4.6" modifiedIn="OpenLP 2.4.6" modifiedDate="2022-11-26T23:17:44">
  <properties>
    <titles>
      <title>Methodist Shona Hymn 120</title>
      <title>Hymn 120Muka, mweya wangu</title>
    </titles>
    <authors>
      <author>Methodist Hymns</author>
    </authors>
  </properties>
  <lyrics>
    <verse name="v1">
      <lines> Muka, mweya wangu,<br/>Rasa kutya kwako,<br/>Diramhamba rako<br/>Riri pana Mwari;<br/>Muponisi wakanyora<br/>zita rangu nero ropa. </lines>
    </verse>
    <verse name="v2">
      <lines> Ariko kudenga<br/>Kundireverera,<br/>Norudo nengoni<br/>Nero ropa rake.<br/>Rakaparadzirwa tose<br/>Ririko mberi kwaMwari. </lines>
    </verse>
    <verse name="v3">
      <lines> Maronda aJesu<br/>Apa muchinjikwa,<br/>Anonyengetera,<br/>Anondirevera;<br/>Anochema: Regererai!<br/>Kanganwirai uyu mtadzi! </lines>
    </verse>
    <verse name="v4">
      <lines> baba anomunzwa<br/>Mwana mudikanwa,<br/>Haadi kuramba<br/>Mukumbiro wake;<br/>Mweya wandiudza zvino<br/>Kuti ndazvarwa naMwari. </lines>
    </verse>
    <verse name="v5">
      <lines> Ndakaregererwa,<br/>Ndakayananiswa,<br/>Ndava mwana wake,<br/>Handitye Kakare;<br/>Ndinosedera, ndichiti:<br/>Mwari baba! Mwari baba! </lines>
    </verse>
  </lyrics>
</song>
