<?xml version='1.0' encoding='UTF-8'?>
<song xmlns="http://openlyrics.info/namespace/2009/song" version="0.8" createdIn="OpenLP 2.4.6" modifiedIn="OpenLP 2.4.6" modifiedDate="2022-11-26T23:17:44">
  <properties>
    <titles>
      <title>Methodist Shona Hymn 122</title>
      <title>Hymn 122Ngandiite munamato</title>
    </titles>
    <authors>
      <author>Methodist Hymns</author>
    </authors>
  </properties>
  <lyrics>
    <verse name="v1">
      <lines> Ngandiite munamato<br/>Kuna Ishe wokupona;<br/>Mandiitira rufaro<br/>Ndochifara, Muponisi. </lines>
    </verse>
    <verse name="v2">
      <lines> Ndandigere pakaipa,<br/>Ndakabatwa nemirandu;<br/>Ndaienda pakutongwa<br/>Mandidzora, Muponisi. </lines>
    </verse>
    <verse name="v3">
      <lines> Mandinzwisa dama renyu,<br/>Mandinzwira tsitsi dzenyu,<br/>Ndichava mwana waMwari<br/>Ndokuvongai, Muponisi, </lines>
    </verse>
    <verse name="v4">
      <lines> Makandibvisa pakufa<br/>Makazondipa upenyu,<br/>Ndonanga zvino kudenga<br/>Nedzo tsitsi, Muponisi. </lines>
    </verse>
  </lyrics>
</song>
