<?xml version='1.0' encoding='UTF-8'?>
<song xmlns="http://openlyrics.info/namespace/2009/song" version="0.8" createdIn="OpenLP 2.4.6" modifiedIn="OpenLP 2.4.6" modifiedDate="2022-11-26T23:17:45">
  <properties>
    <titles>
      <title>Methodist Shona Hymn 187</title>
      <title>Hymn 187Muzita raShe ndoenda</title>
    </titles>
    <authors>
      <author>Methodist Hymns</author>
    </authors>
  </properties>
  <lyrics>
    <verse name="v1">
      <lines> Muzita raShe ndoenda<br/>Kunoita basa rangu,<br/>Ndichida kuziva imi<br/>Pazvose zvandinoita. </lines>
    </verse>
    <verse name="v2">
      <lines> Mubato wamunondipa<br/>Ngandiite norufaro,<br/>Muvepo neni pabasa<br/>Ndigoita kuda kwenyu. </lines>
    </verse>
    <verse name="v3">
      <lines> Ndinokugadzai mberi<br/>Mundiongorore mwoyo,<br/>Ndoshanda ndichiterera,<br/>Ndiise zvose kwamuri, </lines>
    </verse>
    <verse name="v4">
      <lines> Nditakudzei joko renyu<br/>Ndigare ndakarindira,<br/>Nditarire zvinouya,<br/>Ndichimbidzike kusvika. </lines>
    </verse>
    <verse name="v5">
      <lines> Ndichafara kushandisa<br/>zvamakandipa nenyasha,<br/>Ndimhanye murwendo rwangu<br/>Ndichiperekedzwa nemi. </lines>
    </verse>
    <verse name="v6">
      <lines> Tarisazve nziyo idzi: 176 </lines>
    </verse>
  </lyrics>
</song>
