<?xml version='1.0' encoding='UTF-8'?>
<song xmlns="http://openlyrics.info/namespace/2009/song" version="0.8" createdIn="OpenLP 2.4.6" modifiedIn="OpenLP 2.4.6" modifiedDate="2022-11-26T23:17:43">
  <properties>
    <titles>
      <title>Methodist Shona Hymn 19</title>
      <title>Hymn 19Iro zita raJesu</title>
    </titles>
    <authors>
      <author>Methodist Hymns</author>
    </authors>
  </properties>
  <lyrics>
    <verse name="v1">
      <lines> Iro zita raJesu,<br/>Iguru rine mbiri;<br/>Rinodiwa kudenga,<br/>Rinotyiwa panyika;<br/>Iguru kuvatendi,<br/>Rokudzwa nokuimba. </lines>
    </verse>
    <verse name="v2">
      <lines> Iro zita raJesu<br/>Ragamchirwa nomtadzi<br/>Rodambura makashu<br/>ASatan okuipa;<br/>Anotenda kwariri<br/>Anomutswa parufu. </lines>
    </verse>
    <verse name="v3">
      <lines> Iro zita raJesu<br/>Ndokudza iro roga;<br/>Nomusi wondoenda,<br/>Richarehwa pakufa;<br/>Nero zita raJesu<br/>Ndigoenda kudenga. </lines>
    </verse>
  </lyrics>
</song>
