<?xml version='1.0' encoding='UTF-8'?>
<song xmlns="http://openlyrics.info/namespace/2009/song" version="0.8" createdIn="OpenLP 2.4.6" modifiedIn="OpenLP 2.4.6" modifiedDate="2022-11-26T23:17:45">
  <properties>
    <titles>
      <title>Methodist Shona Hymn 208</title>
      <title>Hymn 208Musi weSvondo waIShe</title>
    </titles>
    <authors>
      <author>Methodist Hymns</author>
    </authors>
  </properties>
  <lyrics>
    <verse name="v1">
      <lines> Musi weSvondo waIShe<br/>Tauona kakare;<br/>Imba yenyu youtsvene<br/>Taipinda kakare. </lines>
    </verse>
    <verse name="v2">
      <lines> baba chipindai nesu,<br/>Tinzwe kuti murimo;<br/>Igoti nemwoyo yedu<br/>Igamchire zwi renyu. </lines>
    </verse>
    <verse name="v3">
      <lines> Tarirai nhumwa dzenyu<br/>Mugodzisimbaradza;<br/>Kuti nhasi dzitaure<br/>Matama enyu oga. </lines>
    </verse>
    <verse name="v4">
      <lines> Tandai zvinhu zvenhando<br/>zvisatikanganise;<br/>Tigonyatsokufungai,<br/>Nemwoyo yedu yose. </lines>
    </verse>
    <verse name="v5">
      <lines> Ratidzai kushaya kwedu,<br/>Rudo netsitsi dzenyu<br/>Kuti tizvikumbirire<br/>Kuti tizadzwe nazvo. </lines>
    </verse>
    <verse name="v6">
      <lines> Muvaropafadze vose<br/>Vasipo pano nhasi.<br/>Kuti vanhu venyu vose<br/>Vawane rudo rwenyu. </lines>
    </verse>
  </lyrics>
</song>
