<?xml version='1.0' encoding='UTF-8'?>
<song xmlns="http://openlyrics.info/namespace/2009/song" version="0.8" createdIn="OpenLP 2.4.6" modifiedIn="OpenLP 2.4.6" modifiedDate="2022-11-26T23:17:45">
  <properties>
    <titles>
      <title>Methodist Shona Hymn 200</title>
      <title>Hymn 200Chinhu chinotyisa kwazvo</title>
    </titles>
    <authors>
      <author>Methodist Hymns</author>
    </authors>
  </properties>
  <lyrics>
    <verse name="v1">
      <lines> Chinhu chinotyisa kwazvo,<br/>zuva rokupera;<br/>Kana Ishe achitonga<br/>Kokupedzisira. </lines>
    </verse>
    <verse name="v2">
      <lines> Kuripo kuvanzirana<br/>Pane ino nyika;<br/>Naikoku kurevana<br/>Kwouya pachena. </lines>
    </verse>
    <verse name="v3">
      <lines> Pane nyika kunotadzwa<br/>Kusina kunzwika;<br/>Nyamba kose kwakanzwikwa<br/>Nomuzivi zvose. </lines>
    </verse>
    <verse name="v4">
      <lines> Nero zuva pamibvunzo<br/>Kunonzwikwa zvose<br/>zvakaitiwa panyika<br/>Kumarudzi ose. </lines>
    </verse>
    <verse name="v5">
      <lines> Chidzokai vakaipa<br/>Pakuipa kwenyu;<br/>Teurai nhasi mese<br/>KuMusununguri. </lines>
    </verse>
  </lyrics>
</song>
