<?xml version='1.0' encoding='UTF-8'?>
<song xmlns="http://openlyrics.info/namespace/2009/song" version="0.8" createdIn="OpenLP 2.4.6" modifiedIn="OpenLP 2.4.6" modifiedDate="2022-11-26T23:17:42">
  <properties>
    <titles>
      <title>Methodist Shona Hymn 3</title>
      <title>Hymn 3Mwari muri zuva redu</title>
    </titles>
    <authors>
      <author>Methodist Hymns</author>
    </authors>
  </properties>
  <lyrics>
    <verse name="v1">
      <lines> Mwari muri zuva redu,<br/>Munopenya pauzuru;<br/>Munovhenekera mweya,<br/>Munotiratidza nzira. </lines>
    </verse>
    <verse name="v2">
      <lines> Mwari muri nhowo yedu,<br/>Hatidzitye mhandu dzedu;<br/>Dzose dzinokundwa nemi,<br/>Tigofamba nokufara. </lines>
    </verse>
    <verse name="v3">
      <lines> Munotipa ngoni dzenyu,<br/>Munotipawo utsvene;<br/>Munopa vanonamata<br/>Izvo zvinokomborera. </lines>
    </verse>
    <verse name="v4">
      <lines> Rukomborero rukuru!<br/>Rukomborero rwedenga!<br/>Kunavanovimba nemi,<br/>Vanoziva rudo rwenyu </lines>
    </verse>
  </lyrics>
</song>
