<?xml version='1.0' encoding='UTF-8'?>
<song xmlns="http://openlyrics.info/namespace/2009/song" version="0.8" createdIn="OpenLP 2.4.6" modifiedIn="OpenLP 2.4.6" modifiedDate="2022-11-26T23:17:46">
  <properties>
    <titles>
      <title>Methodist Shona Hymn 280</title>
      <title>Hymn 280Ndokutendai baba</title>
    </titles>
    <authors>
      <author>Methodist Hymns</author>
    </authors>
  </properties>
  <lyrics>
    <verse name="v1">
      <lines> Ndokutendai baba<br/>Nesimba randinaro,<br/>Nokuti ndinogona<br/>Kufamba nokumhanya. </lines>
    </verse>
    <verse name="v2">
      <lines> Ndokutendai baba<br/>Navashamwari vangu,<br/>Nokuti tinotamba<br/>Tifare pamwe chete. </lines>
    </verse>
    <verse name="v3">
      <lines> Ndokutendai baba<br/>Nebasa randinaro,<br/>Kudzidza nokuimba<br/>Nokubatsira vamwe. </lines>
    </verse>
  </lyrics>
</song>
