<?xml version='1.0' encoding='UTF-8'?>
<song xmlns="http://openlyrics.info/namespace/2009/song" version="0.8" createdIn="OpenLP 2.4.6" modifiedIn="OpenLP 2.4.6" modifiedDate="2022-11-26T23:17:43">
  <properties>
    <titles>
      <title>Methodist Shona Hymn 42</title>
      <title>Hymn 42Takazvarirwa Mwanakomana</title>
    </titles>
    <authors>
      <author>Methodist Hymns</author>
    </authors>
  </properties>
  <lyrics>
    <verse name="v1">
      <lines> Takazvarirwa Mwanakomana,<br/>Takapiwa Muponisi<br/>Anonzi, Emanueri,<br/>Mwari ega anesu. </lines>
    </verse>
    <verse name="v2">
      <lines> Vanhu vaifamba murima<br/>Vakachiona chiedza<br/>Jesu Kristu takazvarirwa<br/>Tigashire chiedza. </lines>
    </verse>
    <verse name="v3">
      <lines> Achanzi, Gota rinoshamisa,<br/>Mwari ane simba rose,<br/>baba wokusingapere,<br/>Muchinda worugare. </lines>
    </verse>
    <verse name="v4">
      <lines> Ushe huchava pafudzi rake,<br/>Iye achahusimbisa,<br/>Ushe hwake huchakura,<br/>Nokuzvipira kwake. </lines>
    </verse>
  </lyrics>
</song>
