<?xml version='1.0' encoding='UTF-8'?>
<song xmlns="http://openlyrics.info/namespace/2009/song" version="0.8" createdIn="OpenLP 2.4.6" modifiedIn="OpenLP 2.4.6" modifiedDate="2022-11-26T23:17:45">
  <properties>
    <titles>
      <title>Methodist Shona Hymn 229</title>
      <title>Hymn 229Tiri vawadzani, tiri vawadzani</title>
    </titles>
    <authors>
      <author>Methodist Hymns</author>
    </authors>
  </properties>
  <lyrics>
    <verse name="v1">
      <lines> Tiri vawadzani, tiri vawadzani,<br/>Mhuri yaJesu Mambo wedu!<br/>Dai tichidana, dai tichidana,<br/>Hakuna usvinu kudenga. </lines>
    </verse>
    <verse name="v2">
      <lines> Tinoyamurana, tinoyamurana,<br/>Vatendi vaIshe mukuru;<br/>Tisatsaukane, tisatsaukane,<br/>Hakuna kudaro kudenga. </lines>
    </verse>
    <verse name="v3">
      <lines> Tiri hondo imwe, tiri hondo imwe,<br/>Mbirimi dzaMambo mukuru;<br/>Ngatimurwirei nomwoyo mumwewo,<br/>Panzira inoenda kudenga. </lines>
    </verse>
    <verse name="v4">
      <lines> Ikoko kudenga pakufara kwedu<br/>Tozovonga Mambo mukuru;<br/>Naiwo masimba anobva kuna She,<br/>Tinosvika nawo kwaari. </lines>
    </verse>
  </lyrics>
</song>
