<?xml version='1.0' encoding='UTF-8'?>
<song xmlns="http://openlyrics.info/namespace/2009/song" version="0.8" createdIn="OpenLP 2.4.6" modifiedIn="OpenLP 2.4.6" modifiedDate="2022-11-26T23:17:45">
  <properties>
    <titles>
      <title>Methodist Shona Hymn 190</title>
      <title>Hymn 190Mwari muna masimba</title>
    </titles>
    <authors>
      <author>Methodist Hymns</author>
    </authors>
  </properties>
  <lyrics>
    <verse name="v1">
      <lines> Mwari muna masimba<br/>Ndibvisei Ijipita;<br/>Noruoko rwesimba<br/>Nditungamirwe Ishe. </lines>
    </verse>
    <verse name="v2">
      <lines> Munyika yezvitadzo<br/>Ndiburitsei Ishe,<br/>Pachimo chakaipa,<br/>Jehovha, ndinunurei. </lines>
    </verse>
    <verse name="v3">
      <lines> Mugungwa iri dzvuku<br/>Ndione ruponiso;<br/>Ndifukidzwe neshongwe<br/>Yegore neyomoto. </lines>
    </verse>
    <verse name="v4">
      <lines> Muurefu hwerenje<br/>Ngandione kubwinya;<br/>Kunyange ndine nzara<br/>Ndidyiseiwo mana. </lines>
    </verse>
    <verse name="v5">
      <lines> Kana nyoka dzoruma,<br/>Nganditarire imi;<br/>Ndinozovimba nemi<br/>Pane zviedzo zvose. </lines>
    </verse>
    <verse name="v6">
      <lines> Kana ndosvika Jodhani,<br/>Munozondiyambutsa<br/>Kumhiri kuKunana<br/>Kudenga musha wangu. </lines>
    </verse>
  </lyrics>
</song>
