<?xml version='1.0' encoding='UTF-8'?>
<song xmlns="http://openlyrics.info/namespace/2009/song" version="0.8" createdIn="OpenLP 2.4.6" modifiedIn="OpenLP 2.4.6" modifiedDate="2022-11-26T23:17:46">
  <properties>
    <titles>
      <title>Methodist Shona Hymn 283</title>
      <title>Hymn 283Nditungamire kuna She Jesu</title>
    </titles>
    <authors>
      <author>Methodist Hymns</author>
    </authors>
  </properties>
  <lyrics>
    <verse name="v1">
      <lines> Nditungamire kuna She Jesu;<br/>Ndiyamure kuti ndimude,<br/>Ndiye Mponisi, ndingamutende,<br/>Ndoda kumuona, ndiratidze. </lines>
    </verse>
    <verse name="v2">
      <lines> Nditungamire, ndiye Mufudzi,<br/>Mwoyo wake wakapfavisa;<br/>Anotinzwira tsitsi norudo,<br/>Anondidana mwana wake. </lines>
    </verse>
    <verse name="v3">
      <lines> Ndouya Jesu, Mponisi wangu,<br/>Ndokutendai, ndozvipira,<br/>Ndigamchirei netsitsi dzenyu,<br/>Ndinoda kufanana nemi. </lines>
    </verse>
  </lyrics>
</song>
