<?xml version='1.0' encoding='UTF-8'?>
<song xmlns="http://openlyrics.info/namespace/2009/song" version="0.8" createdIn="OpenLP 2.4.6" modifiedIn="OpenLP 2.4.6" modifiedDate="2022-11-26T23:17:44">
  <properties>
    <titles>
      <title>Methodist Shona Hymn 139</title>
      <title>Hymn 139Fare iwe mKristu</title>
    </titles>
    <authors>
      <author>Methodist Hymns</author>
    </authors>
  </properties>
  <lyrics>
    <verse name="v1">
      <lines> Fare iwe mKristu!<br/>Fara kuna Ishe;<br/>waponiswa naye,<br/>Fara nomumwoyo;<br/>Nokutenda kwaari<br/>Nawo mwoyo wako,<br/>wakaregererwa<br/>zvose zvivi zvako. </lines>
    </verse>
    <verse name="v2">
      <lines> Fara iwe mKristu!<br/>watongerwa zvino;<br/>Yakaripwa naye<br/>Yose mhosva yako;<br/>Naikoko kufa<br/>Kwaakafa nako<br/>waponiswa naye<br/>Iwo mweya wako. </lines>
    </verse>
    <verse name="v3">
      <lines> Fara iwe mKristu!<br/>Fara kuna Ishe;<br/>Uri wake iwe<br/>Fara nomumwoyo;<br/>Nemisodzi yako<br/>Upisike yose;<br/>Fara iwe mKristu<br/>Nawo mwoyo wose </lines>
    </verse>
  </lyrics>
</song>
