<?xml version='1.0' encoding='UTF-8'?>
<song xmlns="http://openlyrics.info/namespace/2009/song" version="0.8" createdIn="OpenLP 2.4.6" modifiedIn="OpenLP 2.4.6" modifiedDate="2022-11-26T23:17:46">
  <properties>
    <titles>
      <title>Methodist Shona Hymn 278</title>
      <title>Hymn 278Ndiropafadzei She</title>
    </titles>
    <authors>
      <author>Methodist Hymns</author>
    </authors>
  </properties>
  <lyrics>
    <verse name="v1">
      <lines> Ndiropafadzei She,<br/>Mundidzidzise Jesu;<br/>Ndoda mwoyo muchena;<br/>Mufudzi, ndichengetei. </lines>
    </verse>
    <verse name="v2">
      <lines> Ndiri muduku asi<br/>Makadanidza vose;<br/>Ndipei kudya kwenyu;<br/>Mufudzi, ndichengetei </lines>
    </verse>
    <verse name="v3">
      <lines> Ndiyamurei Jesu;<br/>Handina simba ini;<br/>Ndinotenda kwamuri;<br/>Mufudzi, ndichengetei. </lines>
    </verse>
    <verse name="v4">
      <lines> Handidi kutsauka,<br/>Ndoda kugara nemi<br/>Panzvimbo yakanaka;<br/>Mufudzi, ndichengetei. </lines>
    </verse>
  </lyrics>
</song>
