<?xml version='1.0' encoding='UTF-8'?>
<song xmlns="http://openlyrics.info/namespace/2009/song" version="0.8" createdIn="OpenLP 2.4.6" modifiedIn="OpenLP 2.4.6" modifiedDate="2022-11-26T23:17:46">
  <properties>
    <titles>
      <title>Methodist Shona Hymn 289</title>
      <title>Hymn 289Mangwanani zvinhu zvose</title>
    </titles>
    <authors>
      <author>Methodist Hymns</author>
    </authors>
  </properties>
  <lyrics>
    <verse name="v1">
      <lines> Mangwanani zvinhu zvose<br/>zvinovonga imi Ishe;<br/>Imi muno penyu hwose,<br/>Nesu takachengwa nemi. </lines>
    </verse>
    <verse name="v2">
      <lines> Hero zuva rinobuda<br/>Richifamba nzira yaro;<br/>Naro rinotizivisa<br/>Kuti muri Ishe waro. </lines>
    </verse>
    <verse name="v3">
      <lines> Nokusvika kwoyo musi<br/>Kwava nokuyedza kwawo;<br/>Hoyu! Nawo unoreva,<br/>Hunzi, muri Muiti wawo. </lines>
    </verse>
    <verse name="v4">
      <lines> Namatenga akakomba,<br/>Amire neminamato,<br/>Naiwo anodzidzisa<br/>Achiti, Muri muchengi. </lines>
    </verse>
    <verse name="v5">
      <lines> vose zvinhu zvatarira,<br/>Imi kose kudya kwazvo;<br/>zvinenge zvinokumbira<br/>Kwamuri, Musiki wazvo. </lines>
    </verse>
    <verse name="v6">
      <lines> Tinogoti baba wedu,<br/>Imi tinokuvongai,<br/>Imi Msununguri wedu,<br/>Nemiwo Mweya Mutsvene. </lines>
    </verse>
  </lyrics>
</song>
