<?xml version='1.0' encoding='UTF-8'?>
<song xmlns="http://openlyrics.info/namespace/2009/song" version="0.8" createdIn="OpenLP 2.4.6" modifiedIn="OpenLP 2.4.6" modifiedDate="2022-11-26T23:17:45">
  <properties>
    <titles>
      <title>Methodist Shona Hymn 203</title>
      <title>Hymn 203Nzvimbo yakanaka</title>
    </titles>
    <authors>
      <author>Methodist Hymns</author>
    </authors>
  </properties>
  <lyrics>
    <verse name="v1">
      <lines> Nzvimbo yakanaka!<br/>Musha waJehovha,<br/>Denga ramatenga,<br/>Denga routsvene!<br/>Iyo nzvimbo yakanaka<br/>Ndoenda rini kwairi? </lines>
    </verse>
    <verse name="v2">
      <lines> Somfambi panyika<br/>Anopanga musha,<br/>Neniwo ndinoda<br/>zororo kudenga.<br/>Iyo nzvimbo yakanaka<br/>Ndoenda rini kwairi? </lines>
    </verse>
    <verse name="v3">
      <lines> Pano patigere<br/>Matumba enyika,<br/>Musha wechokwadi<br/>Tinawo kudenga.<br/>Iyo nzvimbo yakanaka<br/>Ndoenda rini kwairi? </lines>
    </verse>
    <verse name="v4">
      <lines> Hakuna misodzi<br/>Kumsoro kudenga,<br/>Kuchema, nokufa<br/>Nokutambudzika.<br/>Iyo nzvimbo yakanaka<br/>Ndoenda rini kwairi? </lines>
    </verse>
    <verse name="v5">
      <lines> zviedzo, zvitadzo<br/>zvichange zvapera<br/>Ndichazororako<br/>NaSahwira, Jesu.<br/>Iyo nzvimbo yakanaka<br/>Ndoenda rini kwairi? </lines>
    </verse>
  </lyrics>
</song>
