<?xml version='1.0' encoding='UTF-8'?>
<song xmlns="http://openlyrics.info/namespace/2009/song" version="0.8" createdIn="OpenLP 2.4.6" modifiedIn="OpenLP 2.4.6" modifiedDate="2022-11-26T23:17:45">
  <properties>
    <titles>
      <title>Methodist Shona Hymn 176</title>
      <title>Hymn 176Jesu Mambo worugare</title>
    </titles>
    <authors>
      <author>Methodist Hymns</author>
    </authors>
  </properties>
  <lyrics>
    <verse name="v1">
      <lines> Jesu Mambo worugare<br/>Ngatibvumirane nemi;<br/>Revai shoko mupedze<br/>Nharo nako kupesana. </lines>
    </verse>
    <verse name="v2">
      <lines> zvose zvinokanganisa,<br/>Nezvo zvinowanzonetsa,<br/>Ngazviraswe kure zvose<br/>zvigokundwa nokudana. </lines>
    </verse>
    <verse name="v3">
      <lines> Uchenye, nokutsutsumwa,<br/>Nezvinotsamwisa zvose,<br/>zvigobviswa, zvipedziswe<br/>Nokuregerera kwenyu. </lines>
    </verse>
    <verse name="v4">
      <lines> Itai kuti tidane,<br/>Takapfava, tine tsitsi,<br/>Pakufunga, napamazwi,<br/>Tive semi, Ishe wedu. </lines>
    </verse>
    <verse name="v5">
      <lines> Titakudzane mitoro,<br/>Tinzwirane, tiyamrane,<br/>Tiratidze vose vanhu<br/>Mugariro waMaKristu. </lines>
    </verse>
    <verse name="v6">
      <lines> Tichenjerere kudada,<br/>Ngatifambe norukudzo;<br/>Nomu udzame hworudo,<br/>Nourefu hwoutsvene. </lines>
    </verse>
  </lyrics>
</song>
