<?xml version='1.0' encoding='UTF-8'?>
<song xmlns="http://openlyrics.info/namespace/2009/song" version="0.8" createdIn="OpenLP 2.4.6" modifiedIn="OpenLP 2.4.6" modifiedDate="2022-11-26T23:17:46">
  <properties>
    <titles>
      <title>Methodist Shona Hymn 284</title>
      <title>Hymn 284Ishe woutsvene</title>
    </titles>
    <authors>
      <author>Methodist Hymns</author>
    </authors>
  </properties>
  <lyrics>
    <verse name="v1">
      <lines> Ishe woutsvene.<br/>Tinzwei isu;<br/>zvatinopfugama,<br/>Tiropafadzwe. </lines>
    </verse>
    <verse name="v2">
      <lines> Nyange muri mtsvene,<br/>Ishe wedenga,<br/>Munotiterera<br/>Pakunamata </lines>
    </verse>
    <verse name="v3">
      <lines> Tichiri vaduku,<br/>Hatina simba;<br/>Titungamirei<br/>Munzira yenyu. </lines>
    </verse>
    <verse name="v4">
      <lines> Tidzivei pamhosva<br/>Mazuva ose;<br/>Yamurai isu<br/>Tidemi moga. </lines>
    </verse>
    <verse name="v5">
      <lines> zvatinoshovedzwa<br/>Nemi kudenga,<br/>Tichazodaira:<br/>Tauya Ishe. </lines>
    </verse>
  </lyrics>
</song>
