<?xml version='1.0' encoding='UTF-8'?>
<song xmlns="http://openlyrics.info/namespace/2009/song" version="0.8" createdIn="OpenLP 2.4.6" modifiedIn="OpenLP 2.4.6" modifiedDate="2022-11-26T23:17:46">
  <properties>
    <titles>
      <title>Methodist Shona Hymn 238</title>
      <title>Hymn 238baba wedu tarirai</title>
    </titles>
    <authors>
      <author>Methodist Hymns</author>
    </authors>
  </properties>
  <lyrics>
    <verse name="v1">
      <lines> baba wedu tarirai<br/>Vapfugama mberi kwenyu;<br/>Vanzwei, muvagamchire,<br/>Muvaite vana venyu. </lines>
    </verse>
    <verse name="v2">
      <lines> Vakatengwa nemi, Jesu,<br/>Nokuti makavafira;<br/>Vakarinzwa ropa renyu<br/>Ravakanzwa nezwi renyu. </lines>
    </verse>
    <verse name="v3">
      <lines> Chibvisai mhosva dzavo,<br/>Dzisarove hana dzavo,<br/>Varegererwe zvitadzo;<br/>Varegererei zvino. </lines>
    </verse>
    <verse name="v4">
      <lines> Shambidzai mwoyo yavo,<br/>Pachenyu, Mweya Mutsvene;<br/>Pakunyengetera kwavo<br/>burukirai pavari. </lines>
    </verse>
    <verse name="v5">
      <lines> Mwari, mumimhu mitatu,<br/>Garai mumwoyo yavo;<br/>Vazova kwamuri chose<br/>Vagoenda pakudenga. </lines>
    </verse>
  </lyrics>
</song>
