<?xml version='1.0' encoding='UTF-8'?>
<song xmlns="http://openlyrics.info/namespace/2009/song" version="0.8" createdIn="OpenLP 2.4.6" modifiedIn="OpenLP 2.4.6" modifiedDate="2022-11-26T23:17:44">
  <properties>
    <titles>
      <title>Methodist Shona Hymn 159</title>
      <title>Hymn 159Vongai kuna Jehovha</title>
    </titles>
    <authors>
      <author>Methodist Hymns</author>
    </authors>
  </properties>
  <lyrics>
    <verse name="v1">
      <lines> Vongai kuna Jehovha,<br/>Nokunaka kwake,<br/>Kuti dzose ngoni dzake<br/>Hadzina magumo. </lines>
    </verse>
    <verse name="v2">
      <lines> Ndudzi dzose ngadzidaro<br/>Nemba dzavo dzose,<br/>Kuti dzose ngoni dzake<br/>Hadzina magumo. </lines>
    </verse>
    <verse name="v3">
      <lines> Ndakashovedza Jehovha<br/>Pakutambudzika;<br/>Akandinzwa, ndikaiswa<br/>Pakufarikana. </lines>
    </verse>
    <verse name="v4">
      <lines> Ishe ari pedyo neni<br/>Anondiyamura,<br/>Anozondisimbaradza<br/>Pazviyedzo zvose. </lines>
    </verse>
    <verse name="v5">
      <lines> Kana Ishe ari pedyo<br/>Handitye chinhu;<br/>Kufa, nzara, nokurwara<br/>Hazvizondikunda. </lines>
    </verse>
    <verse name="v6">
      <lines> Kuvimba naye Jehovha.<br/>Nokunzvenga naye;<br/>Kusavimbazve navanhu,<br/>Ndizvo zvinodiwa. </lines>
    </verse>
    <verse name="v7">
      <lines> Imi muri Mwari wangu,<br/>Ndichakuvongai;<br/>zvirokwazvo muri wangu,<br/>Ndichakukudzai. </lines>
    </verse>
  </lyrics>
</song>
