<?xml version='1.0' encoding='UTF-8'?>
<song xmlns="http://openlyrics.info/namespace/2009/song" version="0.8" createdIn="OpenLP 2.4.6" modifiedIn="OpenLP 2.4.6" modifiedDate="2022-11-26T23:17:46">
  <properties>
    <titles>
      <title>Methodist Shona Hymn 300</title>
      <title>Hymn 300Ishe baba titarirei</title>
    </titles>
    <authors>
      <author>Methodist Hymns</author>
    </authors>
  </properties>
  <lyrics>
    <verse name="v1">
      <lines> Ishe baba titarirei,<br/>Nedzo tsitsi dzenyu,<br/>Isu tese tasangana<br/>Tiri mberi kwenyu. </lines>
    </verse>
    <verse name="v2">
      <lines> Inzwai kuchema kwedu<br/>Tinosuwa kwazvo;<br/>onai kushaya kwedu<br/>Tiitirei tsitsi. </lines>
    </verse>
    <verse name="v3">
      <lines> Nyika yose yakaoma<br/>Nokuoma uku,<br/>Heyi mhuri ine nzara<br/>zvose zvinopera. </lines>
    </verse>
    <verse name="v4">
      <lines> Tiitirei tsitsi She<br/>Tinovimba nemi;<br/>Tokumbira mvura zvino<br/>Kunyorozva pasi. </lines>
    </verse>
  </lyrics>
</song>
