<?xml version='1.0' encoding='UTF-8'?>
<song xmlns="http://openlyrics.info/namespace/2009/song" version="0.8" createdIn="OpenLP 2.4.6" modifiedIn="OpenLP 2.4.6" modifiedDate="2022-11-26T23:17:45">
  <properties>
    <titles>
      <title>Methodist Shona Hymn 210</title>
      <title>Hymn 210Ishe nzvimbo yenyu</title>
    </titles>
    <authors>
      <author>Methodist Hymns</author>
    </authors>
  </properties>
  <lyrics>
    <verse name="v1">
      <lines> Ishe nzvimbo yenyu<br/>Inodiwa kwazvo,<br/>Imba yakanaka,<br/>Inofadza isu. </lines>
    </verse>
    <verse name="v2">
      <lines> Vanhu vanouya<br/>Kuzonamatamo;<br/>Imi Ishe Jesu<br/>Munovagamchira. </lines>
    </verse>
    <verse name="v3">
      <lines> Tinorida izwi,<br/>Izwi roupenyu,<br/>Rinotinyaradza,<br/>Rinotifadzisa. </lines>
    </verse>
    <verse name="v4">
      <lines> Tinoda kuimba<br/>Tsitsi dzenyu pano;<br/>Toshuwa kuziva<br/>Rwiyo rwokudenga. </lines>
    </verse>
    <verse name="v5">
      <lines> Jesu, tipei ngoni<br/>Kukudisa kwazvo,<br/>Nokukunamata<br/>Navatsvene vose. </lines>
    </verse>
  </lyrics>
</song>
