<?xml version='1.0' encoding='UTF-8'?>
<song xmlns="http://openlyrics.info/namespace/2009/song" version="0.8" createdIn="OpenLP 2.4.6" modifiedIn="OpenLP 2.4.6" modifiedDate="2022-11-26T23:17:46">
  <properties>
    <titles>
      <title>Methodist Shona Hymn 290</title>
      <title>Hymn 290Denga rizere nemi</title>
    </titles>
    <authors>
      <author>Methodist Hymns</author>
    </authors>
  </properties>
  <lyrics>
    <verse name="v1">
      <lines> Denga rizere nemi<br/>Kristu Mwenje mukuru,<br/>zuva rokururama<br/>Rima rakundwa nemi;<br/>Nyamatsatsi, budai<br/>Yedzera mwoyo wangu. </lines>
    </verse>
    <verse name="v2">
      <lines> Handingafumofara<br/>Kana musipo imi;<br/>Rufaro haruvepo<br/>Kudzamara musvike;<br/>Kana mandiyedzera<br/>Ndinofara zvikuru. </lines>
    </verse>
    <verse name="v3">
      <lines> Vheneka mwoyo wangu<br/>Rima rangu ritandwe;<br/>Ndizadzwe noutsvene,<br/>Kutya kugoparadzwa;<br/>Mundiyedzere kwazvo<br/>Kuve samasikati. </lines>
    </verse>
  </lyrics>
</song>
