<?xml version='1.0' encoding='UTF-8'?>
<song xmlns="http://openlyrics.info/namespace/2009/song" version="0.8" createdIn="OpenLP 2.4.6" modifiedIn="OpenLP 2.4.6" modifiedDate="2022-11-26T23:17:44">
  <properties>
    <titles>
      <title>Methodist Shona Hymn 121</title>
      <title>Hymn 121Norumuko rwenyu Kristu</title>
    </titles>
    <authors>
      <author>Methodist Hymns</author>
    </authors>
  </properties>
  <lyrics>
    <verse name="v1">
      <lines> Norumuko rwenyu Kristu<br/>Munomutsa vanhu vose,<br/>Mava upenyu hwavose<br/>Ivo vari murutendo. </lines>
    </verse>
    <verse name="v2">
      <lines> Nokuzvarirwa muchivi<br/>Ndakanga ndiri murufu,<br/>Ndakamutswa, ndararama<br/>Nemi Jesu Muponisi. </lines>
    </verse>
    <verse name="v3">
      <lines> Ndingatye chiiko ini<br/>Kana ndasvika pakufa?<br/>Kufa ndiyo nzira yangu<br/>Yokupinda muupenyu. </lines>
    </verse>
    <verse name="v4">
      <lines> Makakwira pakudenga,<br/>Munonditungamirako<br/>Kuti ndigogara nemi;<br/>Jesu muri penyu hwangu. </lines>
    </verse>
  </lyrics>
</song>
