<?xml version='1.0' encoding='UTF-8'?>
<song xmlns="http://openlyrics.info/namespace/2009/song" version="0.8" createdIn="OpenLP 2.4.6" modifiedIn="OpenLP 2.4.6" modifiedDate="2022-11-26T23:17:45">
  <properties>
    <titles>
      <title>Methodist Shona Hymn 209</title>
      <title>Hymn 209Ishe taungana</title>
    </titles>
    <authors>
      <author>Methodist Hymns</author>
    </authors>
  </properties>
  <lyrics>
    <verse name="v1">
      <lines> Ishe taungana<br/>Muno mumba yenyu;<br/>Uyaiwo, zvatapinda<br/>Ishe mberi kwenyu. </lines>
    </verse>
    <verse name="v2">
      <lines> Iyo mwoyo yedu<br/>Yokurwarirai;<br/>Nayo mweya yedu Ishe<br/>Yokutarirai. </lines>
    </verse>
    <verse name="v3">
      <lines> Hurukuro dzenyu<br/>baba, ngatidzinzwe;<br/>Razarurwa dama renyu<br/>Nemi tikunzwei. </lines>
    </verse>
    <verse name="v4">
      <lines> Tinatswewo, Ishe,<br/>Isu vanhu venyu;<br/>Kana tafa, tipinzwewo<br/>Mune denga renyu. </lines>
    </verse>
  </lyrics>
</song>
