<?xml version='1.0' encoding='UTF-8'?>
<song xmlns="http://openlyrics.info/namespace/2009/song" version="0.8" createdIn="OpenLP 2.4.6" modifiedIn="OpenLP 2.4.6" modifiedDate="2022-11-26T23:17:45">
  <properties>
    <titles>
      <title>Methodist Shona Hymn 165</title>
      <title>Hymn 165Runyararo munyika yerima?</title>
    </titles>
    <authors>
      <author>Methodist Hymns</author>
    </authors>
  </properties>
  <lyrics>
    <verse name="v1">
      <lines> Runyararo munyika yerima?<br/>Ropa raJesu rinonyaradza. </lines>
    </verse>
    <verse name="v2">
      <lines> Runyararo mukati mebasa?<br/>Ita kuda kwaShe, izororo. </lines>
    </verse>
    <verse name="v3">
      <lines> Runyararo, tiri mumadzudzo?<br/>Kuna Jesu tinodzikamiswa. </lines>
    </verse>
    <verse name="v4">
      <lines> Runyararo vadiwa vasipo?<br/>Jesu anochenga isu navo. </lines>
    </verse>
    <verse name="v5">
      <lines> Runyararo, pasingazikanwe?<br/>Toziva Jesu, wobata zvose. </lines>
    </verse>
    <verse name="v6">
      <lines> Runyararo, rufu ruri pedyo?<br/>Jesu wakunda simba rokufa. </lines>
    </verse>
    <verse name="v7">
      <lines> Nhamu dzedu dziri kuzopera,<br/>Towana runyararo kudenga. </lines>
    </verse>
  </lyrics>
</song>
