<?xml version='1.0' encoding='UTF-8'?>
<song xmlns="http://openlyrics.info/namespace/2009/song" version="0.8" createdIn="OpenLP 2.4.6" modifiedIn="OpenLP 2.4.6" modifiedDate="2022-11-26T23:17:44">
  <properties>
    <titles>
      <title>Methodist Shona Hymn 106</title>
      <title>Hymn 106Mweni anogogodza</title>
    </titles>
    <authors>
      <author>Methodist Hymns</author>
    </authors>
  </properties>
  <lyrics>
    <verse name="v1">
      <lines> Mweni anogogodza<br/>Zvakapfava zvikuru,<br/>Anodisa kupinda<br/>Ano rudo rukuru. </lines>
    </verse>
    <verse name="v2">
      <lines> Usapfigire kunze<br/>Mudzidzisi mukuru<br/>Nokuti anouya<br/>Namashoko makuru. </lines>
    </verse>
    <verse name="v3">
      <lines> Vazhinji vakapona,<br/>Nesu tingaponewo<br/>Kana tagamuchira<br/>Mazwi oruponiso. </lines>
    </verse>
    <verse name="v4">
      <lines> Mweni uyu ndiJesu,<br/>Angafare zvikuru<br/>Kuva newe kudenga;<br/>Zvipire iye zvino. </lines>
    </verse>
  </lyrics>
</song>
