<?xml version='1.0' encoding='UTF-8'?>
<song xmlns="http://openlyrics.info/namespace/2009/song" version="0.8" createdIn="OpenLP 2.4.6" modifiedIn="OpenLP 2.4.6" modifiedDate="2022-11-26T23:17:46">
  <properties>
    <titles>
      <title>Methodist Shona Hymn 279</title>
      <title>Hymn 279baba, tinotenda</title>
    </titles>
    <authors>
      <author>Methodist Hymns</author>
    </authors>
  </properties>
  <lyrics>
    <verse name="v1">
      <lines> baba, tinotenda,<br/>Nezvipo zvenyu,<br/>Miti namaruva,<br/>Mhuka neshiri. </lines>
    </verse>
    <verse name="v2">
      <lines> Tidzidzisei She<br/>Kuva netsitsi<br/>Kuzvisikwa zvose<br/>zviri panyika. </lines>
    </verse>
    <verse name="v3">
      <lines> Mhuka dzokurima<br/>Nokutakura,<br/>Dzimwe dzinochenga<br/>Isu mumisha. </lines>
    </verse>
    <verse name="v4">
      <lines> Neshiri dzedenga<br/>Dzinoimbisa,<br/>Dzinorwisa mhandu<br/>Dzedu muminda. </lines>
    </verse>
  </lyrics>
</song>
