<?xml version='1.0' encoding='UTF-8'?>
<song xmlns="http://openlyrics.info/namespace/2009/song" version="0.8" createdIn="OpenLP 2.4.6" modifiedIn="OpenLP 2.4.6" modifiedDate="2022-11-26T23:17:46">
  <properties>
    <titles>
      <title>Methodist Shona Hymn 264</title>
      <title>Hymn 264Mwana angazive</title>
    </titles>
    <authors>
      <author>Methodist Hymns</author>
    </authors>
  </properties>
  <lyrics>
    <verse name="v1">
      <lines> Mwana angazive<br/>Kuti Mwari rudo,<br/>wakaruisa pachena<br/>Pasi nokudenga </lines>
    </verse>
    <verse name="v2">
      <lines> Kana ndatarisa<br/>Kumabasa ake,<br/>Ndinorava kwesekwese<br/>Kuti Mwari rudo. </lines>
    </verse>
    <verse name="v3">
      <lines> Maruva mazhinji<br/>Anondidzidzisa,<br/>Pamwe neshiri dzoimba<br/>Kuti Mwari rudo. </lines>
    </verse>
    <verse name="v4">
      <lines> Nenyenyedzi dzose<br/>Dzinopenya kure,<br/>Dzinondiudza zvaMwari<br/>Kuti ari pedyo. </lines>
    </verse>
  </lyrics>
</song>
