<?xml version='1.0' encoding='UTF-8'?>
<song xmlns="http://openlyrics.info/namespace/2009/song" version="0.8" createdIn="OpenLP 2.4.6" modifiedIn="OpenLP 2.4.6" modifiedDate="2022-11-26T23:17:44">
  <properties>
    <titles>
      <title>Methodist Shona Hymn 110</title>
      <title>Hymn 110Mwari Ishe makavanzwa</title>
    </titles>
    <authors>
      <author>Methodist Hymns</author>
    </authors>
  </properties>
  <lyrics>
    <verse name="v1">
      <lines> Mwari Ishe makavanzwa<br/>Nyange ndokurwarirai,<br/>Hamuonekwe kwandiri<br/>Kunyange ndazvikumbira. </lines>
    </verse>
    <verse name="v2">
      <lines> Ndine zvivi zvechokwadi<br/>Ndine mhosva mberi kwenyu<br/>Ndanga ndino kunyengedza<br/>Nyange ndave nezwi renyu. </lines>
    </verse>
    <verse name="v3">
      <lines> Ndakakundwa nokuzvida<br/>Mwoyo ukakurambai,<br/>Nyange makandidaidza<br/>Ndakatozviita matsi. </lines>
    </verse>
    <verse name="v4">
      <lines> Musandirasewo Ishe<br/>Nyange ndakaitezvi<br/>Ndodiiko ndoendepi<br/>Kana ndikaraswa nemi? </lines>
    </verse>
    <verse name="v5">
      <lines> Shewe! Tenzi ndakatadza<br/>Ndaizvidza izwi renyu,<br/>Asi rudo rwenyu Kristu<br/>Rwandidzumbunura zvino. </lines>
    </verse>
  </lyrics>
</song>
