<?xml version='1.0' encoding='UTF-8'?>
<song xmlns="http://openlyrics.info/namespace/2009/song" version="0.8" createdIn="OpenLP 2.4.6" modifiedIn="OpenLP 2.4.6" modifiedDate="2022-11-26T23:17:44">
  <properties>
    <titles>
      <title>Methodist Shona Hymn 146</title>
      <title>Hymn 146Mwari mune simba rose</title>
    </titles>
    <authors>
      <author>Methodist Hymns</author>
    </authors>
  </properties>
  <lyrics>
    <verse name="v1">
      <lines> Mwari mune simba rose,<br/>baba wadzo dzose tsitsi,<br/>Tinokutendai kwazvo<br/>Nenzira yetsitsi dzenyu. </lines>
    </verse>
    <verse name="v2">
      <lines> Tinokukurumbidzai<br/>Nokuti makatisika,<br/>Makatichengeta imi<br/>Makatiropafadzawo. </lines>
    </verse>
    <verse name="v3">
      <lines> Asi pamsoro pazvose<br/>Tinokutendai baba<br/>Norudo rwenyu rukuru<br/>Pamakatisunungura. </lines>
    </verse>
    <verse name="v4">
      <lines> Tinokukurumbidzai<br/>Nenzira yengoni dzenyu<br/>Dzokuwanikwa kwetsitsi,<br/>Netariro youtsvene, </lines>
    </verse>
    <verse name="v5">
      <lines> Tinoteura mutipe<br/>Mwoyo ive nokuvonga,<br/>Tionise rurumbidzo<br/>Mukugara kwedu kwose. </lines>
    </verse>
    <verse name="v6">
      <lines> Tozvipira kushandira<br/>Jesu Kristu, Ishe wedu,<br/>Tifambe pachiso chake<br/>Noutsvene misi yose. </lines>
    </verse>
    <verse name="v7">
      <lines> Kurumbidzwa nokubwinya<br/>Ngakuvepo kuna baba<br/>Nokuno Mwanakomana<br/>Nokuna Mweya Mutsvene. </lines>
    </verse>
    <verse name="v8">
      <lines> Tarisazve nziyo idzi: 126 , 141 </lines>
    </verse>
  </lyrics>
</song>
