<?xml version='1.0' encoding='UTF-8'?>
<song xmlns="http://openlyrics.info/namespace/2009/song" version="0.8" createdIn="OpenLP 2.4.6" modifiedIn="OpenLP 2.4.6" modifiedDate="2022-11-26T23:17:46">
  <properties>
    <titles>
      <title>Methodist Shona Hymn 299</title>
      <title>Hymn 299Mvura yazonaya, chipo chenyu baba</title>
    </titles>
    <authors>
      <author>Methodist Hymns</author>
    </authors>
  </properties>
  <lyrics>
    <verse name="v1">
      <lines> Mvura yazonaya, chipo chenyu baba,<br/>Musiki wazvose kudenga napasi;<br/>Panguva yapera takamhura isu;<br/>Mvura yanonoka, Mwari wakanganwa </lines>
    </verse>
    <verse name="v2">
      <lines> Torima nesimba rinobva kwamuri,<br/>Tirere kuhope zvodiridzwa nemi,<br/>Tose tinorerwa mweya nomuviri,<br/>Narwo rudo rwenyu rusingasarudze. </lines>
    </verse>
    <verse name="v3">
      <lines> Munotipa chando pamwaka wegore,<br/>Kotevera zuva, koita makore;<br/>Todyara mbeu dzamakatipa zvino.<br/>Murongi mukuru, Musiki wazvose. </lines>
    </verse>
    <verse name="v4">
      <lines> Makasika zvose, nyenyedzi kudenga,<br/>Nzizi, namakomo, masvosve neshiri;<br/>Tipei kutenda, tipire kwamuri<br/>zvose zvapanyika, miviri nemweya. </lines>
    </verse>
    <verse name="v5">
      <lines> Jesu wozokohwa nemhuri yedenga,<br/>Ngative mukati medura raMwari,<br/>Tiri vanorerwa murudo rwaJesu,<br/>Vadyi venhaka pamwe naye kudenga. </lines>
    </verse>
  </lyrics>
</song>
