<?xml version='1.0' encoding='UTF-8'?>
<song xmlns="http://openlyrics.info/namespace/2009/song" version="0.8" createdIn="OpenLP 2.4.6" modifiedIn="OpenLP 2.4.6" modifiedDate="2022-11-26T23:17:46">
  <properties>
    <titles>
      <title>Methodist Shona Hymn 236</title>
      <title>Hymn 236Makati vana vaduku</title>
    </titles>
    <authors>
      <author>Methodist Hymns</author>
    </authors>
  </properties>
  <lyrics>
    <verse name="v1">
      <lines> Makati vana vaduku<br/>Ngavauyiswe kwamuri,<br/>Umambo huri kudenga<br/>Hwakamisirwa vaduku. </lines>
    </verse>
    <verse name="v2">
      <lines> Tinouya navo Tenzi<br/>Ndivava vatakabata,<br/>Vagamuchirei nhasi,<br/>Vave venyu nguva dzose. </lines>
    </verse>
    <verse name="v3">
      <lines> Mweya wenyu uye Tenzi<br/>Ngaugarewo mavari,<br/>Kuti kuipa kwenyika<br/>Kusazovanyonganisa. </lines>
    </verse>
    <verse name="v4">
      <lines> Itaiwo kuti tose<br/>Mufambiro wedu wose<br/>Usazovarasikisa<br/>Tisavadzosere shure. </lines>
    </verse>
  </lyrics>
</song>
