<?xml version='1.0' encoding='UTF-8'?>
<song xmlns="http://openlyrics.info/namespace/2009/song" version="0.8" createdIn="OpenLP 2.4.6" modifiedIn="OpenLP 2.4.6" modifiedDate="2022-11-26T23:17:45">
  <properties>
    <titles>
      <title>Methodist Shona Hymn 207</title>
      <title>Hymn 207Musi weSvondo nhasi, She</title>
    </titles>
    <authors>
      <author>Methodist Hymns</author>
    </authors>
  </properties>
  <lyrics>
    <verse name="v1">
      <lines> Musi weSvondo nhasi, She,<br/>Ndiro zuva renyu,<br/>Vanofara vanhu venyu<br/>Nero zuva renyu. </lines>
    </verse>
    <verse name="v2">
      <lines> Makamuka nhasi Ishe<br/>Mune guva renyu,<br/>Makakunda rufu nhasi<br/>Nokumuka kwenyu. </lines>
    </verse>
    <verse name="v3">
      <lines> Makamuka imi, msoro<br/>wavo vanotenda;<br/>Tichamuka nesu tose<br/>Isu tinotenda. </lines>
    </verse>
    <verse name="v4">
      <lines> Ngarinzwiwe izwi renyu<br/>Navazhinji nhasi;<br/>Ngavamutswe pano rufu<br/>Vave nemi nhasi. </lines>
    </verse>
    <verse name="v5">
      <lines> Tinovonga imi, Jesu<br/>Muno mumba menyu<br/>Tine zvinhu zose isu<br/>Nokumuka kwenyu. </lines>
    </verse>
  </lyrics>
</song>
