<?xml version='1.0' encoding='UTF-8'?>
<song xmlns="http://openlyrics.info/namespace/2009/song" version="0.8" createdIn="OpenLP 2.4.6" modifiedIn="OpenLP 2.4.6" modifiedDate="2022-11-26T23:17:44">
  <properties>
    <titles>
      <title>Methodist Shona Hymn 131</title>
      <title>Hymn 131Ndoisa pana Jesu</title>
    </titles>
    <authors>
      <author>Methodist Hymns</author>
    </authors>
  </properties>
  <lyrics>
    <verse name="v1">
      <lines> Ndoisa pana Jesu<br/>zvivi zvangu zvose;<br/>Anonditakurira<br/>Mutoro mukuru;<br/>Ndounza kuna Jesu<br/>Mhosva dzangu dzose,<br/>Ndinoda kushambidzwa,<br/>Nditsveniswe kwazvo. </lines>
    </verse>
    <verse name="v2">
      <lines> Ndoisa pana Jesu<br/>Nhamo dzangu dzose<br/>Anorapa zvirwere<br/>Anondinunura;<br/>Ndounza kuna Jesu<br/>Dambudziko rangu,<br/>Anonditakurira,<br/>Ndigorerukirwa. </lines>
    </verse>
    <verse name="v3">
      <lines> Ndozorodza kwaari<br/>Mweya wakaneta,<br/>Ndorinda zvakanaka<br/>Pachipfuva chake;<br/>Jesu Emanueri,<br/>Ndoda zita rake;<br/>Anesu nguva dzose<br/>Ndiye Muyamuri. </lines>
    </verse>
    <verse name="v4">
      <lines> Ndoda kuva saJesu,<br/>wanga akapfava,<br/>Ndiye mwana mutsvene<br/>wababa wedenga;<br/>Ndoda kuva naJesu,<br/>Agondidzidzisa<br/>Kuti ndikurumbidze<br/>Pamwe nengirozi. </lines>
    </verse>
  </lyrics>
</song>
