<?xml version='1.0' encoding='UTF-8'?>
<song xmlns="http://openlyrics.info/namespace/2009/song" version="0.8" createdIn="OpenLP 2.4.6" modifiedIn="OpenLP 2.4.6" modifiedDate="2022-11-26T23:17:45">
  <properties>
    <titles>
      <title>Methodist Shona Hymn 230</title>
      <title>Hymn 230Mwari ano rudo</title>
    </titles>
    <authors>
      <author>Methodist Hymns</author>
    </authors>
  </properties>
  <lyrics>
    <verse name="v1">
      <lines> Mwari ano rudo<br/>Toda nzira yenyu<br/>Yamatimisira<br/>Tichitererazve<br/>Tive mune zvenyu zvose,<br/>Tipererewo mamuri. </lines>
    </verse>
    <verse name="v2">
      <lines> Matiunzirei<br/>Pano pamwe chete,<br/>Tava pamwe sei<br/>Kuti tionane,<br/>Tive pamwe tinzwirane<br/>Takakanyana mamuri? </lines>
    </verse>
    <verse name="v3">
      <lines> Matiita mumwe<br/>Kuti tive pamwe<br/>Tigofamba pamwe<br/>Tigoyamurana;<br/>Dakara nduramo dzenyu<br/>Dzionwe pamwe norudo. </lines>
    </verse>
    <verse name="v4">
      <lines> Ngatinange tose<br/>Patinogumira<br/>Takangwaririra<br/>Tirwe kwenda mberi;<br/>Tisusukidzane tose<br/>Dakara tiwane ngundu. </lines>
    </verse>
    <verse name="v5">
      <lines> Tidirei Mweya<br/>Kuti musi uyo,<br/>Tigozova nemi<br/>Kuti tisimutswe;<br/>Titakurwe tiendeswe<br/>Tisvitswe kuMununuri. </lines>
    </verse>
  </lyrics>
</song>
