<?xml version='1.0' encoding='UTF-8'?>
<song xmlns="http://openlyrics.info/namespace/2009/song" version="0.8" createdIn="OpenLP 2.4.6" modifiedIn="OpenLP 2.4.6" modifiedDate="2022-11-26T23:17:47">
  <properties>
    <titles>
      <title>Methodist Shona Hymn 310</title>
      <title>Hymn 310Nevatsvene avo vazorora</title>
    </titles>
    <authors>
      <author>Methodist Hymns</author>
    </authors>
  </properties>
  <lyrics>
    <verse name="v1">
      <lines> Nevatsvene avo vazorora<br/>Vakarumbidza namabasa<br/>zita raJesu kusingapere<br/>Ha-areruya! Ha-reruya! </lines>
    </verse>
    <verse name="v2">
      <lines> Ndimi dombo, bako, namasimba<br/>Mbirimi yavo muhondo huru<br/>Murima guru imi mwenje wavo<br/>Ha-areruya! Ha-reruya! </lines>
    </verse>
    <verse name="v3">
      <lines> Varwi venyu, vakarwa nesimba<br/>Savo varwi vazorora nemi<br/>Vawanewo ngundu yavo vakundi<br/>Ha-areruya! Ha-reruya! </lines>
    </verse>
    <verse name="v4">
      <lines> Ruwadzano rwakaropafadzwa<br/>Toshinga vatsvene vachibwinya<br/>Vose pamwe vose ndevenyu<br/>Ha-areruya! Ha-reruya! </lines>
    </verse>
    <verse name="v5">
      <lines> Kana kurwa kwaremesa kwazvo<br/>Tonzwa kure nziyo dzokukunda<br/>Mwoyo yosimba kwazvo<br/>Ha-areruya! Ha-reruya! </lines>
    </verse>
    <verse name="v6">
      <lines> Runako rwekudoka kwezuva<br/>Kuzorora kwevari vakundi<br/>Nerunyararo muParadhisi<br/>Ha-areruya! Ha-reruya! </lines>
    </verse>
    <verse name="v7">
      <lines> Kozosvika kubwinya kwezuva<br/>Vakundi nenguwo dzinobwinya<br/>Mbiri kuna baba, Mwana Mweya<br/>Ha-areruya! Ha-reruya! </lines>
    </verse>
  </lyrics>
</song>
