<?xml version='1.0' encoding='UTF-8'?>
<song xmlns="http://openlyrics.info/namespace/2009/song" version="0.8" createdIn="OpenLP 2.4.6" modifiedIn="OpenLP 2.4.6" modifiedDate="2022-11-26T23:17:42">
  <properties>
    <titles>
      <title>Methodist Shona Hymn 4</title>
      <title>Hymn 4Kudza Jehovha, Mwari ane simba</title>
    </titles>
    <authors>
      <author>Methodist Hymns</author>
    </authors>
  </properties>
  <lyrics>
    <verse name="v1">
      <lines> Kudza Jehovha, Mwari ane simba,<br/>Anofarisa mwoyo yavanhu;<br/>Anosimbisa vakati rukutu,<br/>Anovaponisa vakatadza. </lines>
    </verse>
    <verse name="v2">
      <lines> Kudza Jehovha, Ishe ane ngoni,<br/>wakatiitira tsitsi dzake,<br/>wakaregerera kuipa kwedu,<br/>wakatitumidza vana vake. </lines>
    </verse>
    <verse name="v3">
      <lines> Kudza Jehovha wakatifadzisa,<br/>zvose zvipo zvake zvakanaka;<br/>Tinozorora pamaoko ake,<br/>Tino rufaro norunyararo. </lines>
    </verse>
    <verse name="v4">
      <lines> Kudza Jehovha, Mwari Ishe wedu<br/>wakatipa Kristu mwana wake<br/>Kudza Jesu, wakatifira isu,<br/>NaMweya Mutsvene, ngaakudzwe. </lines>
    </verse>
  </lyrics>
</song>
