<?xml version='1.0' encoding='UTF-8'?>
<song xmlns="http://openlyrics.info/namespace/2009/song" version="0.8" createdIn="OpenLP 2.4.6" modifiedIn="OpenLP 2.4.6" modifiedDate="2022-11-26T23:17:43">
  <properties>
    <titles>
      <title>Methodist Shona Hymn 73</title>
      <title>Hymn 73Changamire! Muponisi</title>
    </titles>
    <authors>
      <author>Methodist Hymns</author>
    </authors>
  </properties>
  <lyrics>
    <verse name="v1">
      <lines> Changamire! Muponisi,<br/>Ishe makambozvidzwa,<br/>Nezvirwadzo zvenyu, Tenzi,<br/>Takawana kupona;<br/>Changamire! Mambo Jesu,<br/>Mutakuri wemhosva,<br/>Nako kufa kwakakomba,<br/>Takapiwa upenyu. </lines>
    </verse>
    <verse name="v2">
      <lines> Gwayana raMwari baba.<br/>Diramhamba ravanhu,<br/>Nenzira yorudo rwenyu,<br/>Takaripirwa mhosva<br/>Tose tinoregererwa<br/>Neropa renyu Ishe,<br/>Tinozopinda kudenga,<br/>Tayananiswa naShe. </lines>
    </verse>
    <verse name="v3">
      <lines> Changamire! Makagadzwa<br/>Pachigaro chitsvene;<br/>Hondo dzose dzokudenga,<br/>Dzinokukurumbidzai;<br/>Munoteurira isu,<br/>Munotigadzirira,<br/>Kuti tigowana nzvimbo,<br/>Pautsvene hwedenga. </lines>
    </verse>
    <verse name="v4">
      <lines> Makafanera kupiwa<br/>Rukudzo noutsvene;<br/>Takafanera kuimba<br/>Nziyo dzisingapere;<br/>Tiyamurei ngirozi<br/>Imbai nziyo dzenyu,<br/>Dzokunaka kwoMponisi,<br/>Noukuru hwaIshe. </lines>
    </verse>
    <verse name="v5">
      <lines> Tarisazve nziyo idzi: 121, 207 </lines>
    </verse>
  </lyrics>
</song>
