<?xml version='1.0' encoding='UTF-8'?>
<song xmlns="http://openlyrics.info/namespace/2009/song" version="0.8" createdIn="OpenLP 2.4.6" modifiedIn="OpenLP 2.4.6" modifiedDate="2022-11-26T23:17:46">
  <properties>
    <titles>
      <title>Methodist Shona Hymn 256</title>
      <title>Hymn 256Ngatiimbei rwiyo rutsva</title>
    </titles>
    <authors>
      <author>Methodist Hymns</author>
    </authors>
  </properties>
  <lyrics>
    <verse name="v1">
      <lines> Ngatiimbei rwiyo rutsva<br/>Navazhinjizhinji kudenga,<br/>Ndivo vanhu vakadaidzwa<br/>Vakatendeseka. </lines>
    </verse>
    <verse name="v2">
      <lines> Kubwinya nokukurumbidza<br/>Nesimba ngazvive zvaJesu,<br/>Gwayana robata ushe<br/>Hareruya! Amen! </lines>
    </verse>
    <verse name="v3">
      <lines> Mwari wedu wesimba rose,<br/>Ndiye wakasika zviripo,<br/>zvikasikwa nokuda kwake;<br/>NdiMambo wazvose, </lines>
    </verse>
    <verse name="v4">
      <lines> Mwari ana masimba ose,<br/>Mabasa ake akakura,<br/>Nzira dzake dzakarurama,<br/>NdiShe wamarudzi. </lines>
    </verse>
    <verse name="v5">
      <lines> Gwayana rakabayiwa<br/>Ndiye wakatengera Mwari<br/>Vanhu vendimi dzose dzose<br/>Namarudzi ose. </lines>
    </verse>
    <verse name="v6">
      <lines> Mwari wedu wesimba rose<br/>wobata ushe. Hareruya!<br/>Ndiye Mambo wamadzimambo.<br/>NdiShe wamadzishe. </lines>
    </verse>
  </lyrics>
</song>
