<?xml version='1.0' encoding='UTF-8'?>
<song xmlns="http://openlyrics.info/namespace/2009/song" version="0.8" createdIn="OpenLP 2.4.6" modifiedIn="OpenLP 2.4.6" modifiedDate="2022-11-26T23:17:43">
  <properties>
    <titles>
      <title>Methodist Shona Hymn 54</title>
      <title>Hymn 54Tsitsi hedzi dzamira dzoga</title>
    </titles>
    <authors>
      <author>Methodist Hymns</author>
    </authors>
  </properties>
  <lyrics>
    <verse name="v1">
      <lines> Tsitsi hedzi dzamira dzoga,<br/>Zvirwadzo zvakamira zvoga,<br/>Kusuwa kwakamira koga,<br/>Pamuchinjikwa. </lines>
    </verse>
    <verse name="v2">
      <lines> Ishe waburuka kudenga,<br/>Akazova munhu kuvanhu,<br/>Nediramhamba kuvatadzi,<br/>Pamuchinjikwa. </lines>
    </verse>
    <verse name="v3">
      <lines> Rutendo rwedu rwomirepi?<br/>Ruvimbo rwedu rwomirepi?<br/>Norudo rwedu rwomirepi?<br/>Pamuchinjikwa. </lines>
    </verse>
    <verse name="v4">
      <lines> Nengozi dzingapere dzose,<br/>Nemhaka dzingaripwe dzose,<br/>Zvoregererwa zvivi zvose,<br/>Pamuchinjikwa. </lines>
    </verse>
    <verse name="v5">
      <lines> Ngirozi dzakaona pasi,<br/>Dzakati gwananwana pasi,<br/>Dzichiona mashura ayo!<br/>Pamuchinjikwa. </lines>
    </verse>
  </lyrics>
</song>
