<?xml version='1.0' encoding='UTF-8'?>
<song xmlns="http://openlyrics.info/namespace/2009/song" version="0.8" createdIn="OpenLP 2.4.6" modifiedIn="OpenLP 2.4.6" modifiedDate="2022-11-26T23:17:44">
  <properties>
    <titles>
      <title>Methodist Shona Hymn 117</title>
      <title>Hymn 117Nditarirei nokufara</title>
    </titles>
    <authors>
      <author>Methodist Hymns</author>
    </authors>
  </properties>
  <lyrics>
    <verse name="v1">
      <lines> Nditarirei nokufara<br/>Ishe wangu;<br/>Ndimi makazondifira<br/>Ishe wangu.<br/>Makasiya denga renyu<br/>Makazvideredza chose<br/>Kuti mugondiponisa<br/>Ishe wangu. </lines>
    </verse>
    <verse name="v2">
      <lines> Ndandigere mune rima<br/>Ishe wangu;<br/>Ndaienda kuno rufu<br/>Ishe wangu.<br/>Dzakauya nhume dzenyu<br/>Kuti ndinzwe dama renyu<br/>Dzandiudza tsitsi dzenyu<br/>Ishe wangu. </lines>
    </verse>
    <verse name="v3">
      <lines> Ngandinzwiswe ngoni dzenyu<br/>Ishe wangu;<br/>Ndive muponiswa wenyu<br/>Ishe wangu.<br/>zvakaipa ngazvipere,<br/>Mwoyo wangu utsveniswe<br/>Inzwai, mundiregerere,<br/>Ishe wangu! </lines>
    </verse>
  </lyrics>
</song>
