<?xml version='1.0' encoding='UTF-8'?>
<song xmlns="http://openlyrics.info/namespace/2009/song" version="0.8" createdIn="OpenLP 2.4.6" modifiedIn="OpenLP 2.4.6" modifiedDate="2022-11-26T23:17:45">
  <properties>
    <titles>
      <title>Methodist Shona Hymn 213</title>
      <title>Hymn 213baba wedu tinouya</title>
    </titles>
    <authors>
      <author>Methodist Hymns</author>
    </authors>
  </properties>
  <lyrics>
    <verse name="v1">
      <lines> baba wedu tinouya<br/>Kuzonamata,<br/>Kuti makatichengeta<br/>Nokuda. </lines>
    </verse>
    <verse name="v2">
      <lines> Imi makatuma Jesu<br/>Munyika yedu,<br/>Kuti munotida isu<br/>zvikuru. </lines>
    </verse>
    <verse name="v3">
      <lines> wakaparadzira isu<br/>Rudo netsitsi;<br/>wakashuma kuti Mwari<br/>Ndibaba. </lines>
    </verse>
    <verse name="v4">
      <lines> Jesu akagotifira<br/>Pamuchinjikwa;<br/>Akagotiregerera<br/>Netsitsi. </lines>
    </verse>
    <verse name="v5">
      <lines> zvakaipa zvedu zvose<br/>wakazvitora;<br/>Mhosva dzedu wakaripa<br/>Nokufa. </lines>
    </verse>
    <verse name="v6">
      <lines> baba tinokutendai<br/>Kuti matida;<br/>Tichaedza basa renyu<br/>Nokuda. </lines>
    </verse>
  </lyrics>
</song>
