<?xml version='1.0' encoding='UTF-8'?>
<song xmlns="http://openlyrics.info/namespace/2009/song" version="0.8" createdIn="OpenLP 2.4.6" modifiedIn="OpenLP 2.4.6" modifiedDate="2022-11-26T23:17:44">
  <properties>
    <titles>
      <title>Methodist Shona Hymn 134</title>
      <title>Hymn 134Mwari samasimba</title>
    </titles>
    <authors>
      <author>Methodist Hymns</author>
    </authors>
  </properties>
  <lyrics>
    <verse name="v1">
      <lines> Mwari samasimba<br/>wengoni norudo,<br/>Mwoyo wangu unotsvaka<br/>Chiso chenyu Ishe. </lines>
    </verse>
    <verse name="v2">
      <lines> Gamchirai ini<br/>Muna Jesu Kristu,<br/>Ndodokwaira kuvimba<br/>Nenduramo yenyu. </lines>
    </verse>
    <verse name="v3">
      <lines> zvose zvandoita<br/>Ndiitire imi;<br/>Ndinopira zvipo zvangu<br/>Muzita renyu She. </lines>
    </verse>
    <verse name="v4">
      <lines> Jesu ziso rangu<br/>Rokutarirai;<br/>Ngarikudzwe zita renyu<br/>Pasi nekudenga. </lines>
    </verse>
    <verse name="v5">
      <lines> Mweya worutendo<br/>Mundimutse ini,<br/>Ndizadzwe nomoto wenyu<br/>NouMwari hwenyu. </lines>
    </verse>
  </lyrics>
</song>
