<?xml version='1.0' encoding='UTF-8'?>
<song xmlns="http://openlyrics.info/namespace/2009/song" version="0.8" createdIn="OpenLP 2.4.6" modifiedIn="OpenLP 2.4.6" modifiedDate="2022-11-26T23:17:46">
  <properties>
    <titles>
      <title>Methodist Shona Hymn 272</title>
      <title>Hymn 272Vaduku vakaimba</title>
    </titles>
    <authors>
      <author>Methodist Hymns</author>
    </authors>
  </properties>
  <lyrics>
    <verse name="v1">
      <lines> Vaduku vakaimba<br/>Hozana! Hozana!<br/>MuTemberi rekare<br/>Vakaimba rwiyo;<br/>Kuna Jesu Shamwari,<br/>waivada kwazvo,<br/>Vaduku vakaimba<br/>Nziyo dzinofadza. </lines>
    </verse>
    <verse name="v2">
      <lines> Vakamuperekedza<br/>Pamwe navazhinji<br/>Vachiimba zvikuru<br/>Nokupemberera.<br/>Ngirozi dzakaimba<br/>Pamwe chete navo;<br/>Hozana wokudenga;<br/>Mwari ngaakudzwe. </lines>
    </verse>
    <verse name="v3">
      <lines> Mashizha akanaka<br/>Akawaridzwapo,<br/>Maungira erwiyo<br/>Akanzwikwa kose.<br/>She wedenga nepasi<br/>wakatasva dhongi,<br/>Asingashore vana<br/>Vakamuimbira. </lines>
    </verse>
    <verse name="v4">
      <lines> Hozana wokudenga!<br/>Tinoimba navo,<br/>Jesu Mponisi wedu,<br/>Mambo wokudenga.<br/>Ngatiimbire Jesu<br/>Nomwoyo namazwi,<br/>Tigare nokufara<br/>Nokusingapere. </lines>
    </verse>
  </lyrics>
</song>
