<?xml version='1.0' encoding='UTF-8'?>
<song xmlns="http://openlyrics.info/namespace/2009/song" version="0.8" createdIn="OpenLP 2.4.6" modifiedIn="OpenLP 2.4.6" modifiedDate="2022-11-26T23:17:46">
  <properties>
    <titles>
      <title>Methodist Shona Hymn 248</title>
      <title>Hymn 248Kana todyara, She</title>
    </titles>
    <authors>
      <author>Methodist Hymns</author>
    </authors>
  </properties>
  <lyrics>
    <verse name="v1">
      <lines> Kana todyara, She,<br/>Shoko roupenyu,<br/>Richazodiridzwa nemi,<br/>Richanyatsomera. </lines>
    </verse>
    <verse name="v2">
      <lines> Nyasha dzichaita<br/>Kukohwa kukuru;<br/>Vazhinji vachazotenda<br/>Nokukukudzai. </lines>
    </verse>
    <verse name="v3">
      <lines> Unzai kwatiri<br/>Makomborero, She;<br/>Vashandi vave nesimba,<br/>Vanhu vagodzoka. </lines>
    </verse>
    <verse name="v4">
      <lines> Ipai vazhinji<br/>Rudo norufaro;<br/>Rudo runovavandudza,<br/>Vafarire denga. </lines>
    </verse>
  </lyrics>
</song>
