<?xml version='1.0' encoding='UTF-8'?>
<song xmlns="http://openlyrics.info/namespace/2009/song" version="0.8" createdIn="OpenLP 2.4.6" modifiedIn="OpenLP 2.4.6" modifiedDate="2022-11-26T23:17:44">
  <properties>
    <titles>
      <title>Methodist Shona Hymn 137</title>
      <title>Hymn 137Ngatitende kuna Jesu</title>
    </titles>
    <authors>
      <author>Methodist Hymns</author>
    </authors>
  </properties>
  <lyrics>
    <verse name="v1">
      <lines> Ngatitende kuna Jesu,<br/>Ndiye wakatifira;<br/>wakatiitira tsitsi,<br/>Nokutifira kwake;<br/>Ishe, baba!<br/>Ivai netsitsi nesu. </lines>
    </verse>
    <verse name="v2">
      <lines> Isu vanhu voupofu,<br/>wakauya kunesu<br/>wakafira vanhu vose,<br/>wakafira mapofu;<br/>Ishe, baba!<br/>Ivai netsitsi nesu. </lines>
    </verse>
    <verse name="v3">
      <lines> Marudzi enyika yose,<br/>Vatende pamwe chete;<br/>Ngavakurumbidze vose,<br/>Vaimbe kuna IShe;<br/>Ishe, baba!<br/>Iva netsitsi nesu. </lines>
    </verse>
  </lyrics>
</song>
