<?xml version='1.0' encoding='UTF-8'?>
<song xmlns="http://openlyrics.info/namespace/2009/song" version="0.8" createdIn="OpenLP 2.4.6" modifiedIn="OpenLP 2.4.6" modifiedDate="2022-11-26T23:17:45">
  <properties>
    <titles>
      <title>Methodist Shona Hymn 175</title>
      <title>Hymn 175Sedera, mweya wangu</title>
    </titles>
    <authors>
      <author>Methodist Hymns</author>
    </authors>
  </properties>
  <lyrics>
    <verse name="v1">
      <lines> Sedera, mweya wangu.<br/>Uya kuna She wangu,<br/>Uya sezva wakaita.<br/>Usanange panorufu,<br/>Sedera, mweya wangu. </lines>
    </verse>
    <verse name="v2">
      <lines> zvicheme, mweya wangu,<br/>zvose zvitadzo zvangu;<br/>zvakaipa zvinonyadza,<br/>Asi ini ndichinazvo,<br/>zvicheme mweya wangu. </lines>
    </verse>
    <verse name="v3">
      <lines> Namata mweya wangu,<br/>Uya kuMununuri;<br/>Daidza iwe kuna She<br/>Anonzwa iye kudenga;<br/>Namata, mweya wangu. </lines>
    </verse>
    <verse name="v4">
      <lines> Vimbazve, mweya wangu,<br/>Tenda kuna She wangu;<br/>wakambouya panyika<br/>Kuti ndiende kudenga;<br/>Vimbazve, mweya wangu. </lines>
    </verse>
    <verse name="v5">
      <lines> Pembera, mweya wangu<br/>Pano Mponisi wangu;<br/>wakauya kundifira,<br/>Ndakaregererwa naye;<br/>Pembera, mweya wangu. </lines>
    </verse>
  </lyrics>
</song>
