<?xml version='1.0' encoding='UTF-8'?>
<song xmlns="http://openlyrics.info/namespace/2009/song" version="0.8" createdIn="OpenLP 2.4.6" modifiedIn="OpenLP 2.4.6" modifiedDate="2022-11-26T23:17:46">
  <properties>
    <titles>
      <title>Methodist Shona Hymn 252</title>
      <title>Hymn 252Tiri pfumo raShe</title>
    </titles>
    <authors>
      <author>Methodist Hymns</author>
    </authors>
  </properties>
  <lyrics>
    <verse name="v1">
      <lines> Tiri pfumo raShe,<br/>Tinenda kundorwa,<br/>zvino tasimuka kurwa,<br/>Hondo yaShe Kristu,<br/>Tiri pane ngozi<br/>Asi tinofara<br/>Mwoyo yedu yasimbiswa<br/>NoMutungamiri. </lines>
    </verse>
    <verse name="v2">
      <lines> Tiri pfumo raShe,<br/>Tinomurumbidza,<br/>Tinomushandira iye<br/>Mambo ane mbiri. </lines>
    </verse>
    <verse name="v3">
      <lines> Tiri pfumo raShe,<br/>Tine zita rake,<br/>zita rakambonyoriwa<br/>Pamchinjikwa wake<br/>Rinotipfumisa,<br/>Hatishaye chinhu<br/>Kunyange tarasikirwa,<br/>Nepfuma yapasi. </lines>
    </verse>
    <verse name="v4">
      <lines> Tiri pfumo raShe,<br/>Tichazova naye,<br/>Mukati menyatwa dzose,<br/>Ticharambwa saye.<br/>Simudza mureza,<br/>Musi wasedera<br/>Musi wokukundisisa<br/>Kwepfumo raIshe. </lines>
    </verse>
  </lyrics>
</song>
