<?xml version='1.0' encoding='UTF-8'?>
<song xmlns="http://openlyrics.info/namespace/2009/song" version="0.8" createdIn="OpenLP 2.4.6" modifiedIn="OpenLP 2.4.6" modifiedDate="2022-11-26T23:17:45">
  <properties>
    <titles>
      <title>Methodist Shona Hymn 220</title>
      <title>Hymn 220Svondo inopfuura</title>
    </titles>
    <authors>
      <author>Methodist Hymns</author>
    </authors>
  </properties>
  <lyrics>
    <verse name="v1">
      <lines> Svondo inopfuura.<br/>Murayiri wopedza;<br/>Ngative nokuvonga<br/>Izwi iro ratanzwa;<br/>Izwi iguru kwazvo<br/>RaIshe wokudenga,<br/>Vasati vari matsi,<br/>Vabva vakwanisiswa. </lines>
    </verse>
    <verse name="v2">
      <lines> Murayi watiraya<br/>Izwi dai richigara,<br/>Rirege kanganikwa<br/>Imo mumwoyo yedu;<br/>Izwi rokuvheneka<br/>Izwi rokuratidza,<br/>Izwi rokufarisa,<br/>Ipo pamweya yedu. </lines>
    </verse>
    <verse name="v3">
      <lines> Svondo inopfuura<br/>Dai tichiterera,<br/>Tichirirangarira,<br/>Izwi raIshe wedu;<br/>Tigozonoti kana<br/>Tabva pano panyika,<br/>Tigopinda muChechi<br/>Yapamsoro kudenga. </lines>
    </verse>
  </lyrics>
</song>
