<?xml version='1.0' encoding='UTF-8'?>
<song xmlns="http://openlyrics.info/namespace/2009/song" version="0.8" createdIn="OpenLP 2.4.6" modifiedIn="OpenLP 2.4.6" modifiedDate="2022-11-26T23:17:46">
  <properties>
    <titles>
      <title>Methodist Shona Hymn 253</title>
      <title>Hymn 253Izwi raShe rakasvika</title>
    </titles>
    <authors>
      <author>Methodist Hymns</author>
    </authors>
  </properties>
  <lyrics>
    <verse name="v1">
      <lines> Izwi raShe rakasvika,<br/>Semhodzi ndukunduku;<br/>Yakamera pavhu raShe,<br/>Mhodzi yokururama. </lines>
    </verse>
    <verse name="v2">
      <lines> Ngaikure Tenzi wangu,<br/>Nesimba noupenyu;<br/>Ikurire miti yose,<br/>Mhodzi yokururama. </lines>
    </verse>
    <verse name="v3">
      <lines> Izwi raShe rakamera,<br/>Semhodzi mnyika ino;<br/>Rakaita muti waShe,<br/>Chechi yoMununuri. </lines>
    </verse>
    <verse name="v4">
      <lines> Izwi rashe rinofusa<br/>Masimba echarima,<br/>Samasimba emidzimu<br/>Anetsa vana vaShe. </lines>
    </verse>
    <verse name="v5">
      <lines> Anobvuma izwi raShe<br/>Angave norufaro;<br/>Rinofusa chakaipa,<br/>Rinopa mweya mutsva. </lines>
    </verse>
  </lyrics>
</song>
