<?xml version='1.0' encoding='UTF-8'?>
<song xmlns="http://openlyrics.info/namespace/2009/song" version="0.8" createdIn="OpenLP 2.4.6" modifiedIn="OpenLP 2.4.6" modifiedDate="2022-11-26T23:17:44">
  <properties>
    <titles>
      <title>Methodist Shona Hymn 133</title>
      <title>Hymn 133Sezva ndakadai, Ishe</title>
    </titles>
    <authors>
      <author>Methodist Hymns</author>
    </authors>
  </properties>
  <lyrics>
    <verse name="v1">
      <lines> Sezva ndakadai, Ishe,<br/>Kuzozvipira kwamuri,<br/>Shamwari yezarukira,<br/>Jesu ndinouya. </lines>
    </verse>
    <verse name="v2">
      <lines> Ndinouya norufaro<br/>Kuzopa upenyu hwangu,<br/>Kuzvipira ini chose,<br/>Ndouya kwamuri. </lines>
    </verse>
    <verse name="v3">
      <lines> Ndoda kuve muchiedza,<br/>Ndishandire kururama;<br/>Ndoda kushanda nesimba,<br/>Nezvo ndinouya. </lines>
    </verse>
    <verse name="v4">
      <lines> Sezva ndakadai, Ishe,<br/>Ndiri mutsva, ndakasimba,<br/>Kuita zvandinogona,<br/>Ndinouya Ishe. </lines>
    </verse>
  </lyrics>
</song>
