<?xml version='1.0' encoding='UTF-8'?>
<song xmlns="http://openlyrics.info/namespace/2009/song" version="0.8" createdIn="OpenLP 2.4.6" modifiedIn="OpenLP 2.4.6" modifiedDate="2022-11-26T23:17:46">
  <properties>
    <titles>
      <title>Methodist Shona Hymn 263</title>
      <title>Hymn 263Mwari wakasika</title>
    </titles>
    <authors>
      <author>Methodist Hymns</author>
    </authors>
  </properties>
  <lyrics>
    <verse name="v1">
      <lines> Mwari wakasika<br/>Nyika, mhepo, denga;<br/>wakasikazve zuva<br/>Anondida. </lines>
    </verse>
    <verse name="v2">
      <lines> Mwari wakasika<br/>Maruva nemiti,<br/>Usiku nesikati,<br/>Anondida. </lines>
    </verse>
    <verse name="v3">
      <lines> Mwari wakasika<br/>Mwedzi nenyenyedzi,<br/>Mwari wakandisika,<br/>Anondida. </lines>
    </verse>
  </lyrics>
</song>
