<?xml version='1.0' encoding='UTF-8'?>
<song xmlns="http://openlyrics.info/namespace/2009/song" version="0.8" createdIn="OpenLP 2.4.6" modifiedIn="OpenLP 2.4.6" modifiedDate="2022-11-26T23:17:46">
  <properties>
    <titles>
      <title>Methodist Shona Hymn 296</title>
      <title>Hymn 296Mumwe musi ava mauro</title>
    </titles>
    <authors>
      <author>Methodist Hymns</author>
    </authors>
  </properties>
  <lyrics>
    <verse name="v1">
      <lines> Mumwe musi ava mauro,<br/>Varwere vakaungana,<br/>Panyasi paJesu Ishe,<br/>Vakaenda norufaro. </lines>
    </verse>
    <verse name="v2">
      <lines> Nanhasi isu tauya,<br/>Tosedera nezvirwere;<br/>Mumhu wenyu hatione,<br/>Toziva kuti muripo. </lines>
    </verse>
    <verse name="v3">
      <lines> Tandai madzudzo edu;<br/>Vamwe vanorwara kwazvo;<br/>Vamwe havanyatsokudai;<br/>Vamwe vakarasa rudo. </lines>
    </verse>
    <verse name="v4">
      <lines> Vamwe vakaneta pano,<br/>Vakashaya ruyamuro;<br/>Vamwe vane hama dzavo<br/>Dzinovatambudza kwazvo. </lines>
    </verse>
    <verse name="v5">
      <lines> Vose vanoda zororo,<br/>Vanoda ruregerero;<br/>Vanoda kukushandirai<br/>Tonzwa kuipa mumwoyo. </lines>
    </verse>
    <verse name="v6">
      <lines> Kristu imi muri Munhu,<br/>Makamboedzwa zvikuru;<br/>Meso enyu anoona<br/>zvatinotsvaka kuvanza. </lines>
    </verse>
    <verse name="v7">
      <lines> Simba renyu richigere;<br/>Hamuna zvinokundika.<br/>Tinzweiwo maurano<br/>Tirapwe netsitsi dzenyu. </lines>
    </verse>
  </lyrics>
</song>
