<?xml version='1.0' encoding='UTF-8'?>
<song xmlns="http://openlyrics.info/namespace/2009/song" version="0.8" createdIn="OpenLP 2.4.6" modifiedIn="OpenLP 2.4.6" modifiedDate="2022-11-26T23:17:46">
  <properties>
    <titles>
      <title>Methodist Shona Hymn 265</title>
      <title>Hymn 265Mwari baba wedu</title>
    </titles>
    <authors>
      <author>Methodist Hymns</author>
    </authors>
  </properties>
  <lyrics>
    <verse name="v1">
      <lines> Mwari baba wedu<br/>Tichengetei,<br/>Pahope tarara<br/>Tivhumbamirwe. </lines>
    </verse>
    <verse name="v2">
      <lines> Yamurai mai<br/>Pamwe nababa,<br/>Vagotirerera<br/>Pakutya imi. </lines>
    </verse>
    <verse name="v3">
      <lines> Tipeiwo rudo<br/>Kuvanhu vose<br/>Tive vana venyu<br/>SaIshe Jesu </lines>
    </verse>
  </lyrics>
</song>
