<?xml version='1.0' encoding='UTF-8'?>
<song xmlns="http://openlyrics.info/namespace/2009/song" version="0.8" createdIn="OpenLP 2.4.6" modifiedIn="OpenLP 2.4.6" modifiedDate="2022-11-26T23:17:47">
  <properties>
    <titles>
      <title>Methodist Shona Hymn 306</title>
      <title>Hymn 306zuva ranhasi Ishe wedu</title>
    </titles>
    <authors>
      <author>Methodist Hymns</author>
    </authors>
  </properties>
  <lyrics>
    <verse name="v1">
      <lines> zuva ranhasi Ishe wedu<br/>Tinokudza chose<br/>Nokuti imi matsaura<br/>Hwayana dzenyu baba<br/>Kuti isuwo vana<br/>Togopa humbowo tose<br/>Hwokuti ivo vana voga<br/>Vazvipira kushanda. </lines>
    </verse>
    <verse name="v2">
      <lines> baba samasimba musiki<br/>Ropafadzai vana<br/>Vazvipira savashandiri<br/>Vachazomuimbirai<br/>Isu hatina simba<br/>Rokuchengeta chipo<br/>Asi tinovimba naMwari<br/>Mharidzo ichafamba. </lines>
    </verse>
    <verse name="v3">
      <lines> Vamwe makavapa zvipozvo<br/>zvokuita basaro<br/>Asi vamwe havambogona<br/>Kuona tarendaro<br/>Vamwe vanoparidza<br/>Vamwe vachidzidzisa<br/>Vamwe vanorapa zvirwere<br/>Nhasi ava vaimbi. </lines>
    </verse>
    <verse name="v4">
      <lines> Titsigisei mukumuzivai<br/>Tigowanawo simba<br/>Rokukunda muedzi Satani<br/>Ari pakati pedu<br/>Ishe nyakusika baba<br/>Tatenda rubatsirorwo<br/>zvotoenda kudzimba dzedu<br/>Mutichengete imi. </lines>
    </verse>
  </lyrics>
</song>
