<?xml version='1.0' encoding='UTF-8'?>
<song xmlns="http://openlyrics.info/namespace/2009/song" version="0.8" createdIn="OpenLP 2.4.6" modifiedIn="OpenLP 2.4.6" modifiedDate="2022-11-26T23:17:45">
  <properties>
    <titles>
      <title>Methodist Shona Hymn 218</title>
      <title>Hymn 218Mwari baba wedu</title>
    </titles>
    <authors>
      <author>Methodist Hymns</author>
    </authors>
  </properties>
  <lyrics>
    <verse name="v1">
      <lines> Mwari baba wedu,<br/>Anotichengeta<br/>Muyamure vose<br/>Vari pakushaya. </lines>
    </verse>
    <verse name="v2">
      <lines> Navari munhamu<br/>Nomukuremerwa,<br/>Muvaropafadze<br/>Vose vanyaradzwe. </lines>
    </verse>
    <verse name="v3">
      <lines> baba, tarisai<br/>Vose vanofamba;<br/>onisai ngoni<br/>Kuna vakasungwa. </lines>
    </verse>
    <verse name="v4">
      <lines> Muchengete avo<br/>Vose vanorwara,<br/>Nadzo chirikadzi,<br/>Murere nherera. </lines>
    </verse>
    <verse name="v5">
      <lines> Ivo vakaraswa,<br/>Navakamanikwa,<br/>batai nengoni<br/>Ava vanhu vose. </lines>
    </verse>
    <verse name="v6">
      <lines> Tipeiwo ngoni<br/>Tive tinoshanda<br/>Pamwe chete nemi<br/>Kuna vanoshaya </lines>
    </verse>
  </lyrics>
</song>
