<?xml version='1.0' encoding='UTF-8'?>
<song xmlns="http://openlyrics.info/namespace/2009/song" version="0.8" createdIn="OpenLP 2.4.6" modifiedIn="OpenLP 2.4.6" modifiedDate="2022-11-26T23:17:44">
  <properties>
    <titles>
      <title>Methodist Shona Hymn 154</title>
      <title>Hymn 154Irwa kurwa kwakanaka</title>
    </titles>
    <authors>
      <author>Methodist Hymns</author>
    </authors>
  </properties>
  <lyrics>
    <verse name="v1">
      <lines> Irwa kurwa kwakanaka,<br/>Kristu ndiye simba rako;<br/>Ita zvose zvakanaka,<br/>Uchafara nguva dzose. </lines>
    </verse>
    <verse name="v2">
      <lines> Famba nengoni dzaMwari,<br/>Tarisa uchamuona;<br/>Nzira yako iri mberi,<br/>Kristu ndiye nzira yako. </lines>
    </verse>
    <verse name="v3">
      <lines> Parwendo rwako usatye,<br/>Ngoni dzake dzakanyanya;<br/>Kana uchivimba naye<br/>Anozokutungamira. </lines>
    </verse>
    <verse name="v4">
      <lines> Rega kutya, ari pedyo,<br/>Iye asingapinduke;<br/>Tenda chete, uchaona<br/>Kristu ndiye muyamuri. </lines>
    </verse>
  </lyrics>
</song>
