<?xml version='1.0' encoding='UTF-8'?>
<song xmlns="http://openlyrics.info/namespace/2009/song" version="0.8" createdIn="OpenLP 2.4.6" modifiedIn="OpenLP 2.4.6" modifiedDate="2022-11-26T23:17:47">
  <properties>
    <titles>
      <title>Methodist Shona Hymn 312</title>
      <title>Hymn 312Tarisa, tarisa</title>
    </titles>
    <authors>
      <author>Methodist Hymns</author>
    </authors>
  </properties>
  <lyrics>
    <verse name="v1">
      <lines> Tarisa, tarisa<br/>Mutarise Jesu;<br/>Siya zvose zvenyika.<br/>Mutarise Jesu. </lines>
    </verse>
  </lyrics>
</song>
