<?xml version='1.0' encoding='UTF-8'?>
<song xmlns="http://openlyrics.info/namespace/2009/song" version="0.8" createdIn="OpenLP 2.4.6" modifiedIn="OpenLP 2.4.6" modifiedDate="2022-11-26T23:33:13">
  <properties>
    <titles>
      <title>Methodist Shona Hymn 250</title>
      <title>Hymn 250Fambai vaKristu, somunondorwa</title>
    </titles>
    <authors>
      <author>Methodist Hymns</author>
    </authors>
  </properties>
  <lyrics>
    <verse name="v1">
      <lines> Fambai vaKristu, somunondorwa,<br/>Munotungamirwa noMuchinjikwa;<br/>Kristu Ishe wedu, Mutungamiri,<br/>Fambai sehondo nesimba rake;<br/>Fambai vaKristu, somundorwa,<br/>Munotungamirwa noMuchinjikwa. </lines>
    </verse>
    <verse name="v2">
      <lines> Satan achatiza, anotya kwazvo.<br/>Fambai vaKristu, munogokunda;<br/>Anozungizika namazwi enyu,<br/>Simudzai mazwi, imbai mose. </lines>
    </verse>
    <verse name="v3">
      <lines> Inenda sehondo Chechi yaMwari<br/>Tichivatevera vatsvene vose;<br/>Tisatsaukaniswe, muviri mumwe,<br/>Pamwe murutendo, pamwe murudo. </lines>
    </verse>
    <verse name="v4">
      <lines> Hunogoparadzwa umambo hwose,<br/>Chechi yake Jesu inogosara;<br/>Simba reHadesi richazokundwa,<br/>Matama aJesu achazadziswa. </lines>
    </verse>
    <verse name="v5">
      <lines> Ndizvozvo fambai, fambai nesu,<br/>Rwiyo rwokukunda, ngatiombei,<br/>Kristu Ishe wedu ngaarumbidzwe,<br/>Kwamazuva ose asingapere. </lines>
    </verse>
    <verse name="v6">
      <lines> COPYRIGHT : BY PERMISSIoN oF M ESSRS. J.C URWEN and Sons, LTD </lines>
    </verse>
  </lyrics>
</song>
