<?xml version='1.0' encoding='UTF-8'?>
<song xmlns="http://openlyrics.info/namespace/2009/song" version="0.8" createdIn="OpenLP 2.4.6" modifiedIn="OpenLP 2.4.6" modifiedDate="2022-11-26T23:17:46">
  <properties>
    <titles>
      <title>Methodist Shona Hymn 291</title>
      <title>Hymn 291zuva rabuda kakare</title>
    </titles>
    <authors>
      <author>Methodist Hymns</author>
    </authors>
  </properties>
  <lyrics>
    <verse name="v1">
      <lines> zuva rabuda kakare<br/>Tinonamatazve,<br/>Kuti kupenya kwaMwari<br/>Kutitungamire. </lines>
    </verse>
    <verse name="v2">
      <lines> Tisatsaukane naMwari<br/>Nenzira yezvivi;<br/>Titaure chokwadi chete,<br/>Tizere norudo. </lines>
    </verse>
    <verse name="v3">
      <lines> Tiyamureiwo Kristu<br/>Musi wose uno,<br/>Pakunyengedza kwaSatani<br/>Kunotikombera. </lines>
    </verse>
    <verse name="v4">
      <lines> Tinoda kukudza imi<br/>Namabasa edu;<br/>Kana atangiswa nemi<br/>Angabudirire. </lines>
    </verse>
    <verse name="v5">
      <lines> Ngatizvibatei, Mwari,<br/>Tirege kukundwa<br/>Nokukanuka kwenyama<br/>Kwakaipa kwazvo. </lines>
    </verse>
    <verse name="v6">
      <lines> Ngakuve ruropafadzo<br/>Kuna Mwari baba<br/>Nokuna Mwanakomana,<br/>NoMweya Mutsvene. </lines>
    </verse>
  </lyrics>
</song>
