<?xml version='1.0' encoding='UTF-8'?>
<song xmlns="http://openlyrics.info/namespace/2009/song" version="0.8" createdIn="OpenLP 2.4.6" modifiedIn="OpenLP 2.4.6" modifiedDate="2022-11-26T23:17:46">
  <properties>
    <titles>
      <title>Methodist Shona Hymn 244</title>
      <title>Hymn 244Tivhenekerei</title>
    </titles>
    <authors>
      <author>Methodist Hymns</author>
    </authors>
  </properties>
  <lyrics>
    <verse name="v1">
      <lines> Tivhenekerei<br/>Chiedza chavanhu;<br/>Nezwi rakanyorwa<br/>Tiratidzwe imi- </lines>
    </verse>
    <verse name="v2">
      <lines> Kuti vana venyu<br/>Vadzidze nenyasha,<br/>Nokunanganidza<br/>Muuso hwaMwari. </lines>
    </verse>
    <verse name="v3">
      <lines> Tumai kwatiri<br/>Mweya woupenyu,<br/>Kuti titunhidze<br/>zita renyu chete; </lines>
    </verse>
    <verse name="v4">
      <lines> zarurai nzeve,<br/>Pfungwa dzitsigiswe,<br/>Kuti vana vanzwe<br/>zvinhu zvakaitwa. </lines>
    </verse>
    <verse name="v5">
      <lines> Tireverei, She,<br/>Titaure zvenyu;<br/>Nezve shoko renyu<br/>Tigodzidzisawo; </lines>
    </verse>
    <verse name="v6">
      <lines> Hwayana dzizive<br/>Izwi roMufudzi,<br/>Dzigomutevera<br/>Dzifare murudo. </lines>
    </verse>
    <verse name="v7">
      <lines> Garai matiri<br/>Tikutodzei She<br/>Mudiwe, mukudzwe,<br/>Mushandirwe nesu ... </lines>
    </verse>
    <verse name="v8">
      <lines> Kuti nzira dzedu<br/>Dzidzidzise vana<br/>Kutevera imi<br/>Nayo mwoyo yose. </lines>
    </verse>
  </lyrics>
</song>
