<?xml version='1.0' encoding='UTF-8'?>
<song xmlns="http://openlyrics.info/namespace/2009/song" version="0.8" createdIn="OpenLP 2.4.6" modifiedIn="OpenLP 2.4.6" modifiedDate="2022-11-26T23:17:43">
  <properties>
    <titles>
      <title>Methodist Shona Hymn 38</title>
      <title>Hymn 38Mwana Mtsvene, wakapfava</title>
    </titles>
    <authors>
      <author>Methodist Hymns</author>
    </authors>
  </properties>
  <lyrics>
    <verse name="v1">
      <lines> Mwana Mtsvene, wakapfava<br/>Anorara muzamba;<br/>Mombe idzo hadzizive<br/>Kuti Mwana ndiMambo;<br/>Ingirozi dzinokudza<br/>Nokufara, dzichiimba<br/>Kuti Mwana ndiMambo. </lines>
    </verse>
    <verse name="v2">
      <lines> Zvakanzwiwa navafudzi<br/>Nyaya dzakanakisa;<br/>Ingirozi dzichiimba<br/>Kuti Kristu wazvarwa;<br/>Naizvozvo ngatifare,<br/>Tichiimba nziyo dzedu<br/>Kuti Kristu wazvarwa. </lines>
    </verse>
  </lyrics>
</song>
