<?xml version='1.0' encoding='UTF-8'?>
<song xmlns="http://openlyrics.info/namespace/2009/song" version="0.8" createdIn="OpenLP 2.4.6" modifiedIn="OpenLP 2.4.6" modifiedDate="2022-11-26T23:17:43">
  <properties>
    <titles>
      <title>Methodist Shona Hymn 47</title>
      <title>Hymn 47Ndiudze nhau dzaJesu</title>
    </titles>
    <authors>
      <author>Methodist Hymns</author>
    </authors>
  </properties>
  <lyrics>
    <verse name="v1">
      <lines> Ndiudze nhau dzaJesu,<br/>Ndinodzida,<br/>zvinhu zvandingamubvunze<br/>Dai aripo;<br/>Mifananidzo,<br/>zvishamiso,<br/>Nhau dzaJesu<br/>Ndinodzida. </lines>
    </verse>
    <verse name="v2">
      <lines> Chindiudza nezvavana<br/>Vakamunzwa,<br/>Nemi ndichakomborerwa<br/>Pamwe navo;<br/>Mazwi etsitsi<br/>Namabasa,<br/>Akaitiwa,<br/>NaJesu She. </lines>
    </verse>
    <verse name="v3">
      <lines> Tsanangura nezveshiri<br/>Namaruva<br/>Kuti zvinotaura sei<br/>Kuna vanhu;<br/>Ndoda kudzidza<br/>Kuna Jesu<br/>Rudo rwababa<br/>Kuna vana. </lines>
    </verse>
    <verse name="v4">
      <lines> Ndiudze nechishamiso<br/>Chakaitwa<br/>Muchampupuri chikuru<br/>PaGariri;<br/>Dutu remhepo<br/>Rakamuka<br/>Rikanyaradzwa<br/>Nezwi raShe. </lines>
    </verse>
    <verse name="v5">
      <lines> Nganditevere navana<br/>Muguta ro,<br/>Ndichipembera zvikuru<br/>Kuna Jesu,<br/>Ndishowerere,<br/>Nokuimba<br/>Ndichimukudza<br/>Jesu Ishe. </lines>
    </verse>
    <verse name="v6">
      <lines> Ndiudze zvakaitika<br/>Mumundamo,<br/>zvokurwadziwa nokufa<br/>KwaShe wangu.<br/>Ndiudze zvose,<br/>Ndoda kunzwa<br/>Nhau dzaJesu<br/>Ndinodzida. </lines>
    </verse>
  </lyrics>
</song>
