<?xml version='1.0' encoding='UTF-8'?>
<song xmlns="http://openlyrics.info/namespace/2009/song" version="0.8" createdIn="OpenLP 2.4.6" modifiedIn="OpenLP 2.4.6" modifiedDate="2022-11-26T23:17:46">
  <properties>
    <titles>
      <title>Methodist Shona Hymn 274</title>
      <title>Hymn 274zuva redu ravapo</title>
    </titles>
    <authors>
      <author>Methodist Hymns</author>
    </authors>
  </properties>
  <lyrics>
    <verse name="v1">
      <lines> zuva redu ravapo,<br/>Jesu wakamuka, </lines>
    </verse>
    <verse name="v2">
      <lines> Chifarai, uchirai,<br/>Jesu wakamuka.<br/>Chitendai, chivongai,<br/>Jesu wakamuka,<br/>Pfugamirai. </lines>
    </verse>
    <verse name="v3">
      <lines> Nhasi ndiyo Svondo yo<br/>Yaakamuka Jesu. </lines>
    </verse>
    <verse name="v4">
      <lines> Tirirangarirewo<br/>Tichipira iye. </lines>
    </verse>
    <verse name="v5">
      <lines> Nokumuka kwake She<br/>Takaruramiswa. </lines>
    </verse>
    <verse name="v6">
      <lines> Guva rakakundzwa sei!<br/>Rufu tichatyirei? </lines>
    </verse>
    <verse name="v7">
      <lines> Iye wakakwira ko<br/>Kuna baba wedu. </lines>
    </verse>
    <verse name="v8">
      <lines> watigadzirirawo<br/>Pokugara uko. </lines>
    </verse>
    <verse name="v9">
      <lines> Jesu tichaonazve<br/>Pakudzoka kwake. </lines>
    </verse>
  </lyrics>
</song>
