<?xml version='1.0' encoding='UTF-8'?>
<song xmlns="http://openlyrics.info/namespace/2009/song" version="0.8" createdIn="OpenLP 2.4.6" modifiedIn="OpenLP 2.4.6" modifiedDate="2022-11-26T23:17:46">
  <properties>
    <titles>
      <title>Methodist Shona Hymn 245</title>
      <title>Hymn 245Mwari mundidzore imi</title>
    </titles>
    <authors>
      <author>Methodist Hymns</author>
    </authors>
  </properties>
  <lyrics>
    <verse name="v1">
      <lines> Mwari mundidzore imi,<br/>Ndizwe nyaya dzakanaka,<br/>Dzinorehwa namaKristu,<br/>Neni ndinodzida. </lines>
    </verse>
    <verse name="v2">
      <lines> Kana ndadzigamuchira,<br/>Ngandiparidze kuvamwe,<br/>Avo vasingadzizive,<br/>Vagotenda imi. </lines>
    </verse>
    <verse name="v3">
      <lines> Vamwe vanokutsvakai,<br/>Asi vanoshaya munhu<br/>Angavatsanangurire<br/>Ayo mazwi enyu. </lines>
    </verse>
    <verse name="v4">
      <lines> zvandazvipira kwamuri<br/>Imi shandai mumwoyo,<br/>Mundibise zvakaipa<br/>Ndisare ndachena. </lines>
    </verse>
    <verse name="v5">
      <lines> Femerai vanhu vose<br/>Vanodisa kuparidza,<br/>Vachiwane ichi chipo<br/>Chokudzora vanhu. </lines>
    </verse>
  </lyrics>
</song>
