<?xml version='1.0' encoding='UTF-8'?>
<song xmlns="http://openlyrics.info/namespace/2009/song" version="0.8" createdIn="OpenLP 2.4.6" modifiedIn="OpenLP 2.4.6" modifiedDate="2022-11-26T23:17:44">
  <properties>
    <titles>
      <title>Methodist Shona Hymn 125</title>
      <title>Hymn 125Ishe ndoimba nadzo tsitsi dzenyu</title>
    </titles>
    <authors>
      <author>Methodist Hymns</author>
    </authors>
  </properties>
  <lyrics>
    <verse name="v1">
      <lines> Ishe ndoimba nadzo tsitsi dzenyu,<br/>Idzo dzondipa rufaro rwangu;<br/>Rinondifadza irori zwi renyu.<br/>Rinondipawo ruvimbo rwangu. </lines>
    </verse>
    <verse name="v2">
      <lines> Makatumira idzo nhumwa dzenyu,<br/>Dzikazodzidzisa mweya wangu;<br/>Dzakaparidza nemirau yenyu,<br/>Ikaratidza kutadza kwangu. </lines>
    </verse>
    <verse name="v3">
      <lines> Ndakachema mberi kwenyu zvikuru,<br/>zvandakaona zvitadzo zvangu;<br/>Asi zvino ruregerero rwenyu;<br/>Rwapedza chose kuchema kwangu. </lines>
    </verse>
    <verse name="v4">
      <lines> Ropa roMwanakomana waMwari<br/>Rakapedza dzose mhosva dzangu;<br/>Ndakashambidzwa nesimba rengoni,<br/>Ndotenda kwazvo Mponisi wangu. </lines>
    </verse>
  </lyrics>
</song>
