<?xml version='1.0' encoding='UTF-8'?>
<song xmlns="http://openlyrics.info/namespace/2009/song" version="0.8" createdIn="OpenLP 2.4.6" modifiedIn="OpenLP 2.4.6" modifiedDate="2022-11-26T23:17:42">
  <properties>
    <titles>
      <title>Methodist Shona Hymn 17</title>
      <title>Hymn 17Chokwadi zita raJesu</title>
    </titles>
    <authors>
      <author>Methodist Hymns</author>
    </authors>
  </properties>
  <lyrics>
    <verse name="v1">
      <lines> Chokwadi zita raJesu<br/>Rakanaka kwazvo;<br/>Rinonyaradza mutendi,<br/>Rinofusa kutya. </lines>
    </verse>
    <verse name="v2">
      <lines> Rinorapa mweya wake,<br/>Rinomunyaradza;<br/>Rinomupa kuzorora<br/>Nokudya komweya. </lines>
    </verse>
    <verse name="v3">
      <lines> Dombo randinovakira,<br/>Nzvimbo yokuvanda;<br/>Dura risingacheredze<br/>Rizere nengoni. </lines>
    </verse>
    <verse name="v4">
      <lines> Jesu, Mambo noMuprista.<br/>Sahwira, mufudzi,<br/>Nzira yangu, noUpenyu,<br/>Ndokurumbidzai. </lines>
    </verse>
    <verse name="v5">
      <lines> Panenge mwoyo waneta,<br/>Usisadziyirwe,<br/>Asi kana ndaonemi<br/>Ndotunhidza kwazvo. </lines>
    </verse>
    <verse name="v6">
      <lines> Ndinogoparidza rudo<br/>Nguva dzangu dzose,<br/>zita renyu rindifadze<br/>Panguva yorufu. </lines>
    </verse>
  </lyrics>
</song>
