<?xml version='1.0' encoding='UTF-8'?>
<song xmlns="http://openlyrics.info/namespace/2009/song" version="0.8" createdIn="OpenLP 2.4.6" modifiedIn="OpenLP 2.4.6" modifiedDate="2022-11-26T23:17:46">
  <properties>
    <titles>
      <title>Methodist Shona Hymn 254</title>
      <title>Hymn 254Tiri vana vaMwari</title>
    </titles>
    <authors>
      <author>Methodist Hymns</author>
    </authors>
  </properties>
  <lyrics>
    <verse name="v1">
      <lines> Tiri vana vaMwari,<br/>Isu tiri vakundi;<br/>Nokupfuurisa<br/>Naiye wakatida. </lines>
    </verse>
    <verse name="v2">
      <lines> Musimboti ndiJesu,<br/>Isu tiri vakundi;<br/>Tinovimba naye;<br/>Isu tiri vakundi. </lines>
    </verse>
    <verse name="v3">
      <lines> Hatitye hukukutu,<br/>Isu tiri vakundi;<br/>Hatitye kurwara,<br/>Isu tiri vakundi. </lines>
    </verse>
    <verse name="v4">
      <lines> Hatichatya pakufa,<br/>Isu tiri vakundi;<br/>Kana paupenyu,<br/>Isu tiri vakundi. </lines>
    </verse>
    <verse name="v5">
      <lines> Anotinyengeterera,<br/>Isu tiri vakundi;<br/>Pane zvivi zvedu,<br/>Isu tiri vakundi. </lines>
    </verse>
    <verse name="v6">
      <lines> Ndiani wotirwisa?<br/>Isu tiri vakundi;<br/>Mwari anotirwira,<br/>Isu tiri vakundi. </lines>
    </verse>
    <verse name="v7">
      <lines> Pazvinhu izvi zvose,<br/>Isu tiri vakundi;<br/>Nokupfuurisa<br/>Naiye wakatida. </lines>
    </verse>
  </lyrics>
</song>
