<?xml version='1.0' encoding='UTF-8'?>
<song xmlns="http://openlyrics.info/namespace/2009/song" version="0.8" createdIn="OpenLP 2.4.6" modifiedIn="OpenLP 2.4.6" modifiedDate="2022-11-26T23:17:44">
  <properties>
    <titles>
      <title>Methodist Shona Hymn 113</title>
      <title>Hymn 113Hakusi kurema</title>
    </titles>
    <authors>
      <author>Methodist Hymns</author>
    </authors>
  </properties>
  <lyrics>
    <verse name="v1">
      <lines> Hakusi kurema<br/>Kwedzi mhosva dzangu,<br/>Dzandinadzo ini<br/>Dzokuzvarwa nadzo;<br/>Dzakandipinzawo<br/>Murushavashava<br/>Rwakandikonzera<br/>Kufa kwangu kose. </lines>
    </verse>
    <verse name="v2">
      <lines> Ishe Jesu, Ishe<br/>Ivai netsitsi;<br/>Ishe, Jesu, Ishe<br/>Ivai nengoni. </lines>
    </verse>
    <verse name="v3">
      <lines> Handisayamurwa<br/>Namabasa angu;<br/>Ndakasungwa kwazvo<br/>Nezvitadzo zvangu;<br/>Iye Jesu Kristu<br/>Pamusana pangu<br/>wakanzwa kurema<br/>wakafira ini. </lines>
    </verse>
    <verse name="v4">
      <lines> Dai asauya<br/>Mununuri wangu,<br/>Dai asafira<br/>Mhosva dzangu ini,<br/>Ndaizotakura<br/>Nokurangwa kwangu<br/>Asi zvose izvi<br/>zvakabva pana She. </lines>
    </verse>
  </lyrics>
</song>
