<?xml version='1.0' encoding='UTF-8'?>
<song xmlns="http://openlyrics.info/namespace/2009/song" version="0.8" createdIn="OpenLP 2.4.6" modifiedIn="OpenLP 2.4.6" modifiedDate="2022-11-26T23:17:42">
  <properties>
    <titles>
      <title>Methodist Shona Hymn 2</title>
      <title>Hymn 2Kudzai Mambo, ano utsvene</title>
    </titles>
    <authors>
      <author>Methodist Hymns</author>
    </authors>
  </properties>
  <lyrics>
    <verse name="v1">
      <lines> Kudzai Mambo, ano utsvene,<br/>Ari kudenga, ana masimba;<br/>Ndiye nhowo yedu nekarekare<br/>Anorumbidzwa pachigaro chake. </lines>
    </verse>
    <verse name="v2">
      <lines> Imbai masimba, nengoni dzake,<br/>wakafukidzwa nezvinopenya;<br/>Hasha dzake dzose dzinotinhira,<br/>Anofamba-famba pachamupupuri </lines>
    </verse>
    <verse name="v3">
      <lines> Ana masimba, wakaisika<br/>Nyika nezvose zviri mairi;<br/>wakaitsigira nomurairo,<br/>wakaikombera negungwa yose. </lines>
    </verse>
    <verse name="v4">
      <lines> Kufudza kwenyu kusingarehwe,<br/>Kuri pamhepo napakupenya,<br/>Kuri pamakomo nepamakana,<br/>Kuri pane mvura napane dova. </lines>
    </verse>
    <verse name="v5">
      <lines> Isu venyika hatine simba.<br/>Tinotarira chete kwamuri;<br/>Tsitsi dzenyu dzose dzisingapere,<br/>Musiki nehama nomununuri. </lines>
    </verse>
    <verse name="v6">
      <lines> Muna masimba norudo rwose,<br/>Ngirozi dzinokutunhidzai;<br/>Nesu venyika tokutunhidzai,<br/>Tokurumbidzai kusingapere. </lines>
    </verse>
  </lyrics>
</song>
