<?xml version='1.0' encoding='UTF-8'?>
<song xmlns="http://openlyrics.info/namespace/2009/song" version="0.8" createdIn="OpenLP 2.4.6" modifiedIn="OpenLP 2.4.6" modifiedDate="2022-11-26T23:17:44">
  <properties>
    <titles>
      <title>Methodist Shona Hymn 136</title>
      <title>Hymn 136zvaanotitonga iye</title>
    </titles>
    <authors>
      <author>Methodist Hymns</author>
    </authors>
  </properties>
  <lyrics>
    <verse name="v1">
      <lines> zvaanotitonga iye<br/>Ane chiremera,<br/>Ngaagamchire kuvonga<br/>Norudo rwomwoyo. </lines>
    </verse>
    <verse name="v2">
      <lines> Iye anotikambira<br/>Savatengwa vake;<br/>Paupenyu tiri vake<br/>Nyange nepakufa. </lines>
    </verse>
    <verse name="v3">
      <lines> Jesu, gamchirai venyu,<br/>Tigutiswe nemi,<br/>Tishandire mbiri yenyu<br/>Dakara pakufa. </lines>
    </verse>
    <verse name="v4">
      <lines> Mitumbi yedu nemweya<br/>Topira kwamuri;<br/>zvino isu tava venyu<br/>Nokusingapere. </lines>
    </verse>
    <verse name="v5">
      <lines> Tarisazve nziyo idzi: 94, 283 </lines>
    </verse>
  </lyrics>
</song>
