<?xml version='1.0' encoding='UTF-8'?>
<song xmlns="http://openlyrics.info/namespace/2009/song" version="0.8" createdIn="OpenLP 2.4.6" modifiedIn="OpenLP 2.4.6" modifiedDate="2022-11-26T23:17:46">
  <properties>
    <titles>
      <title>Methodist Shona Hymn 259</title>
      <title>Hymn 259Mwari ane simba, tinoteurira</title>
    </titles>
    <authors>
      <author>Methodist Hymns</author>
    </authors>
  </properties>
  <lyrics>
    <verse name="v1">
      <lines> Mwari ane simba, tinoteurira<br/>Vane simba rokutonga pasi pano,<br/>Vagare vachitsvaka kukudzwa kwenyu. </lines>
    </verse>
    <verse name="v2">
      <lines> Muvazadze noMweya Mutsvene wenyu<br/>zviito zvavo zvitungamirwe nemi,<br/>Vapote vachiita zvakarurama. </lines>
    </verse>
    <verse name="v3">
      <lines> Muvape ngoni dzenyu vatongi vose,<br/>Dzokuti vatonge zvakanakisisa;<br/>Vachengete chokwadi nokururama. </lines>
    </verse>
    <verse name="v4">
      <lines> Muropafadze ndudzi dzose dzenyika,<br/>Ngadzive idzo nomwoyo mumwe chete,<br/>Mudzipe kubvumirana nokunzwana. </lines>
    </verse>
    <verse name="v5">
      <lines> Tipei mwoyo tose yokukudai,<br/>Tisimbe kuchengeta mirau yenyu,<br/>Tigare tichitsvaka kukudzwa kwenyu. </lines>
    </verse>
  </lyrics>
</song>
