<?xml version='1.0' encoding='UTF-8'?>
<song xmlns="http://openlyrics.info/namespace/2009/song" version="0.8" createdIn="OpenLP 2.4.6" modifiedIn="OpenLP 2.4.6" modifiedDate="2022-11-26T23:17:43">
  <properties>
    <titles>
      <title>Methodist Shona Hymn 39</title>
      <title>Hymn 39Tarirai kubetrehem</title>
    </titles>
    <authors>
      <author>Methodist Hymns</author>
    </authors>
  </properties>
  <lyrics>
    <verse name="v1">
      <lines> Tarirai kubetrehem,<br/>Musha waDhavhidhi<br/>Pamsoro perima rawo<br/>Nyenyedzi dzopenya;<br/>Pari urimo Mwenje<br/>Unopenya kwazvo<br/>Vanhu vose vamakore<br/>Vanofadzwa nawo. </lines>
    </verse>
    <verse name="v2">
      <lines> Imi nyenyedzi dzose.<br/>Paridzai shoko,<br/>Rumbidzai kuna Mwari,<br/>Fadzisai vanhu;<br/>Nokuti wakazvarwa<br/>Mwana waMaria,<br/>Imbai imi ngirozi<br/>Norudo rukuru. </lines>
    </verse>
    <verse name="v3">
      <lines> Wauya chinyararire<br/>Chipo chakakomba<br/>Zvinouya nokudaro<br/>Zvipo zvokudenga;<br/>Hapana anomunzwa.<br/>Asi vanomuda<br/>Nemwoyo yakapfavisa<br/>Vachamugamchira. </lines>
    </verse>
    <verse name="v4">
      <lines> Mwana Mtsvene webetrehem<br/>Burukirai isu,<br/>Tandanisai kuipa,<br/>Muzvarwe matiri;<br/>Ngirozi dzinoimba<br/>Nyaya dzakanaka;<br/>Pindai zvino, garai nesu,<br/>Ishe Manueri. </lines>
    </verse>
  </lyrics>
</song>
