<?xml version='1.0' encoding='UTF-8'?>
<song xmlns="http://openlyrics.info/namespace/2009/song" version="0.8" createdIn="OpenLP 2.4.6" modifiedIn="OpenLP 2.4.6" modifiedDate="2022-11-26T23:17:44">
  <properties>
    <titles>
      <title>Methodist Shona Hymn 123</title>
      <title>Hymn 123Nanga huru yava pedyo</title>
    </titles>
    <authors>
      <author>Methodist Hymns</author>
    </authors>
  </properties>
  <lyrics>
    <verse name="v1">
      <lines> Nanga huru yava pedyo,<br/>Ane tsitsi ndiJesu;<br/>Anoda kutifarisa<br/>Inzwa izwi raJesu. </lines>
    </verse>
    <verse name="v2">
      <lines> zita rakanakisa<br/>Rinotipa rufaro,<br/>Rumbo rwakanakisa<br/>Jesu, Ishe, Jesu. </lines>
    </verse>
    <verse name="v3">
      <lines> Anobvuma shoko rake<br/>Anozosunungurwa;<br/>Agofamba zvakanaka<br/>Aende kuna Jesu. </lines>
    </verse>
    <verse name="v4">
      <lines> Utsvene huri kwaari,<br/>zvino ndotenda Jesu;<br/>Ndinorida zita rake,<br/>zita raKristu Jesu. </lines>
    </verse>
    <verse name="v5">
      <lines> Kutya kwangu kwaparadzwa<br/>Nezita rake Jesu;<br/>Mwoyo wangu unofara<br/>Kunzwa zita raJesu. </lines>
    </verse>
    <verse name="v6">
      <lines> Kana tazosvika uko<br/>Tichazova naJesu;<br/>Tichakurumbidza zita<br/>zita raIshe Jesu. </lines>
    </verse>
  </lyrics>
</song>
