<?xml version='1.0' encoding='UTF-8'?>
<song xmlns="http://openlyrics.info/namespace/2009/song" version="0.8" createdIn="OpenLP 2.4.6" modifiedIn="OpenLP 2.4.6" modifiedDate="2022-11-26T23:17:46">
  <properties>
    <titles>
      <title>Methodist Shona Hymn 277</title>
      <title>Hymn 277Ndouya kuJesu</title>
    </titles>
    <authors>
      <author>Methodist Hymns</author>
    </authors>
  </properties>
  <lyrics>
    <verse name="v1">
      <lines> Ndouya kuJesu<br/>Anondifarisa,<br/>Anondinyaradza,<br/>Panhamu yangu. </lines>
    </verse>
    <verse name="v2">
      <lines> Ndouya kuJesu<br/>Ndinogofara,<br/>Anovashovedza<br/>Vaduku seni. </lines>
    </verse>
    <verse name="v3">
      <lines> Ndouya kuJesu<br/>Anondinzwa kwazvo<br/>wondiregerera<br/>Anondidisa. </lines>
    </verse>
    <verse name="v4">
      <lines> Ndouya kuJesu<br/>Achandibatsira<br/>Andiperekedze<br/>Kunyika yake. </lines>
    </verse>
    <verse name="v5">
      <lines> Ikoko navamwe<br/>Tichafarisisa<br/>Tichiona Jesu,<br/>Mponisi wedu. </lines>
    </verse>
  </lyrics>
</song>
