<?xml version='1.0' encoding='UTF-8'?>
<song xmlns="http://openlyrics.info/namespace/2009/song" version="0.8" createdIn="OpenLP 2.4.6" modifiedIn="OpenLP 2.4.6" modifiedDate="2022-11-26T23:17:44">
  <properties>
    <titles>
      <title>Methodist Shona Hymn 109</title>
      <title>Hymn 109Baba, nedzo tsitsi dzenyu</title>
    </titles>
    <authors>
      <author>Methodist Hymns</author>
    </authors>
  </properties>
  <lyrics>
    <verse name="v1">
      <lines> Baba, nedzo tsitsi dzenyu,<br/>Tarisai mweya wangu,<br/>Ndinochema mberi kwenyu:<br/>Bvisai zvitadzo zvangu. </lines>
    </verse>
    <verse name="v2">
      <lines> Ini ndiri mberi kwenyu,<br/>Inzwai kuteta kwangu,<br/>Mhosva dzinondinyadzisa:<br/>Bvisai zvitadzo zvangu. </lines>
    </verse>
    <verse name="v3">
      <lines> Handimanikidzwe nemi,<br/>Inzwai kudana kwangu,<br/>Ndoziva handifanire:<br/>Bvisai zvitadzo zvangu. </lines>
    </verse>
    <verse name="v4">
      <lines> Ishe baba ndine tsvina,<br/>Shambidzai mwoyo wangu,<br/>Ndipei ruregerero,<br/>Bvisai zvitadzo zvangu. </lines>
    </verse>
  </lyrics>
</song>
