<?xml version='1.0' encoding='UTF-8'?>
<song xmlns="http://openlyrics.info/namespace/2009/song" version="0.8" createdIn="OpenLP 2.4.6" modifiedIn="OpenLP 2.4.6" modifiedDate="2022-11-26T23:17:43">
  <properties>
    <titles>
      <title>Methodist Shona Hymn 48</title>
      <title>Hymn 48Hakuna zita sera Jesu</title>
    </titles>
    <authors>
      <author>Methodist Hymns</author>
    </authors>
  </properties>
  <lyrics>
    <verse name="v1">
      <lines> Hakuna zita sera Jesu<br/>Kana nokudenga,<br/>hakuna rimwe rakadaro,<br/>Zita roM'ponisi. </lines>
    </verse>
    <verse name="v2">
      <lines>  Tinoda kuimbira Jesu,<br/> Tichimupa Mbiri;<br/> Nokuti hatizive zita<br/> Rinokunda iri. </lines>
    </verse>
    <verse name="v3">
      <lines> NdiJesu wakafira vose,<br/>Wakatida kwazvo;<br/>Zvatanga takaraswa tose<br/>Nezvitadzo zvedu. </lines>
    </verse>
    <verse name="v4">
      <lines> NdiJesu wakaita Nyasha<br/>Takamukanganwa;<br/>Wakati: Enda zvako mwana,<br/>Usazotadzazve. </lines>
    </verse>
    <verse name="v5">
      <lines> NdiJesu wakatiudzira<br/>Kutunhidza Mwari,<br/>Nokusarura vashamwari<br/>Vakanaka chete. </lines>
    </verse>
    <verse name="v6">
      <lines> NdiJesu wakarapa vanhu<br/>Akavasimbisa;<br/>Jesu wakadzosera vafi<br/>Kune hama dzavo </lines>
    </verse>
    <verse name="v7">
      <lines> NdiJesu anoenda nesu<br/>Kwose tinoenda;<br/>NdiJesu anotibatsira<br/>Muupenyu hwedu. </lines>
    </verse>
  </lyrics>
</song>
