<?xml version='1.0' encoding='UTF-8'?>
<song xmlns="http://openlyrics.info/namespace/2009/song" version="0.8" createdIn="OpenLP 2.4.6" modifiedIn="OpenLP 2.4.6" modifiedDate="2022-11-26T23:17:45">
  <properties>
    <titles>
      <title>Methodist Shona Hymn 169</title>
      <title>Hymn 169Famba mangwanangwana</title>
    </titles>
    <authors>
      <author>Methodist Hymns</author>
    </authors>
  </properties>
  <lyrics>
    <verse name="v1">
      <lines> Famba mangwanangwana<br/>Famba masikati,<br/>Famba zuva rovira,<br/>Famba pausiku;<br/>Famba nomwoyo mtsvene<br/>Urege kutyiswa<br/>Upfugame namabvi<br/>Teura ruvande. </lines>
    </verse>
    <verse name="v2">
      <lines> Kumbirira shamwari<br/>Vose vaunoda<br/>Kumbirira vavengi,<br/>Rega kuvasiya;<br/>Shure kwazvo kumbira<br/>Chowotsvaga woga;<br/>Muzita rake Jesu<br/>Mununuri wako. </lines>
    </verse>
    <verse name="v3">
      <lines> Kana washaya nzvimbo<br/>Yokuteurira<br/>Kana varipo vamwe,<br/>zvimwe unebasa;<br/>Simudza mwoyo wako,<br/>Mwari anokunzwa;<br/>Kufunga kwedu kose<br/>Kunozibwa naye. </lines>
    </verse>
    <verse name="v4">
      <lines> Kana wawona nhamo<br/>Teura kwaari;<br/>Nomurufaro rwako<br/>Funga ngoni dzake;<br/>Simba raakatipa<br/>Rinokunda zvose,<br/>Simba rokuteura<br/>Kuna Mwari wedu. </lines>
    </verse>
  </lyrics>
</song>
