<?xml version='1.0' encoding='UTF-8'?>
<song xmlns="http://openlyrics.info/namespace/2009/song" version="0.8" createdIn="OpenLP 2.4.6" modifiedIn="OpenLP 2.4.6" modifiedDate="2022-11-26T23:17:45">
  <properties>
    <titles>
      <title>Methodist Shona Hymn 217</title>
      <title>Hymn 217Timutsirei She</title>
    </titles>
    <authors>
      <author>Methodist Hymns</author>
    </authors>
  </properties>
  <lyrics>
    <verse name="v1">
      <lines> Timutsirei She,<br/>Uyai nesimba,<br/>Taurai nezwi guru<br/>Vanhu venyu vanzwe. </lines>
    </verse>
    <verse name="v2">
      <lines> Timutsirei She, kana toteura,<br/>Burukai, burukai, mutikomborere. </lines>
    </verse>
    <verse name="v3">
      <lines> Timutsirei She,<br/>NoMweya Mutsvene,<br/>Ngarubvire rudo rwenyu,<br/>Mune mwoyo yedu. </lines>
    </verse>
    <verse name="v4">
      <lines> Timutsirei She,<br/>Mutiropafadze,<br/>Ngarinzwiwe shoko renyu<br/>Rakanaka kwazvo. </lines>
    </verse>
    <verse name="v5">
      <lines> Timutsirei She,<br/>Tidirei Mweya,<br/>Rukudzo ndorwenyu Ishe,<br/>Mutiropafadze. </lines>
    </verse>
  </lyrics>
</song>
