<?xml version='1.0' encoding='UTF-8'?>
<song xmlns="http://openlyrics.info/namespace/2009/song" version="0.8" createdIn="OpenLP 2.4.6" modifiedIn="OpenLP 2.4.6" modifiedDate="2022-11-26T23:17:44">
  <properties>
    <titles>
      <title>Methodist Shona Hymn 138</title>
      <title>Hymn 138Rakanaka iro zuva</title>
    </titles>
    <authors>
      <author>Methodist Hymns</author>
    </authors>
  </properties>
  <lyrics>
    <verse name="v1">
      <lines> Rakanaka iro zuva<br/>Randakatenda kuna She!<br/>Mwoyo wangu fara zvako,<br/>Udza vanhu vose naro. </lines>
    </verse>
    <verse name="v2">
      <lines> Ranaka, ranaka,<br/>RaJesu wakandishamba!<br/>Iye wakandidzidzisa<br/>Kurinda nokuteura:<br/>Ranaka, ranaka,<br/>RaJesu wakandishamba! </lines>
    </verse>
    <verse name="v3">
      <lines> Chanaka chitenderano<br/>Chinondisunga kuna She!<br/>Ngaizadzwe imba yake<br/>Norwiyo rwandinoimba. </lines>
    </verse>
    <verse name="v4">
      <lines> Rakapera basa guru!<br/>Ndiri wake, uri wangu;<br/>wakandizvuva norudo<br/>Ndikamutevera ini. </lines>
    </verse>
    <verse name="v5">
      <lines> Mwoyo wangu chizorora!<br/>wakatsaukaniswa kare;<br/>Rega kubva kuna Ishe,<br/>Kwari zvose zvakanaka. </lines>
    </verse>
    <verse name="v6">
      <lines> Nokudenga chakanzwikwa<br/>Ichitenderano changu;<br/>Napakufa ndingatende<br/>Nokutini ndiri wake. </lines>
    </verse>
  </lyrics>
</song>
