<?xml version='1.0' encoding='UTF-8'?>
<song xmlns="http://openlyrics.info/namespace/2009/song" version="0.8" createdIn="OpenLP 2.4.6" modifiedIn="OpenLP 2.4.6" modifiedDate="2022-11-26T23:17:43">
  <properties>
    <titles>
      <title>Methodist Shona Hymn 23</title>
      <title>Hymn 23Makasiya ngundu</title>
    </titles>
    <authors>
      <author>Methodist Hymns</author>
    </authors>
  </properties>
  <lyrics>
    <verse name="v1">
      <lines> Makasiya ngundu<br/>Noumambo hwenyu<br/>zvamauya pano pasi;<br/>Asi mubetrehem<br/>Makashaya imba<br/>Yokuti muzvarirwe;<br/>Pindai mandiri Jesu,<br/>Mugare mumwoyo wangu. </lines>
    </verse>
    <verse name="v2">
      <lines> Vari kudenga<br/>Vakakukudzai<br/>Pakuzvarwa kwenyu Ishe,<br/>Asi makauya<br/>zvakapfavisa<br/>Makazvarwa somurombo;<br/>Pindai mandiri Jesu,<br/>Mugare mumwoyo wangu. </lines>
    </verse>
    <verse name="v3">
      <lines> Makauya Jesu<br/>Neizwi benyu<br/>Rokutisunungura,<br/>Asi makazvidzwa<br/>Nokuroverwa<br/>Pamuchinjikwa, Ishe;<br/>Pindai mandiri Jesu,<br/>Mugare mumwoyo wangu </lines>
    </verse>
    <verse name="v4">
      <lines> Vari kudenga<br/>Vachakukudzai<br/>Pakukunda kwenyu Ishe;<br/>zvino ndichakunzwai<br/>Muchindidaidza<br/>Kuti nzvimbo iri pano;<br/>Ndichafara kwazvo mumwoyo<br/>Kana mondidaidza. </lines>
    </verse>
  </lyrics>
</song>
