<?xml version='1.0' encoding='UTF-8'?>
<song xmlns="http://openlyrics.info/namespace/2009/song" version="0.8" createdIn="OpenLP 2.4.6" modifiedIn="OpenLP 2.4.6" modifiedDate="2022-11-26T23:17:43">
  <properties>
    <titles>
      <title>Methodist Shona Hymn 59</title>
      <title>Hymn 59Makatakura kuipa</title>
    </titles>
    <authors>
      <author>Methodist Hymns</author>
    </authors>
  </properties>
  <lyrics>
    <verse name="v1">
      <lines> Makatakura kuipa<br/>Kusi kwenyu Jesu,<br/>Makaripa mhosva Jesu,<br/>Isi mhosva yenyu. </lines>
    </verse>
    <verse name="v2">
      <lines> Mairwadzwa nokuipa<br/>Musiri mutadzi<br/>Raparara ropa renyu<br/>Muri mtsvene imi. </lines>
    </verse>
    <verse name="v3">
      <lines> Kudarika kwedu kose<br/>Kwamakapomerwa,<br/>Nezvirandu zvedu zvose<br/>zvamakapomerwa. </lines>
    </verse>
    <verse name="v4">
      <lines> Taregererwa, tapona<br/>Nezvirwadzo zvenyu;<br/>Tashambidzwa pakuipa<br/>Nero ropa renyu. </lines>
    </verse>
  </lyrics>
</song>
