<?xml version='1.0' encoding='UTF-8'?>
<song xmlns="http://openlyrics.info/namespace/2009/song" version="0.8" createdIn="OpenLP 2.4.6" modifiedIn="OpenLP 2.4.6" modifiedDate="2022-11-26T23:17:44">
  <properties>
    <titles>
      <title>Methodist Shona Hymn 124</title>
      <title>Hymn 124Ndomukurumbidza</title>
    </titles>
    <authors>
      <author>Methodist Hymns</author>
    </authors>
  </properties>
  <lyrics>
    <verse name="v1">
      <lines> Ndomukurumbidza<br/>Musununguri;<br/>Anondiponisa<br/>Pazvakaipa;<br/>Anondifarisa<br/>Pamwoyo wangu,<br/>Ngandikurumbidze<br/>Musununguri. </lines>
    </verse>
    <verse name="v2">
      <lines> Ndakabatikana<br/>Pamhosva yangu;<br/>Ndakasvipisiswa<br/>Nezvivi zvangu;<br/>Ndakanga ndakafa<br/>Mumweya wangu,<br/>wakandiponisa<br/>Musununguri. </lines>
    </verse>
    <verse name="v3">
      <lines> Ndichagara naye<br/>Musununguri,<br/>Ndichifamba naye<br/>Panzira yake;<br/>woenda kudenga,<br/>Ndoenda naye,<br/>Ndive noupenyu<br/>NoMsununguri. </lines>
    </verse>
  </lyrics>
</song>
