<?xml version='1.0' encoding='UTF-8'?>
<song xmlns="http://openlyrics.info/namespace/2009/song" version="0.8" createdIn="OpenLP 2.4.6" modifiedIn="OpenLP 2.4.6" modifiedDate="2022-11-26T23:17:46">
  <properties>
    <titles>
      <title>Methodist Shona Hymn 268</title>
      <title>Hymn 268Uyai imi vana, uyai unganai</title>
    </titles>
    <authors>
      <author>Methodist Hymns</author>
    </authors>
  </properties>
  <lyrics>
    <verse name="v1">
      <lines> Uyai imi vana, uyai unganai<br/>Kumusha webetrehema mose uyai<br/>Manenji aitwa panyika, onai!<br/>Ndibaba wedenga waita kudai! </lines>
    </verse>
    <verse name="v2">
      <lines> watuma Mwanake, waberekwa po;<br/>Uyai timuone maaiswa mo;<br/>Avete mudanga; wanakawo sei,<br/>Uyai vana mose, mugwadamirei! </lines>
    </verse>
    <verse name="v3">
      <lines> Maria naJosefa ndivo varipo,<br/>Vafudzi naivo vatosvikawo;<br/>Vakanzwa vatumwa voimba: Farai!<br/>Chinzwai nemi mose, vachikuudzai! </lines>
    </verse>
    <verse name="v4">
      <lines> Vatumwa vakati: Musatye onai,<br/>Mufaro mukuru ndowatokupai;<br/>onai, maponerwa mumusha uko,<br/>wamakamboshuva wazosvika po. </lines>
    </verse>
    <verse name="v5">
      <lines> wauya, togoraramiswa naye;<br/>Isu, tarasika, tigodzoswazve;<br/>NdiMwana wababa avete apo;<br/>Hendei betrehema tinamateko. </lines>
    </verse>
  </lyrics>
</song>
