<?xml version='1.0' encoding='UTF-8'?>
<song xmlns="http://openlyrics.info/namespace/2009/song" version="0.8" createdIn="OpenLP 2.4.6" modifiedIn="OpenLP 2.4.6" modifiedDate="2022-11-26T23:17:43">
  <properties>
    <titles>
      <title>Methodist Shona Hymn 21</title>
      <title>Hymn 21Isu vanhu vapanyika</title>
    </titles>
    <authors>
      <author>Methodist Hymns</author>
    </authors>
  </properties>
  <lyrics>
    <verse name="v1">
      <lines> Isu vanhu vapanyika<br/>Ngatigare tichikudza;<br/>Mwari wakatuma Jesu<br/>Kuratidza rudo rwake. </lines>
    </verse>
    <verse name="v2">
      <lines> Rumbidzai vanhu mose,<br/>Rumbidzai imi mose. </lines>
    </verse>
    <verse name="v3">
      <lines> wakaona tichitadza,<br/>wakationa murufu,<br/>wakatipa Muponisi,<br/>Hezvi nhasi wohupenyu! </lines>
    </verse>
    <verse name="v4">
      <lines> Takanga takarasika<br/>Tigere muzvakaipa,<br/>Tisingazive Mponisi,<br/>Asi nhasi tamuwana. </lines>
    </verse>
    <verse name="v5">
      <lines> Izwi rake rakasvika<br/>Kunesu takamanikwa;<br/>Takabiswa pane rima,<br/>Tikaiswa pachiedza. </lines>
    </verse>
    <verse name="v6">
      <lines> Rumbidzai vanhu mose!<br/>Taponiswa nhasi naye;<br/>Uyai marudzi ose<br/>Muzowana ruponiso. </lines>
    </verse>
  </lyrics>
</song>
