<?xml version='1.0' encoding='UTF-8'?>
<song xmlns="http://openlyrics.info/namespace/2009/song" version="0.8" createdIn="OpenLP 2.4.6" modifiedIn="OpenLP 2.4.6" modifiedDate="2022-11-26T23:17:46">
  <properties>
    <titles>
      <title>Methodist Shona Hymn 249</title>
      <title>Hymn 249Tiitei savashanu</title>
    </titles>
    <authors>
      <author>Methodist Hymns</author>
    </authors>
  </properties>
  <lyrics>
    <verse name="v1">
      <lines> Tiitei savashanu<br/>Vakarindira nemwenje<br/>Dakara masvika,<br/>zvamunotipa mafuta,<br/>Dirai nyasha matiri<br/>Mwenje isadzime. </lines>
    </verse>
    <verse name="v2">
      <lines> Tisave nenungo asi<br/>Nokuteura nebasa<br/>Mwenje igadzirwe;<br/>Kuti vatadzi vazhinji<br/>Vadzoke vapinde nesu<br/>Mubira renyu She. </lines>
    </verse>
    <verse name="v3">
      <lines> Hatidi kuuya toga<br/>Kubira rapaugere<br/>Tifare tiyeve;<br/>Tiuyise varasiki<br/>Navarwere navaduku<br/>Vagoona imi. </lines>
    </verse>
    <verse name="v4">
      <lines> TARISAzVE NzIYo IDzI : 228, 285 </lines>
    </verse>
  </lyrics>
</song>
