<?xml version='1.0' encoding='UTF-8'?>
<song xmlns="http://openlyrics.info/namespace/2009/song" version="0.8" createdIn="OpenLP 2.4.6" modifiedIn="OpenLP 2.4.6" modifiedDate="2022-11-26T23:17:46">
  <properties>
    <titles>
      <title>Methodist Shona Hymn 287</title>
      <title>Hymn 287Mwari worudo, rudo rwakakwana</title>
    </titles>
    <authors>
      <author>Methodist Hymns</author>
    </authors>
  </properties>
  <lyrics>
    <verse name="v1">
      <lines> Mwari worudo, rudo rwakakwana<br/>Topfugama paterone yenyu<br/>Tichikumbirira ava vaviri<br/>Vave norudo rusingapere. </lines>
    </verse>
    <verse name="v2">
      <lines> Mwari wopenyu wakakwana chose<br/>Vasimbisisei murutendo;<br/>Vapei mwoyo inoshingirira<br/>Isingatye kurwadza nokufa. </lines>
    </verse>
    <verse name="v3">
      <lines> Panhamo dzavo vapei rufaro,<br/>Norunyararo padambudziko;<br/>Ngavarindire musi unouya<br/>Musi worudo rusingapere. </lines>
    </verse>
    <verse name="v4">
      <lines> Copyright: by permission of oxford University Press </lines>
    </verse>
  </lyrics>
</song>
