<?xml version='1.0' encoding='UTF-8'?>
<song xmlns="http://openlyrics.info/namespace/2009/song" version="0.8" createdIn="OpenLP 2.4.6" modifiedIn="OpenLP 2.4.6" modifiedDate="2022-11-26T23:17:46">
  <properties>
    <titles>
      <title>Methodist Shona Hymn 276</title>
      <title>Hymn 276Jesu munoshovedza vaduku</title>
    </titles>
    <authors>
      <author>Methodist Hymns</author>
    </authors>
  </properties>
  <lyrics>
    <verse name="v1">
      <lines> Jesu munoshovedza vaduku,<br/>Ndinouya;<br/>Ndibatei mutaure neni<br/>Muponisi,<br/>Kuti ndisatsauke panzira,<br/>Ndibatwe naSatani muvengi. </lines>
    </verse>
    <verse name="v2">
      <lines> zvinondifadza kuti She wangu<br/>Makafamba<br/>Netsoka tsvene panzira yangu<br/>Pano pasi;<br/>Izvo makanga muri mucheche,<br/>Makavakudza vazvari venyu. </lines>
    </verse>
    <verse name="v3">
      <lines> Jesu pindurai mwoyo wangu<br/>Uve mtsvene,<br/>Somwoyo wenyu, mwoyo muchena,<br/>Mugaremo,<br/>zvino ndichaziva Mwari baba,<br/>Ndinogokura nokuchenjera. </lines>
    </verse>
    <verse name="v4">
      <lines> Ndinogokurumbidza Mponisi<br/>Misi yose;<br/>Pakutamba napabasa rangu<br/>Ndichaimba.<br/>Ndiyamurei ndikufadzei<br/>Ndichengete yose mirau yenyu. </lines>
    </verse>
  </lyrics>
</song>
