<?xml version='1.0' encoding='UTF-8'?>
<song xmlns="http://openlyrics.info/namespace/2009/song" version="0.8" createdIn="OpenLP 2.4.6" modifiedIn="OpenLP 2.4.6" modifiedDate="2022-11-26T23:17:46">
  <properties>
    <titles>
      <title>Methodist Shona Hymn 239</title>
      <title>Hymn 239Makatora chingwa, Jesu</title>
    </titles>
    <authors>
      <author>Methodist Hymns</author>
    </authors>
  </properties>
  <lyrics>
    <verse name="v1">
      <lines> Makatora chingwa, Jesu<br/>Mukachimedura,<br/>Mukati, Torai, mudye;<br/>Ndomuviri wangu. </lines>
    </verse>
    <verse name="v2">
      <lines> Jesu, matora mukombe,<br/>Mukati mavonga;<br/>Ndochitenderano chitsva<br/>Mune ropa rangu. </lines>
    </verse>
    <verse name="v3">
      <lines> Tinotora chingwa, Jesu,<br/>Totarira imi;<br/>Tinotora tidye icho<br/>Tichifunga imi. </lines>
    </verse>
    <verse name="v4">
      <lines> Tinotora nomukombe,<br/>Tichivimba nemi,<br/>Tinonwa kwauri tose<br/>Tichifunga imi. </lines>
    </verse>
  </lyrics>
</song>
