<?xml version='1.0' encoding='UTF-8'?>
<song xmlns="http://openlyrics.info/namespace/2009/song" version="0.8" createdIn="OpenLP 2.4.6" modifiedIn="OpenLP 2.4.6" modifiedDate="2022-11-26T23:17:44">
  <properties>
    <titles>
      <title>Methodist Shona Hymn 148</title>
      <title>Hymn 148Kwaendepi Ishe Jesu</title>
    </titles>
    <authors>
      <author>Methodist Hymns</author>
    </authors>
  </properties>
  <lyrics>
    <verse name="v1">
      <lines> Kwaendepi Ishe Jesu<br/>Kufariswa kwangu,<br/>Iko kwandaiva nako,<br/>Pakutanga kwangu? </lines>
    </verse>
    <verse name="v2">
      <lines> Kufadziswa kwakadaro,<br/>Pano mwoyo wangu!<br/>Nyamba zvino kwakaenda<br/>Kufadziswa kwangu. </lines>
    </verse>
    <verse name="v3">
      <lines> Iko kurasika Jesu<br/>Kwakandinyadzisa;<br/>Pamhidzai kundigamchira,<br/>zvino ndinopfidza. </lines>
    </verse>
    <verse name="v4">
      <lines> Nemi Mweya woutsvene<br/>Pamhidzai kuuya<br/>Ndinovenga zvakaipa<br/>zvakandiparadza. </lines>
    </verse>
    <verse name="v5">
      <lines> Ndiyamurei Ishe wangu,<br/>Ndisiyane neyo<br/>Midzimu inondirasa,<br/>Yandirasikisa. </lines>
    </verse>
    <verse name="v6">
      <lines> Ndive nokufamba nemi,<br/>Ndiri hama yenyu;<br/>Kuti ndikwanise yose,<br/>Mirairo yenyu. </lines>
    </verse>
  </lyrics>
</song>
