<?xml version='1.0' encoding='UTF-8'?>
<song xmlns="http://openlyrics.info/namespace/2009/song" version="0.8" createdIn="OpenLP 2.4.6" modifiedIn="OpenLP 2.4.6" modifiedDate="2022-11-26T23:17:45">
  <properties>
    <titles>
      <title>Methodist Shona Hymn 179</title>
      <title>Hymn 179Ngandibereke mapudzi</title>
    </titles>
    <authors>
      <author>Methodist Hymns</author>
    </authors>
  </properties>
  <lyrics>
    <verse name="v1">
      <lines> Ngandibereke mapudzi,<br/>Ayo oMweya Mutsvene,<br/>ohunhu nokururama<br/>Nduramo nomwoyochena,<br/>Izvo zvose zvorutendo,<br/>Nezvorudo norufaro. </lines>
    </verse>
    <verse name="v2">
      <lines> Izvo zvinhu ngazvikure<br/>Mumwoyo nenguva dzose,<br/>zvindiyamure ndidzure<br/>Kose uku kumanikwa<br/>Kousvinu nokwetsino<br/>Nokwezvinhu zvinobvako. </lines>
    </verse>
    <verse name="v3">
      <lines> Hongu, Ishe, nganditunge<br/>Ndivewo anobereka,<br/>Ndivavarire kuwana<br/>zvosewo zvakarurama<br/>zvigorega kuzorambwa<br/>Hwose unhu nadzo tsika. </lines>
    </verse>
  </lyrics>
</song>
