<?xml version='1.0' encoding='UTF-8'?>
<song xmlns="http://openlyrics.info/namespace/2009/song" version="0.8" createdIn="OpenLP 2.4.6" modifiedIn="OpenLP 2.4.6" modifiedDate="2022-11-26T23:17:45">
  <properties>
    <titles>
      <title>Methodist Shona Hymn 194</title>
      <title>Hymn 194Imi Mwari webheteri</title>
    </titles>
    <authors>
      <author>Methodist Hymns</author>
    </authors>
  </properties>
  <lyrics>
    <verse name="v1">
      <lines> Imi Mwari webheteri<br/>Mupi wezvokudya;<br/>Nhungamiri yavababa<br/>Murwendo rurefu; </lines>
    </verse>
    <verse name="v2">
      <lines> Heyi miteuro yedu<br/>Mberi pamugere;<br/>Mwari wavababa vedu<br/>Muve Mwari wedu. </lines>
    </verse>
    <verse name="v3">
      <lines> Patenge todzingaira<br/>Mutitungamire;<br/>Tipei chingwa chemisi<br/>Pamwe nezvifugo. </lines>
    </verse>
    <verse name="v4">
      <lines> Vhumbamirai sehuku<br/>Tisaritaire;<br/>Kudzamarare tisvike<br/>Muimba yababa. </lines>
    </verse>
    <verse name="v5">
      <lines> Munopa makomborero<br/>Atinokumbira;<br/>Imi munozova Mwari<br/>watakasarudza. </lines>
    </verse>
    <verse name="v6">
      <lines> TARISAzVE NzIYo IDzI : 45, 163 </lines>
    </verse>
  </lyrics>
</song>
