<?xml version='1.0' encoding='UTF-8'?>
<song xmlns="http://openlyrics.info/namespace/2009/song" version="0.8" createdIn="OpenLP 2.4.6" modifiedIn="OpenLP 2.4.6" modifiedDate="2022-11-26T23:17:46">
  <properties>
    <titles>
      <title>Methodist Shona Hymn 281</title>
      <title>Hymn 281Ishe Mwari ndiitei</title>
    </titles>
    <authors>
      <author>Methodist Hymns</author>
    </authors>
  </properties>
  <lyrics>
    <verse name="v1">
      <lines> Ishe Mwari ndiitei<br/>Kuti ndive mwenje,<br/>Unovhenekera vose<br/>Pandinenge ndiri. </lines>
    </verse>
    <verse name="v2">
      <lines> Ishe Mwari ndiitei<br/>Kuti ndive ruva,<br/>Rinofadzisa vanhu<br/>Vanogara neni. </lines>
    </verse>
    <verse name="v3">
      <lines> Ishe Mwari ndiitei<br/>Kuti ndive rwiyo<br/>Runofadza vanochema,<br/>Runondifadzawo. </lines>
    </verse>
    <verse name="v4">
      <lines> Ishe Mwari ndiitei<br/>Kuti ndive mdonzvo<br/>Kuti ndiyamure ivo<br/>Vakapera simba. </lines>
    </verse>
    <verse name="v5">
      <lines> Ishe Mwari ndiitei<br/>Kuti ndive rumbo,<br/>Rworudo norwokutenda<br/>Mune nzira dzenyu. </lines>
    </verse>
  </lyrics>
</song>
