<?xml version='1.0' encoding='UTF-8'?>
<song xmlns="http://openlyrics.info/namespace/2009/song" version="0.8" createdIn="OpenLP 2.4.6" modifiedIn="OpenLP 2.4.6" modifiedDate="2022-11-26T23:17:45">
  <properties>
    <titles>
      <title>Methodist Shona Hymn 191</title>
      <title>Hymn 191Muna vanhu venyu Mwari</title>
    </titles>
    <authors>
      <author>Methodist Hymns</author>
    </authors>
  </properties>
  <lyrics>
    <verse name="v1">
      <lines> Muna vanhu venyu Mwari<br/>Kudzo dzose nguva;<br/>Munovachengeta imi<br/>Pane nzvimbo dzose. </lines>
    </verse>
    <verse name="v2">
      <lines> Kana voyambuka nzizi<br/>Munova navo She;<br/>Kana vopiswa nomoto<br/>Vanochengwa nemi. </lines>
    </verse>
    <verse name="v3">
      <lines> Pavanokutambudzika<br/>Vanosimba nemi,<br/>Napane zvinovaruma<br/>Munovachengeta. </lines>
    </verse>
    <verse name="v4">
      <lines> Vanotarira kwamuri,<br/>Ivo vanhu venyu;<br/>Vanotenda, vanofunga,<br/>Ivo vanhu venyu. </lines>
    </verse>
  </lyrics>
</song>
