<?xml version='1.0' encoding='UTF-8'?>
<song xmlns="http://openlyrics.info/namespace/2009/song" version="0.8" createdIn="OpenLP 2.4.6" modifiedIn="OpenLP 2.4.6" modifiedDate="2022-11-26T23:17:45">
  <properties>
    <titles>
      <title>Methodist Shona Hymn 163</title>
      <title>Hymn 163Kana tichifamba</title>
    </titles>
    <authors>
      <author>Methodist Hymns</author>
    </authors>
  </properties>
  <lyrics>
    <verse name="v1">
      <lines> Kana tichifamba<br/>Muizwi raMwari<br/>Anotifadzisa munzira;<br/>Anoropafadza<br/>Vose vanomuda<br/>Vanovimba nokuterera. </lines>
    </verse>
    <verse name="v2">
      <lines> Kutererera,<br/>Ndiyo bedzi nzira<br/>Yorufaro naJesu,<br/>Vimba uterere. </lines>
    </verse>
    <verse name="v3">
      <lines> Hatizogumburwa<br/>Hatizotsutsumwa<br/>Tinofarira rudo rwake;<br/>Kutya nemisodzi<br/>zvopera kunavo<br/>Vanovimba nokuterera. </lines>
    </verse>
    <verse name="v4">
      <lines> Kana taremerwa<br/>Pano kunzwirana<br/>Anotitusa basa redu,<br/>Ivo vane nhamo<br/>Vanokomborerwa<br/>Nokuvimba nokuterera. </lines>
    </verse>
    <verse name="v5">
      <lines> Hatingazoziva<br/>Rufaro rwaIshe<br/>Kudzamare tamupa zvose;<br/>zvino ticharunzwa<br/>Rugare rwaivo<br/>Vanovimba nokuterera. </lines>
    </verse>
    <verse name="v6">
      <lines> zvino ngatigare<br/>Patsoka dzaJesu,<br/>Kana pakufamba munzira<br/>Tichiita zvake,<br/>Tichitumwa naye<br/>Tichivimba nokuterera. </lines>
    </verse>
  </lyrics>
</song>
