<?xml version='1.0' encoding='UTF-8'?>
<song xmlns="http://openlyrics.info/namespace/2009/song" version="0.8" createdIn="OpenLP 2.4.6" modifiedIn="OpenLP 2.4.6" modifiedDate="2022-11-26T23:17:45">
  <properties>
    <titles>
      <title>Methodist Shona Hymn 201</title>
      <title>Hymn 201Mumhanzi uri kudenga</title>
    </titles>
    <authors>
      <author>Methodist Hymns</author>
    </authors>
  </properties>
  <lyrics>
    <verse name="v1">
      <lines> Mumhanzi uri kudenga,<br/>Kana wozoridzwa iwo,<br/>Nokuriridza kukuru,<br/>Kana kozonzwika iko,<br/>Kunoparura makuva<br/>Kutsemure napanyika. </lines>
    </verse>
    <verse name="v2">
      <lines> Negungwa rinovabisa<br/>Vose varakambomedza,<br/>Nenyika inovabisa<br/>Vose vakanga vavigwa,<br/>Vagomuka mumakuva<br/>Vagoenda pakutongwa. </lines>
    </verse>
    <verse name="v3">
      <lines> Vati ivo vakafira<br/>Pane zvakaipa zvavo<br/>Vachamiswa pakachena<br/>Pamberi paChangamire,<br/>Vazvipindurire vega<br/>Vagorangwa zvinorwadza. </lines>
    </verse>
    <verse name="v4">
      <lines> bedzi vakabvuma Jesu<br/>Vanopona noyu musi,<br/>Vachafara pamwe chete<br/>Vanozopinda kudenga,<br/>Vaine mibairo yavo<br/>Vaino Muponisi wavo. </lines>
    </verse>
  </lyrics>
</song>
