<?xml version='1.0' encoding='UTF-8'?>
<song xmlns="http://openlyrics.info/namespace/2009/song" version="0.8" createdIn="OpenLP 2.4.6" modifiedIn="OpenLP 2.4.6" modifiedDate="2022-11-26T23:17:47">
  <properties>
    <titles>
      <title>Methodist Shona Hymn 311</title>
      <title>Hymn 311Tiri mberi kwenyu Ishe</title>
    </titles>
    <authors>
      <author>Methodist Hymns</author>
    </authors>
  </properties>
  <lyrics>
    <verse name="v1">
      <lines> Tiri mberi kwenyu Ishe<br/>Chibatai pfungwa dzedu,<br/>Tidzidze zvakarurama,<br/>Tizvipire basa renyu. </lines>
    </verse>
  </lyrics>
</song>
