<?xml version='1.0' encoding='UTF-8'?>
<song xmlns="http://openlyrics.info/namespace/2009/song" version="0.8" createdIn="OpenLP 2.4.6" modifiedIn="OpenLP 2.4.6" modifiedDate="2022-11-26T23:17:45">
  <properties>
    <titles>
      <title>Methodist Shona Hymn 181</title>
      <title>Hymn 181Hoyo mushandiri waShe</title>
    </titles>
    <authors>
      <author>Methodist Hymns</author>
    </authors>
  </properties>
  <lyrics>
    <verse name="v1">
      <lines> Hoyo mushandiri waShe!<br/>Ndoda kurairwa nemi<br/>Kuchengeta shoko renyu<br/>Nokuedza kuda kwenyu;<br/>Ndisaite kuda kwangu,<br/>Ndizadzise kururama. </lines>
    </verse>
    <verse name="v2">
      <lines> Kana mandinzwira ngoni<br/>Kuti ndiitiswe basa,<br/>Sarudzai zvamunoda,<br/>Asi garai mandiri;<br/>zviito ngazvive zvenyu<br/>zvakanaka, zvakakwana. </lines>
    </verse>
    <verse name="v3">
      <lines> Pfungwa dzangu dzose Ishe<br/>Ngadzitungamirwe nemi,<br/>basa rangu rive renyu,<br/>Ndiro rakakwana chose;<br/>Ndiro rinofadza baba,<br/>Renyu roga rakanaka. </lines>
    </verse>
    <verse name="v4">
      <lines> Ndinozviisa kwamuri,<br/>Ndiri ivhu, mundiumbe;<br/>Mundiite hari yenyu,<br/>Ndikutererei chose;<br/>Ndive mushandiri wenyu<br/>Paupenyu napakufa. </lines>
    </verse>
  </lyrics>
</song>
