<?xml version='1.0' encoding='UTF-8'?>
<song xmlns="http://openlyrics.info/namespace/2009/song" version="0.8" createdIn="OpenLP 2.4.6" modifiedIn="OpenLP 2.4.6" modifiedDate="2022-11-26T23:17:46">
  <properties>
    <titles>
      <title>Methodist Shona Hymn 298</title>
      <title>Hymn 298Kudzai Mwari mukuru</title>
    </titles>
    <authors>
      <author>Methodist Hymns</author>
    </authors>
  </properties>
  <lyrics>
    <verse name="v1">
      <lines> Kudzai Mwari mukuru!<br/>Rumbidzai mose!<br/>wakatipa gore idzva<br/>Ngaakurumbidzwe. </lines>
    </verse>
    <verse name="v2">
      <lines> wakatichengeta Iye<br/>Gore rapfuura;<br/>Tose tiri mberi kwake,<br/>Nezvipiko zvedu. </lines>
    </verse>
    <verse name="v3">
      <lines> Tinokuvongai baba<br/>Nedzo tsitsi dzenyu<br/>Tinozvipira kwamuri<br/>Nayo mwoyo yedu. </lines>
    </verse>
    <verse name="v4">
      <lines> Toda kukurumbidzai<br/>Namabasa edu<br/>Toda kutevera Jesu<br/>Tiende kudenga. </lines>
    </verse>
    <verse name="v5">
      <lines> Dzose nguva dzatinadzo<br/>Dzive dzenyu Ishe;<br/>Namasimba edu ose<br/>Apirwe kwamuri. </lines>
    </verse>
  </lyrics>
</song>
