<?xml version='1.0' encoding='UTF-8'?>
<song xmlns="http://openlyrics.info/namespace/2009/song" version="0.8" createdIn="OpenLP 2.4.6" modifiedIn="OpenLP 2.4.6" modifiedDate="2022-11-26T23:17:45">
  <properties>
    <titles>
      <title>Methodist Shona Hymn 197</title>
      <title>Hymn 197Jesu ndiyo nzira yedu</title>
    </titles>
    <authors>
      <author>Methodist Hymns</author>
    </authors>
  </properties>
  <lyrics>
    <verse name="v1">
      <lines> Jesu ndiyo nzira yedu<br/>Yokukwira pakudenga,<br/>Kumusha wedu naJesu<br/>Kwatichazofara naye. </lines>
    </verse>
    <verse name="v2">
      <lines> Kufa murau waMwari,<br/>Hauna waunosiya;<br/>Hupenyu hwedu hupfupi,<br/>Nesuwo tiri kuzofa. </lines>
    </verse>
    <verse name="v3">
      <lines> Vose vakawana Jesu<br/>Havana nhamu nokufa.<br/>Kufa ndiro suo ravo<br/>Rokupinda paupenyu. </lines>
    </verse>
    <verse name="v4">
      <lines> Ngatigadzirire tose<br/>Musi usati wasvika;<br/>Tibve pane zvakaipa<br/>Tigamchire Tenzi Jesu. </lines>
    </verse>
  </lyrics>
</song>
