<?xml version='1.0' encoding='UTF-8'?>
<song xmlns="http://openlyrics.info/namespace/2009/song" version="0.8" createdIn="OpenLP 2.4.6" modifiedIn="OpenLP 2.4.6" modifiedDate="2022-11-26T23:17:46">
  <properties>
    <titles>
      <title>Methodist Shona Hymn 301</title>
      <title>Hymn 301Tinoirima minda</title>
    </titles>
    <authors>
      <author>Methodist Hymns</author>
    </authors>
  </properties>
  <lyrics>
    <verse name="v1">
      <lines> Tinoirima minda.<br/>Tinodyara mbeu,<br/>Asi dzose dzinokudzwa<br/>Nesimba raMwari;<br/>Anozvituma zvose<br/>zvokukudza mbeu,<br/>Mhepo pamwe nezuva,<br/>Mvura yakanaka. </lines>
    </verse>
    <verse name="v2">
      <lines> zvose zvatinazvo<br/>zvobva kuna Mwari;<br/>Ngativonge Ishe wedu<br/>Tivongere rudo. </lines>
    </verse>
    <verse name="v3">
      <lines> Ndiye Musiki bedzi<br/>wazvo zvose zvinhu,<br/>Anoshongedza nyika<br/>Namaruva ose.<br/>Mhepo yamuterera,<br/>Anodyisa shiri,<br/>zvikuru nokwatiri<br/>Anotipa kudya. </lines>
    </verse>
    <verse name="v4">
      <lines> Tinovongera zvose<br/>zvinotinakira,<br/>Kudyara nokukohwa,<br/>Noupenyu hwedu.<br/>Torai zvatinopa<br/>Tichivonga kwazvo;<br/>Gamchirai nengoni<br/>Mwoyo yedu tose. </lines>
    </verse>
  </lyrics>
</song>
