<?xml version='1.0' encoding='UTF-8'?>
<song xmlns="http://openlyrics.info/namespace/2009/song" version="0.8" createdIn="OpenLP 2.4.6" modifiedIn="OpenLP 2.4.6" modifiedDate="2022-11-26T23:17:45">
  <properties>
    <titles>
      <title>Methodist Shona Hymn 205</title>
      <title>Hymn 205Pakudenga kuna baba</title>
    </titles>
    <authors>
      <author>Methodist Hymns</author>
    </authors>
  </properties>
  <lyrics>
    <verse name="v1">
      <lines> Pakudenga kuna baba<br/>Kwakanaka kwazvo;<br/>Pakudenga kuna baba<br/>Kunofarwa kwazvo. </lines>
    </verse>
    <verse name="v2">
      <lines> Hakupinde chakaipa<br/>Kana chivi chimwe;<br/>Hakupinde zvokurwara<br/>Nechirwere chimwe. </lines>
    </verse>
    <verse name="v3">
      <lines> Ndavatsvene ivo vose<br/>Vanogara iko;<br/>Vanomuda vanamate<br/>Iye Mwari wavo. </lines>
    </verse>
    <verse name="v4">
      <lines> Vakawana musha wavo<br/>Musha wakagara;<br/>Vakawanawo upenyu<br/>Husingapfuure. </lines>
    </verse>
    <verse name="v5">
      <lines> Ndiri mweni nyika ino<br/>Ndinosuva denga;<br/>Ngandipinde nemi Jesu<br/>Ndiende kudenga. </lines>
    </verse>
  </lyrics>
</song>
