<?xml version='1.0' encoding='UTF-8'?>
<song xmlns="http://openlyrics.info/namespace/2009/song" version="0.8" createdIn="OpenLP 2.4.6" modifiedIn="OpenLP 2.4.6" modifiedDate="2022-11-26T23:17:45">
  <properties>
    <titles>
      <title>Methodist Shona Hymn 199</title>
      <title>Hymn 199Musi wehasha nokutya</title>
    </titles>
    <authors>
      <author>Methodist Hymns</author>
    </authors>
  </properties>
  <lyrics>
    <verse name="v1">
      <lines> Musi wehasha nokutya,<br/>Musi wokuchema kwazvo<br/>Unozadziswa matama,<br/>Avaprofita vakare. </lines>
    </verse>
    <verse name="v2">
      <lines> Munhu achafa nokutya,<br/>Kana Mutongi asvika,<br/>Mutongi mukuru Jesu,<br/>Isu tinogomirepi? </lines>
    </verse>
    <verse name="v3">
      <lines> Ndinogodiiko ini?<br/>Ndogotetererwa nani?<br/>Panenge tsitsi dzodiwa,<br/>Nawo musi wokutongwa. </lines>
    </verse>
    <verse name="v4">
      <lines> Jesu ruponiso rwangu,<br/>Imi makazova munhu,<br/>Rega kundisiya ndega,<br/>Ndive mutandwi naMwari. </lines>
    </verse>
    <verse name="v5">
      <lines> Makazonditsvaka ini,<br/>Mukanditenga neropa,<br/>Ngoni dzakadaro Ishe,<br/>Hadzingaitirwe nhando. </lines>
    </verse>
    <verse name="v6">
      <lines> Hongu, ndine mhosva ini<br/>Ndiri munyadzisi ini,<br/>Ndinochema zvakanyanya,<br/>Mwari ndinzwirei tsitsi. </lines>
    </verse>
    <verse name="v7">
      <lines> Yose miteuro yangu,<br/>Haine basa kwamuri,<br/>bedzi ngoni dzenyu Ishe,<br/>Dzingandinunure ini. </lines>
    </verse>
    <verse name="v8">
      <lines> Ndinopfugama netsitsi,<br/>Ndinorwarira zvitadzo,<br/>onai mwoyo wangu She,<br/>Uyai mundiponise. </lines>
    </verse>
  </lyrics>
</song>
