<?xml version='1.0' encoding='UTF-8'?>
<song xmlns="http://openlyrics.info/namespace/2009/song" version="0.8" createdIn="OpenLP 2.4.6" modifiedIn="OpenLP 2.4.6" modifiedDate="2022-11-26T23:17:45">
  <properties>
    <titles>
      <title>Methodist Shona Hymn 177</title>
      <title>Hymn 177Ishe wangu maindidisa</title>
    </titles>
    <authors>
      <author>Methodist Hymns</author>
    </authors>
  </properties>
  <lyrics>
    <verse name="v1">
      <lines> Ishe wangu maindidisa<br/>Pakurasika kwangu;<br/>Ishe wangu maindironda<br/>Chete mugwara rangu<br/>Ndawanikwa Ishe wangu. </lines>
    </verse>
    <verse name="v2">
      <lines> Ishe wangu irozwi renyu<br/>Ndiwoyo mwenje wangu;<br/>Ishe wangu nengoni dzenyu<br/>Dzinondifarisawo;<br/>Ndinofara Ishe wangu. </lines>
    </verse>
    <verse name="v3">
      <lines> Ishe wangu nomweya wenyu<br/>wondiita mutsvene;<br/>Ishe wangu kudenga renyu<br/>Iroro musha wangu;<br/>Ngandipinde, Ishe wangu. </lines>
    </verse>
  </lyrics>
</song>
