<?xml version='1.0' encoding='UTF-8'?>
<song xmlns="http://openlyrics.info/namespace/2009/song" version="0.8" createdIn="OpenLP 2.4.6" modifiedIn="OpenLP 2.4.6" modifiedDate="2022-11-26T23:17:44">
  <properties>
    <titles>
      <title>Methodist Shona Hymn 102</title>
      <title>Hymn 102Tirimo munzira yenyika yopenyu</title>
    </titles>
    <authors>
      <author>Methodist Hymns</author>
    </authors>
  </properties>
  <lyrics>
    <verse name="v1">
      <lines> Tirimo munzira yenyika yopenyu<br/>Kumusha wavanhu vari parufaro.<br/>Imi makatsauka nokutadzira She<br/>Munoenda here, ikoko kudenga? </lines>
    </verse>
    <verse name="v2">
      <lines> Munoenda here? Munoenda here?<br/>Munoenda here, ikoko kudenga? </lines>
    </verse>
    <verse name="v3">
      <lines> Kusuwa, kusuwa, hakungambovako<br/>Mune iyo nyika igere vatsvene.<br/>Vafambi panhamu, pane chakaipa,<br/>Munoenda here, ikoko kudenga? </lines>
    </verse>
    <verse name="v4">
      <lines> Ikoko hakuna urombo zvokwadi<br/>Ipfuma nepfuma izere ikoko;<br/>Chirwere hakuna? Kwete hakunaba<br/>Munoenda here, ikoko kudenga? </lines>
    </verse>
    <verse name="v5">
      <lines> Fambai vatendi, nyikayo ndeyedu,<br/>Tinozopupura runako ruriko;<br/>Hongu tichafamba pamsoro pegomo<br/>Tichazonwa mvura yofaro kudenga. </lines>
    </verse>
    <verse name="v6">
      <lines> Funga iwe mtadzi, haunakuraswa,<br/>Tomira chinguva, timirire iwe;<br/>Uya kuna Ishe anokugamchira,<br/>Akuise zvino ikoko kudenga. </lines>
    </verse>
    <verse name="v7">
      <lines> Ndinoziva kuti uri pakurema<br/>Uchiti ndiyani angakuyamure,<br/>Pamhosva irimo mukati memwoyo<br/>Ndiye Jesu chete, teura kwaari,<br/>Ndoenda, ndoenda, ndoenda, ndoenda,<br/>Hongu, ndinoenda ndinange kudenga. </lines>
    </verse>
  </lyrics>
</song>
