<?xml version='1.0' encoding='UTF-8'?>
<song xmlns="http://openlyrics.info/namespace/2009/song" version="0.8" createdIn="OpenLP 2.4.6" modifiedIn="OpenLP 2.4.6" modifiedDate="2022-11-26T23:17:46">
  <properties>
    <titles>
      <title>Methodist Shona Hymn 260</title>
      <title>Hymn 260Ishe komborera Afrika</title>
    </titles>
    <authors>
      <author>Methodist Hymns</author>
    </authors>
  </properties>
  <lyrics>
    <verse name="v1">
      <lines> Ishe komborera Afrika<br/>Ngaisimudzirwe zita rayo;<br/>Inzwai miteuro yedu,<br/>Ishe, komborera<br/>Isu mhuri yayo. </lines>
    </verse>
    <verse name="v2">
      <lines> Uya Mweya<br/>(Uya, uya, komborera)<br/>Uya Mweya,<br/>Uya, Mweya Mutsvene;<br/>Utikomborere isu mhuri yayo. </lines>
    </verse>
  </lyrics>
</song>
