<?xml version='1.0' encoding='UTF-8'?>
<song xmlns="http://openlyrics.info/namespace/2009/song" version="0.8" createdIn="OpenLP 2.4.6" modifiedIn="OpenLP 2.4.6" modifiedDate="2022-11-26T23:17:46">
  <properties>
    <titles>
      <title>Methodist Shona Hymn 247</title>
      <title>Hymn 247Tiyamurei nengoni</title>
    </titles>
    <authors>
      <author>Methodist Hymns</author>
    </authors>
  </properties>
  <lyrics>
    <verse name="v1">
      <lines> Tiyamurei nengoni<br/>Pakuteurira vamwe<br/>Votoisa mberi kwenyu,<br/>Ishe wedu wakanaka. </lines>
    </verse>
    <verse name="v2">
      <lines> Tokuteurai Ishe<br/>Kuti mutonge, mubate<br/>Chechi yenyu tsvene kwose<br/>Ifambe munzira yenyu. </lines>
    </verse>
    <verse name="v3">
      <lines> Ishe, tinoteurira<br/>Vaparidzi, vadzidzisi,<br/>Kuti muvavhenekere<br/>Vazivise izwi renyu. </lines>
    </verse>
    <verse name="v4">
      <lines> Tokuteurai Ishe<br/>Kuti nokugara kwavo<br/>Napakudzidzisa kwavo<br/>Vazarure izwi renyu. </lines>
    </verse>
    <verse name="v5">
      <lines> Ishe, tinoteurira<br/>Vose vanhu venyu kuti<br/>Varinzwe, variterere<br/>Izwi renyu nokurida. </lines>
    </verse>
    <verse name="v6">
      <lines> Ishe tinoteurira<br/>Ivavo vakanyengedzwa,<br/>Muvadzorere munzira<br/>Yorudo nezvirokwazvo. </lines>
    </verse>
    <verse name="v7">
      <lines> Tokuteurai Ishe<br/>Musimbise vakaneta<br/>Muyamure vanoedza<br/>Mubate vose nengoni. </lines>
    </verse>
    <verse name="v8">
      <lines> Jesu makareva kare,<br/>Anokumbira wopiwa;<br/>Tiitirei She zvino,<br/>Sezvakafanera isu. </lines>
    </verse>
  </lyrics>
</song>
