<?xml version='1.0' encoding='UTF-8'?>
<song xmlns="http://openlyrics.info/namespace/2009/song" version="0.8" createdIn="OpenLP 2.4.6" modifiedIn="OpenLP 2.4.6" modifiedDate="2022-11-26T23:17:42">
  <properties>
    <titles>
      <title>Methodist Shona Hymn 5</title>
      <title>Hymn 5Ngatimukudze Mwari</title>
    </titles>
    <authors>
      <author>Methodist Hymns</author>
    </authors>
  </properties>
  <lyrics>
    <verse name="v1">
      <lines> Ngatimukudze Mwari<br/>Nemwoyo inofara: </lines>
    </verse>
    <verse name="v2">
      <lines> Tsitsi dzake ihuru<br/>Dzinoitirwa isu. </lines>
    </verse>
    <verse name="v3">
      <lines> Anoraira zuva<br/>Rivhenekere nyika </lines>
    </verse>
    <verse name="v4">
      <lines> zvinhu zvose zvipenyu<br/>zvinochengetwa naye: </lines>
    </verse>
    <verse name="v5">
      <lines> Anotikwanisawo<br/>Anoda kukumbirwa: </lines>
    </verse>
    <verse name="v6">
      <lines> Kana tiri panhamo<br/>Tinosimbiswa naye: </lines>
    </verse>
    <verse name="v7">
      <lines> Mwana wake wakafa<br/>Kuti tive vapenyu: </lines>
    </verse>
    <verse name="v8">
      <lines> Ngatimukudze Mwari<br/>Nemwoyo inofara: </lines>
    </verse>
    <verse name="v9">
      <lines> Tsitsi dzake dziripo<br/>Dzisingapere idzo. </lines>
    </verse>
  </lyrics>
</song>
