<?xml version='1.0' encoding='UTF-8'?>
<song xmlns="http://openlyrics.info/namespace/2009/song" version="0.8" createdIn="OpenLP 2.4.6" modifiedIn="OpenLP 2.4.6" modifiedDate="2022-11-26T23:17:47">
  <properties>
    <titles>
      <title>Methodist Shona Hymn 315</title>
      <title>Hymn 315Rufaro ruri mumwoyo wangu</title>
    </titles>
    <authors>
      <author>Methodist Hymns</author>
    </authors>
  </properties>
  <lyrics>
    <verse name="v1">
      <lines> Rufaro ruri mumwoyo wangu,<br/>Rufaro ndanzwa rudo rwake,<br/>zvivi zvaregererwa,<br/>Ndinonanga kudenga,<br/>Mwoyo unofashaira norufaro. </lines>
    </verse>
  </lyrics>
</song>
