<?xml version='1.0' encoding='UTF-8'?>
<song xmlns="http://openlyrics.info/namespace/2009/song" version="0.8" createdIn="OpenLP 2.4.6" modifiedIn="OpenLP 2.4.6" modifiedDate="2022-11-26T23:17:45">
  <properties>
    <titles>
      <title>Methodist Shona Hymn 166</title>
      <title>Hymn 166Nyange ndiri murombo</title>
    </titles>
    <authors>
      <author>Methodist Hymns</author>
    </authors>
  </properties>
  <lyrics>
    <verse name="v1">
      <lines> Nyange ndiri murombo<br/>Mwari anondichenga<br/>Anondipa zvokudya<br/>Anondifukidzawo. </lines>
    </verse>
    <verse name="v2">
      <lines> Kana ndichiteura<br/>Anonzwa nguva dzose;<br/>Kana ndichikotsira<br/>Haasiyane neni. </lines>
    </verse>
    <verse name="v3">
      <lines> Mubati wokudenga<br/>wakazviita rombe<br/>Nenzira yangu ini<br/>Kuti andikuputse. </lines>
    </verse>
    <verse name="v4">
      <lines> Kana ndiri mubasa<br/>Anondikomborera;<br/>Kuzoti ndabva pano<br/>Ndichazorora naye. </lines>
    </verse>
    <verse name="v5">
      <lines> zvino ndinomukudza<br/>Nokutenda kwaari;<br/>Uko kufara kwangu<br/>Ndachengetwa naMwari. </lines>
    </verse>
  </lyrics>
</song>
