<?xml version='1.0' encoding='UTF-8'?>
<song xmlns="http://openlyrics.info/namespace/2009/song" version="0.8" createdIn="OpenLP 2.4.6" modifiedIn="OpenLP 2.4.6" modifiedDate="2022-11-26T23:17:46">
  <properties>
    <titles>
      <title>Methodist Shona Hymn 297</title>
      <title>Hymn 297Mwari baba, muve nesu</title>
    </titles>
    <authors>
      <author>Methodist Hymns</author>
    </authors>
  </properties>
  <lyrics>
    <verse name="v1">
      <lines> Mwari baba, muve nesu,<br/>Mutichengete usiku<br/>Mutiite vana venyu,<br/>Parima tivhenekerwe </lines>
    </verse>
    <verse name="v2">
      <lines> Jesu, runyararo rwedu,<br/>bvisai zvakaipa zvedu;<br/>Revai dama, tinunurwe,<br/>Parima tivhenekerwe. </lines>
    </verse>
    <verse name="v3">
      <lines> Mweya douyai kwatiri,<br/>Titsvenisei usiku;<br/>Mwoyo ive musha wenyu,<br/>Parima tivhenekerwe. </lines>
    </verse>
    <verse name="v4">
      <lines> Vatatumumwe sederai;<br/>Ivai nesu paupenyu,<br/>Ivai nesu napakufa;<br/>Parima tivhenekerwe. </lines>
    </verse>
  </lyrics>
</song>
