<?xml version='1.0' encoding='UTF-8'?>
<song xmlns="http://openlyrics.info/namespace/2009/song" version="0.8" createdIn="OpenLP 2.4.6" modifiedIn="OpenLP 2.4.6" modifiedDate="2022-11-26T23:17:44">
  <properties>
    <titles>
      <title>Methodist Shona Hymn 103</title>
      <title>Hymn 103Vatadzi munodiwa</title>
    </titles>
    <authors>
      <author>Methodist Hymns</author>
    </authors>
  </properties>
  <lyrics>
    <verse name="v1">
      <lines> Vatadzi munodiwa,<br/>Imi makarasika<br/>NdiJesu wodaidza<br/>Vadariki vakawa </lines>
    </verse>
    <verse name="v2">
      <lines> Imbai zvakarezve<br/>Vatadzi vogamchirwa<br/>NaKristu Muponisi,<br/>Nhau inoshamisa. </lines>
    </verse>
    <verse name="v3">
      <lines> Anokupa zororo,<br/>Tenda chete kwaari;<br/>Anokoka vatadzi<br/>Anokuregerera. </lines>
    </verse>
    <verse name="v4">
      <lines> Handichapiwa mhosva<br/>Nokudarika kwangu,<br/>Ndakachenurwa zvivi<br/>Nokufa kwaShe wangu. </lines>
    </verse>
    <verse name="v5">
      <lines> Jesu wandigamchira<br/>Ini mutadzi kwazvo,<br/>Achandigadzirira<br/>Nzvimbo yangu kudenga. </lines>
    </verse>
  </lyrics>
</song>
