<?xml version='1.0' encoding='UTF-8'?>
<song xmlns="http://openlyrics.info/namespace/2009/song" version="0.8" createdIn="OpenLP 2.4.6" modifiedIn="OpenLP 2.4.6" modifiedDate="2022-11-26T23:17:45">
  <properties>
    <titles>
      <title>Methodist Shona Hymn 183</title>
      <title>Hymn 183Urwo rutendo rukuru</title>
    </titles>
    <authors>
      <author>Methodist Hymns</author>
    </authors>
  </properties>
  <lyrics>
    <verse name="v1">
      <lines> Urwo rutendo rukuru<br/>Rwokutenda somucheche,<br/>Norudo rwebasa renyu,<br/>Ngandipiwe Mwari irwo,<br/>Ngarwukunde mwoyo wangu<br/>Ndiparidze dama renyu. </lines>
    </verse>
    <verse name="v2">
      <lines> Ndipei rudo neshungu<br/>Ndichemere vanotadza,<br/>Ngarwuvepo rwundipise<br/>Ndivadzore pane ngozi,<br/>Ndivadzorere panzira<br/>Yamunoponisa nayo. </lines>
    </verse>
    <verse name="v3">
      <lines> Ngandibvume nazvinoka<br/>Ndizvipire vakatadza<br/>Vasingazive Mponisi;<br/>Ndivavarire ndiwane<br/>Vose navari murima<br/>Vasafe vasamuziva. </lines>
    </verse>
    <verse name="v4">
      <lines> Matarenda nezvipiwo<br/>zvose baba zvandinazvo<br/>zvishandiswe basa nemi;<br/>Ndifambise dama renyu<br/>Ndiudze vatadzi vose<br/>Kuti Jesu hama yavo. </lines>
    </verse>
    <verse name="v5">
      <lines> Ngaupiswe mwoyo wangu,<br/>Uzadziswe rudo rwenyu,<br/>Ndiedze nesimba rose<br/>Ndivade kufana nemi,<br/>Ndiuye navo kwamuri<br/>Mufudzi wakavafira. </lines>
    </verse>
  </lyrics>
</song>
