<?xml version='1.0' encoding='UTF-8'?>
<song xmlns="http://openlyrics.info/namespace/2009/song" version="0.8" createdIn="OpenLP 2.4.6" modifiedIn="OpenLP 2.4.6" modifiedDate="2022-11-26T23:17:45">
  <properties>
    <titles>
      <title>Methodist Shona Hymn 204</title>
      <title>Hymn 204Jerusarem, musha wangu</title>
    </titles>
    <authors>
      <author>Methodist Hymns</author>
    </authors>
  </properties>
  <lyrics>
    <verse name="v1">
      <lines> Jerusarem, musha wangu!<br/>Musha wakanaka!<br/>Kana ndapedza mabasa<br/>Ndinenda kwauri. </lines>
    </verse>
    <verse name="v2">
      <lines> Ndichauona riniko,<br/>Uyo musha wangu?<br/>Une dzimba dzakanaka,<br/>Nokudya kutsvene. </lines>
    </verse>
    <verse name="v3">
      <lines> Hapasisina kuipa,<br/>Hapana nenhamu,<br/>Ndinoramba ndichienda<br/>Kumusha mutsvene </lines>
    </verse>
    <verse name="v4">
      <lines> Ndingatye here kurwadza?<br/>Ndingatize kufa?<br/>Kwete, ndinoenda Kanana,<br/>Nyika yandinoda. </lines>
    </verse>
    <verse name="v5">
      <lines> Vaprofita, vapostori,<br/>Vakafira Jesu<br/>Varipo pamwe naKristu;<br/>Neni ndichaenda. </lines>
    </verse>
    <verse name="v6">
      <lines> Jerusarem musha wangu,<br/>wandinotsvakisa!<br/>Kana ndasvika kwauri,<br/>Ndichafara kwazvo. </lines>
    </verse>
  </lyrics>
</song>
