<?xml version='1.0' encoding='UTF-8'?>
<song xmlns="http://openlyrics.info/namespace/2009/song" version="0.8" createdIn="OpenLP 2.4.6" modifiedIn="OpenLP 2.4.6" modifiedDate="2022-11-26T23:17:43">
  <properties>
    <titles>
      <title>Methodist Shona Hymn 26</title>
      <title>Hymn 26Ndinokurumbidza</title>
    </titles>
    <authors>
      <author>Methodist Hymns</author>
    </authors>
  </properties>
  <lyrics>
    <verse name="v1">
      <lines> Ndinokurumbidza<br/>Kristu wamasimba<br/>Ngatimurumbidze tose;<br/>Iye Ishe woga,<br/>Wakasika zvose<br/>Nokushovedzera kwake. </lines>
    </verse>
    <verse name="v2">
      <lines> Wakava muranda<br/>Kutitakurira<br/>Dambudziko redu rose;<br/>Wakaparadzira<br/>Ropa rake dzvene,<br/>Kusunungura vasungwa. </lines>
    </verse>
    <verse name="v3">
      <lines> Zvino wakamuka<br/>Mukundi wehondo<br/>Wakasunga zvakaipa;<br/>Wakavaparadza<br/>Vavengi vabvuma<br/>Kuti ndiye Ishe woga. </lines>
    </verse>
    <verse name="v4">
      <lines> Ari kutitonga<br/>Netsitsi norudo,<br/>Nenjere nokururama;<br/>Vatizira kwari<br/>Vanozoponiswa<br/>Vanozowana upenyu. </lines>
    </verse>
    <verse name="v5">
      <lines> Tinokuomberai<br/>Ishe worufaro,<br/>Umambo hwenyu hukuru;<br/>Kunaka nengoni<br/>Zvichawanda kwazvo<br/>Nyika yose ive tsvene. </lines>
    </verse>
  </lyrics>
</song>
