<?xml version='1.0' encoding='UTF-8'?>
<song xmlns="http://openlyrics.info/namespace/2009/song" version="0.8" createdIn="OpenLP 2.4.6" modifiedIn="OpenLP 2.4.6" modifiedDate="2022-11-26T23:17:44">
  <properties>
    <titles>
      <title>Methodist Shona Hymn 158</title>
      <title>Hymn 158Mwari ndiye tsvingo yedu</title>
    </titles>
    <authors>
      <author>Methodist Hymns</author>
    </authors>
  </properties>
  <lyrics>
    <verse name="v1">
      <lines> Mwari ndiye tsvingo yedu,<br/>Ndiye simba redu iye;<br/>Pakumanikidzwa kose,<br/>Ruyamuro rwechokwadi, </lines>
    </verse>
    <verse name="v2">
      <lines> Nyange nyika yosandurwa,<br/>Nyange makomo okandwa<br/>Mugungwa rakadzikisa,<br/>Hatimbotya, tinovimba. </lines>
    </verse>
    <verse name="v3">
      <lines> Nyangwe gungwa roriridza,<br/>Richimedza namafuro;<br/>Mweya unovimba naye,<br/>Unogonzwa runyararo. </lines>
    </verse>
    <verse name="v4">
      <lines> Pane rwizi rwakanaka<br/>Rwofadza guta raMwari;<br/>Upenyu, rudo, rufaro,<br/>zvinoyerera mariri. </lines>
    </verse>
    <verse name="v5">
      <lines> Mwari agere mariri,<br/>Haringambozunungutswa;<br/>Rinozobatsirwa naye,<br/>Rinunurwe pakarepo. </lines>
    </verse>
    <verse name="v6">
      <lines> Ndiye Jehovha wesimba,<br/>Ndiye Mwari ano rudo,<br/>Ndi Mwari agere nesu;<br/>Mwari ndiye tsvingo yedu. </lines>
    </verse>
  </lyrics>
</song>
