<?xml version='1.0' encoding='UTF-8'?>
<song xmlns="http://openlyrics.info/namespace/2009/song" version="0.8" createdIn="OpenLP 2.4.6" modifiedIn="OpenLP 2.4.6" modifiedDate="2022-11-26T23:17:45">
  <properties>
    <titles>
      <title>Methodist Shona Hymn 222</title>
      <title>Hymn 222Ngoni dzaKristu Mponisi</title>
    </titles>
    <authors>
      <author>Methodist Hymns</author>
    </authors>
  </properties>
  <lyrics>
    <verse name="v1">
      <lines> Ngoni dzaKristu Mponisi,<br/>Rudo rwababa wedu<br/>Nokuwadzana kwoMweya<br/>Ngazvivepo kwatiri!<br/>Naizvozvo tinogara<br/>Pamwe chete naIshe;<br/>Mwoyo yedu ichifara<br/>Nenguva dzose dzedu. </lines>
    </verse>
  </lyrics>
</song>
