<?xml version='1.0' encoding='UTF-8'?>
<song xmlns="http://openlyrics.info/namespace/2009/song" version="0.8" createdIn="OpenLP 2.4.6" modifiedIn="OpenLP 2.4.6" modifiedDate="2022-11-26T23:17:45">
  <properties>
    <titles>
      <title>Methodist Shona Hymn 196</title>
      <title>Hymn 196Mwoyo yenyu ngairege</title>
    </titles>
    <authors>
      <author>Methodist Hymns</author>
    </authors>
  </properties>
  <lyrics>
    <verse name="v1">
      <lines> Mwoyo yenyu ngairege<br/>Kuchemera vafi,<br/>Vose vanotenda Jesu<br/>Vaponiswa naye.<br/>Ndiye Mponisi,<br/>Ndiye upenyu<br/>Norumuko rwedu. </lines>
    </verse>
    <verse name="v2">
      <lines> Mwoyo yenyu ngairege<br/>Kuva nourombo;<br/>Munotenda kuna Mwari,<br/>Tendaiwo kuneni. </lines>
    </verse>
    <verse name="v3">
      <lines> Mwoyo yenyu ngairege<br/>Kungochema-chema;<br/>Jesu wakamuka zvake<br/>Nesu tinomuka. </lines>
    </verse>
    <verse name="v4">
      <lines> Mwoyo yenyu ngairege<br/>Kungochema-chema;<br/>Jesu anodisa vana<br/>Anovachengeta. </lines>
    </verse>
    <verse name="v5">
      <lines> Mwoyo yenyu ngairege<br/>Kungochema-chema;<br/>Vana vose ndava Mwari<br/>Vanozoda Jesu. </lines>
    </verse>
    <verse name="v6">
      <lines> Mwoyo yenyu ngairege<br/>Kungochema-chema;<br/>Mwari anotipa vana,<br/>Ndiye anotora. </lines>
    </verse>
    <verse name="v7">
      <lines> Mwoyo yenyu ngairege<br/>Kungochema-chema;<br/>Muchaenda kuna iye<br/>Kuti muchitenda. </lines>
    </verse>
    <verse name="v8">
      <lines> zvino tinocherechedza<br/>Uyu mwana wedu,<br/>Iye anotungamira<br/>Kuna baba wedu. </lines>
    </verse>
  </lyrics>
</song>
