<?xml version='1.0' encoding='UTF-8'?>
<song xmlns="http://openlyrics.info/namespace/2009/song" version="0.8" createdIn="OpenLP 2.4.6" modifiedIn="OpenLP 2.4.6" modifiedDate="2022-11-26T23:17:44">
  <properties>
    <titles>
      <title>Methodist Shona Hymn 101</title>
      <title>Hymn 101Sipiti retsitsi nengoni</title>
    </titles>
    <authors>
      <author>Methodist Hymns</author>
    </authors>
  </properties>
  <lyrics>
    <verse name="v1">
      <lines> Sipiti retsitsi nengoni<br/>Tinaro muna Ishe wedu;<br/>Iro razarurirwa isu,<br/>Naani anoda kuuya. </lines>
    </verse>
    <verse name="v2">
      <lines> Ishe Jehovha ano rudo,<br/>Anotipa mvura yedenga,<br/>Kana tichienda kurwizi<br/>Tinonwa Mvura youpenyu. </lines>
    </verse>
    <verse name="v3">
      <lines> Ndiyo inopedzisa nyota,<br/>Ndiyo inofadzisa mweya,<br/>Tose tingapiwe pachena,<br/>Tigogamuchidzwa ngoni dzake. </lines>
    </verse>
    <verse name="v4">
      <lines> Norudo rwake, tinopiwa<br/>Mvura iyo yechisipiti,<br/>Tigowana upenyu nayo<br/>Hunobva kuna Jesu Kristu. </lines>
    </verse>
  </lyrics>
</song>
