<?xml version='1.0' encoding='UTF-8'?>
<song xmlns="http://openlyrics.info/namespace/2009/song" version="0.8" createdIn="OpenLP 2.4.6" modifiedIn="OpenLP 2.4.6" modifiedDate="2022-11-26T23:17:44">
  <properties>
    <titles>
      <title>Methodist Shona Hymn 157</title>
      <title>Hymn 157Ndiani mhandu iyi</title>
    </titles>
    <authors>
      <author>Methodist Hymns</author>
    </authors>
  </properties>
  <lyrics>
    <verse name="v1">
      <lines> Ndiani mhandu iyi<br/>Inorondomara,<br/>Yoringa vari pasi<br/>Nehanzu yesimbi?<br/>Yovirima nesimba,<br/>Pfumo, nebakatwa,<br/>Yosangana naMwari<br/>wuto ndokutiza. </lines>
    </verse>
    <verse name="v2">
      <lines> Nako kureba kwayo<br/>Vose vakaitya,<br/>Votiza Goriati<br/>Somukundi wavo;<br/>Reva kuti ndiani<br/>Mhandu yedu nhasi?<br/>Ndihwo utadzi hwangu,<br/>Nechitadzo changu. </lines>
    </verse>
    <verse name="v3">
      <lines> Musimba rake Jesu<br/>Ndorwa saDavhidhi,<br/>Nyange ndisina zvombo<br/>Simba ndiye Jesu;<br/>Ndofunga tsitsi dzake,<br/>Ndinokonya nadzo,<br/>Ndotsveta mweya wangu<br/>Pano rudo rwake. </lines>
    </verse>
    <verse name="v4">
      <lines> Ndonanga nechimvii<br/>Kuna Goriati;<br/>Mwari wati zvidaro<br/>Ndichakunda chivi;<br/>Necho chitsidzo chake<br/>Ndinokonya naShe,<br/>Ndinokunda chokwadi<br/>Nokuti wadaro. </lines>
    </verse>
    <verse name="v5">
      <lines> Musimba rake Mwari<br/>Ndonanga kumhandu,<br/>Simba ndirwo rutendo<br/>Rinokunda mhandu;<br/>Rutendo muna Jesu<br/>Runodema chivi,<br/>Rwonanga pane simba,<br/>Rwomuwisa pasi. </lines>
    </verse>
    <verse name="v6">
      <lines> Simukai maKristu,<br/>Muchitanda mhandu<br/>Mutunhe wematenga<br/>Anokunda chivi;<br/>Anosvika ndiJesu<br/>Kuzokupa simba,<br/>Haabate bakatwa,<br/>Kurwa ndiko kwake. </lines>
    </verse>
    <verse name="v7">
      <lines> Ishe musi nomusi<br/>woonesa simba<br/>wodzikamisa mhandu<br/>Nokuiuraya;<br/>Mwari, tiyamurei<br/>Kuti tiparidze,<br/>Kuti nyika izive<br/>Simba rake Jesu. </lines>
    </verse>
  </lyrics>
</song>
