<?xml version='1.0' encoding='UTF-8'?>
<song xmlns="http://openlyrics.info/namespace/2009/song" version="0.8" createdIn="OpenLP 2.4.6" modifiedIn="OpenLP 2.4.6" modifiedDate="2022-11-26T23:17:43">
  <properties>
    <titles>
      <title>Methodist Shona Hymn 58</title>
      <title>Hymn 58Jesu ndisededzei</title>
    </titles>
    <authors>
      <author>Methodist Hymns</author>
    </authors>
  </properties>
  <lyrics>
    <verse name="v1">
      <lines> Jesu ndisededzei<br/>Pedyo nomchinjikwa<br/>Patsime rinokosha<br/>Rinorapa vose. </lines>
    </verse>
    <verse name="v2">
      <lines> Ipo pamchinjikwa<br/>Ndichakudza Jesu<br/>Dakara mweya wangu<br/>wawana zororo. </lines>
    </verse>
    <verse name="v3">
      <lines> Pedyo nomuchinjikwa<br/>Rudo rwandiwana;<br/>Nyamatsatsi yedenga<br/>Yandivhenekera. </lines>
    </verse>
    <verse name="v4">
      <lines> Pedyo nomuchinjikwa,<br/>Gwayana raMwari.<br/>Yamurai ndifambe<br/>Ndichiutondera. </lines>
    </verse>
    <verse name="v5">
      <lines> Pedyo nomuchinjikwa<br/>Ndinozorindira:<br/>Ndichivimba dakara;<br/>Ndiwane zororo. </lines>
    </verse>
  </lyrics>
</song>
