<?xml version='1.0' encoding='UTF-8'?>
<song xmlns="http://openlyrics.info/namespace/2009/song" version="0.8" createdIn="OpenLP 2.4.6" modifiedIn="OpenLP 2.4.6" modifiedDate="2022-11-26T23:17:45">
  <properties>
    <titles>
      <title>Methodist Shona Hymn 189</title>
      <title>Hymn 189Nhungamiri yaIsraeri</title>
    </titles>
    <authors>
      <author>Methodist Hymns</author>
    </authors>
  </properties>
  <lyrics>
    <verse name="v1">
      <lines> Nhungamiri yaIsraeri<br/>Yavo vanotsvaka denga,<br/>Tinotavirirwa negore<br/>Gore rorudo rwenyu She;<br/>Simba redu nomurau<br/>zvinobva munyasha dzenyu. </lines>
    </verse>
    <verse name="v2">
      <lines> Mweya wenyu uri pamberi,<br/>Hatirasike murenje,<br/>Hatichashaya gwara redu,<br/>Hatitsauke munzira;<br/>Hapana ngozi nokutya<br/>Pano rudo rwakakwana. </lines>
    </verse>
  </lyrics>
</song>
