<?xml version='1.0' encoding='UTF-8'?>
<song xmlns="http://openlyrics.info/namespace/2009/song" version="0.8" createdIn="OpenLP 2.4.6" modifiedIn="OpenLP 2.4.6" modifiedDate="2022-11-26T23:17:44">
  <properties>
    <titles>
      <title>Methodist Shona Hymn 153</title>
      <title>Hymn 153Ndinoinzva nemi</title>
    </titles>
    <authors>
      <author>Methodist Hymns</author>
    </authors>
  </properties>
  <lyrics>
    <verse name="v1">
      <lines> Ndinoinzva nemi,<br/>Muponisi;<br/>Hapanazve izwi<br/>Rinofadza. </lines>
    </verse>
    <verse name="v2">
      <lines> Ndinogoinzva nemi,<br/>Nguva dzose dzose<br/>Ropafadzai Ishe,<br/>Ndava pano. </lines>
    </verse>
    <verse name="v3">
      <lines> Ndinoinzva nemi,<br/>Garai pedyo;<br/>Ndokunda zviedzo<br/>Muri pedyo. </lines>
    </verse>
    <verse name="v4">
      <lines> Ndinoinzva nemi,<br/>Muupenyu.<br/>Garaiwo neni<br/>Ndigarike. </lines>
    </verse>
    <verse name="v5">
      <lines> Ndinoinzva nemi<br/>Ndidzidziswe,<br/>zvamakavimbisa<br/>zvizadziswe. </lines>
    </verse>
  </lyrics>
</song>
