<?xml version='1.0' encoding='UTF-8'?>
<song xmlns="http://openlyrics.info/namespace/2009/song" version="0.8" createdIn="OpenLP 2.4.6" modifiedIn="OpenLP 2.4.6" modifiedDate="2022-11-26T23:17:43">
  <properties>
    <titles>
      <title>Methodist Shona Hymn 24</title>
      <title>Hymn 24Ndiye Mwari Muponisi</title>
    </titles>
    <authors>
      <author>Methodist Hymns</author>
    </authors>
  </properties>
  <lyrics>
    <verse name="v1">
      <lines> Ndiye Mwari Muponisi,<br/>wakaita zvose<br/>Ndiye Mwari Muponisi,<br/>wakakurumbira. </lines>
    </verse>
    <verse name="v2">
      <lines> wakava munhu Mponisi,<br/>Nokuipa kwedu;<br/>wakava munhu Mponisi,<br/>wakafira isu. </lines>
    </verse>
    <verse name="v3">
      <lines> Ane tsitsi Muponisi,<br/>Navari pamhosva;<br/>Ane tsitsi Muponisi,<br/>Navari pakufa. </lines>
    </verse>
    <verse name="v4">
      <lines> Ari kuda Muponisi,<br/>Kuzotipindura;<br/>Ari kuda Muponisi,<br/>Kutisunungura. </lines>
    </verse>
    <verse name="v5">
      <lines> Ane simba Muponisi,<br/>Rokutiponisa;<br/>Ane simba Muponisi,<br/>Rokutifadzisa. </lines>
    </verse>
    <verse name="v6">
      <lines> Ano rudo Muponisi,<br/>Ane tsitsi nesu;<br/>Ano rudo Muponisi,<br/>Ngatimude iye. </lines>
    </verse>
  </lyrics>
</song>
