<?xml version='1.0' encoding='UTF-8'?>
<song xmlns="http://openlyrics.info/namespace/2009/song" version="0.8" createdIn="OpenLP 2.4.6" modifiedIn="OpenLP 2.4.6" modifiedDate="2022-11-26T23:17:46">
  <properties>
    <titles>
      <title>Methodist Shona Hymn 240</title>
      <title>Hymn 240wafa, wafa, Muponisi</title>
    </titles>
    <authors>
      <author>Methodist Hymns</author>
    </authors>
  </properties>
  <lyrics>
    <verse name="v1">
      <lines> wafa, wafa, Muponisi!<br/>wakafira vakatyora<br/>zvemirau yake;<br/>wakafira kuponisa,<br/>wakafira kuvapinza<br/>Mune denga rake. </lines>
    </verse>
    <verse name="v2">
      <lines> Tsitsi dzenyu hadzipere!<br/>Ngoni dzenyu dzichiripo<br/>Nyamba takatadza;<br/>Ishe munotinanisa,<br/>Ishe munotinyadzisa,<br/>Nezva munoita. </lines>
    </verse>
    <verse name="v3">
      <lines> Ichi chifungiso chenyu<br/>Chokutiripira kwenyu<br/>Mhosva dzedu dzose;<br/>Ngachigare nguva dzose<br/>Tinzwe ngoni dzenyu, Tenzi,<br/>Pane mwoyo yedu. </lines>
    </verse>
  </lyrics>
</song>
