<?xml version='1.0' encoding='UTF-8'?>
<song xmlns="http://openlyrics.info/namespace/2009/song" version="0.8" createdIn="OpenLP 2.4.6" modifiedIn="OpenLP 2.4.6" modifiedDate="2022-11-26T23:17:43">
  <properties>
    <titles>
      <title>Methodist Shona Hymn 67</title>
      <title>Hymn 67Makamuka Ishe Jesu</title>
    </titles>
    <authors>
      <author>Methodist Hymns</author>
    </authors>
  </properties>
  <lyrics>
    <verse name="v1">
      <lines> Makamuka Ishe Jesu,<br/>Makabuda pane guva,<br/>Makamuka noumambo,<br/>Imi maiva murufu. </lines>
    </verse>
    <verse name="v2">
      <lines> Jesu woupenyu hwose<br/>Hamuna kuora imi;<br/>Munomira namasimba<br/>Nokukunda kwamawana. </lines>
    </verse>
    <verse name="v3">
      <lines> Jesu tinokurumbidzai<br/>Nawo muchinjikwa wenyu;<br/>Dzose mhandu dzakakundwa<br/>Nokumuka kwenyu, Jesu. </lines>
    </verse>
    <verse name="v4">
      <lines> Jesu, zvirokwazvo zvenyu<br/>Zvinowonekwa zvokwadi;<br/>Maita umambo hwenyu<br/>Huve chinhu chakakura. </lines>
    </verse>
    <verse name="v5">
      <lines> Nomusi wenyu mukuru<br/>Wamuchamutsa vatendi;<br/>Ivo vari pachokwadi<br/>Vachagoverwa rufaro. </lines>
    </verse>
  </lyrics>
</song>
