<?xml version='1.0' encoding='UTF-8'?>
<song xmlns="http://openlyrics.info/namespace/2009/song" version="0.8" createdIn="OpenLP 2.4.6" modifiedIn="OpenLP 2.4.6" modifiedDate="2022-11-26T23:17:45">
  <properties>
    <titles>
      <title>Methodist Shona Hymn 216</title>
      <title>Hymn 216Ishe muno utsvene</title>
    </titles>
    <authors>
      <author>Methodist Hymns</author>
    </authors>
  </properties>
  <lyrics>
    <verse name="v1">
      <lines> Ishe muno utsvene<br/>Topfugama kwamuri,<br/>Tigadzirei tose,<br/>Pakuteura kwedu,<br/>Muve nesu Mponisi,<br/>Tinoda kuva nemi.<br/> <br/>Tosedera kwamuri,<br/>Tinzwise simba renyu;<br/>Tinochema savana<br/>Kuna baba wavose,<br/>Tiri pamberi penyu<br/>Tinotsvaka utsvene </lines>
    </verse>
    <verse name="v2">
      <lines> Tinofunga Mponisi,<br/>Chitenderano chenyu,<br/>Makati: Ndinotuma<br/>Mweya Mutsvene wangu.<br/>Tizarurei mwoyo<br/>Kuti timugamchire. </lines>
    </verse>
  </lyrics>
</song>
