<?xml version='1.0' encoding='UTF-8'?>
<song xmlns="http://openlyrics.info/namespace/2009/song" version="0.8" createdIn="OpenLP 2.4.6" modifiedIn="OpenLP 2.4.6" modifiedDate="2022-11-26T23:17:46">
  <properties>
    <titles>
      <title>Methodist Shona Hymn 273</title>
      <title>Hymn 273Vana veJerusarema</title>
    </titles>
    <authors>
      <author>Methodist Hymns</author>
    </authors>
  </properties>
  <lyrics>
    <verse name="v1">
      <lines> Vana veJerusarema<br/>Vakaimbira Jesu,<br/>Navana vanhasiwo<br/>Vanorumbidza Jesu. </lines>
    </verse>
    <verse name="v2">
      <lines> Inzwai,<br/>Vadiki voimba,<br/>Inzwai,<br/>Vadiki voimba,<br/>o hozana, o hozana,<br/>o hozana kuna Mambo. </lines>
    </verse>
    <verse name="v3">
      <lines> Todzidza kuda Mwari,<br/>Torava shoko rake;<br/>Tigonanga kudenga,<br/>Tigorumbidza Mwari. </lines>
    </verse>
    <verse name="v4">
      <lines> Vakuru navaduku<br/>Tinomukurumbidza,<br/>Noku kuwa kukuru<br/>Hozana kuna Mambo. </lines>
    </verse>
  </lyrics>
</song>
