<?xml version='1.0' encoding='UTF-8'?>
<song xmlns="http://openlyrics.info/namespace/2009/song" version="0.8" createdIn="OpenLP 2.4.6" modifiedIn="OpenLP 2.4.6" modifiedDate="2022-11-26T23:17:45">
  <properties>
    <titles>
      <title>Methodist Shona Hymn 202</title>
      <title>Hymn 202wouya, wouya, Mucheki mukuru</title>
    </titles>
    <authors>
      <author>Methodist Hymns</author>
    </authors>
  </properties>
  <lyrics>
    <verse name="v1">
      <lines> wouya, wouya, Mucheki mukuru,<br/>Vanhu vachaona Ishe wokudenga;<br/>Vanogozomutswa vari kumakuva,<br/>Kuti vaonekwe vose pakachena. </lines>
    </verse>
    <verse name="v2">
      <lines> Mucheki ndiJesu wakatambudzika,<br/>Kuti vaponiswe norudo rwababa,<br/>Avo vakamuda havachatongiswa<br/>Nokuti vamire naIshe wedenga. </lines>
    </verse>
    <verse name="v3">
      <lines> Asi vasingadi kunzwa dama rake,<br/>Rokuti vadzoke pane chakaipa,<br/>Vakatozvikona pamberi poMcheki<br/>Vakatozvipinza pakutambudzika. </lines>
    </verse>
    <verse name="v4">
      <lines> Ngatidzoke tose pakuipa kwedu,<br/>Tinzwe izwi rake, tinamate tose,<br/>Ishe ari pano anotsvaka iwe,<br/>Inguva nazvino, uya ugamchire. </lines>
    </verse>
  </lyrics>
</song>
