<?xml version='1.0' encoding='UTF-8'?>
<song xmlns="http://openlyrics.info/namespace/2009/song" version="0.8" createdIn="OpenLP 2.4.6" modifiedIn="OpenLP 2.4.6" modifiedDate="2022-11-26T23:17:43">
  <properties>
    <titles>
      <title>Methodist Shona Hymn 55</title>
      <title>Hymn 55Ngatitende Mwari</title>
    </titles>
    <authors>
      <author>Methodist Hymns</author>
    </authors>
  </properties>
  <lyrics>
    <verse name="v1">
      <lines> Ngatitende Mwari,<br/>baba wedu,<br/>Iye wakasika<br/>Isu tose<br/>Kuti timuzive<br/>Nemwoyo yedu yose<br/>Nokusingapere.<br/>Hareruya! </lines>
    </verse>
    <verse name="v2">
      <lines> Ngatitende Mwari,<br/>Baba wedu,<br/>Wakatipa Jesu,<br/>Mwana wake,<br/>Wakatifirapo<br/>Pano iwoyo muti<br/>Kuti tiponiswe<br/>Isu tose. </lines>
    </verse>
    <verse name="v3">
      <lines> Zvakaipa zvedu<br/>Zvakashambwa<br/>Nero ropa rake<br/>Pamchinjikwa;<br/>Ngatifare tose<br/>Takanatsiwa naye;<br/>Rumbidzai mose!<br/>Hareruya! </lines>
    </verse>
    <verse name="v4">
      <lines> Garai vatendi<br/>Muna Jesu,<br/>Ndiye dangwe redu<br/>Pakumuka,<br/>Nesu tichamuka<br/>Kana tomutevera,<br/>Achatipinzako<br/>Kuna baba. </lines>
    </verse>
    <verse name="v5">
      <lines> Ridzai hwamanda<br/>Dzokukudza!<br/>Ridzaiwo nyere<br/>Namarimba!<br/>Rumbidzai baba!<br/>Mupemberere Ishe!<br/>Rumbidzai mose!<br/>Hereruya! </lines>
    </verse>
  </lyrics>
</song>
