<?xml version='1.0' encoding='UTF-8'?>
<song xmlns="http://openlyrics.info/namespace/2009/song" version="0.8" createdIn="OpenLP 2.4.6" modifiedIn="OpenLP 2.4.6" modifiedDate="2022-11-26T23:17:44">
  <properties>
    <titles>
      <title>Methodist Shona Hymn 140</title>
      <title>Hymn 140Vazhinji vanayo nhaka</title>
    </titles>
    <authors>
      <author>Methodist Hymns</author>
    </authors>
  </properties>
  <lyrics>
    <verse name="v1">
      <lines> Vazhinji vanayo nhaka<br/>Yavanozviinzwa nayo;<br/>Vazhinji vanayo pfuma<br/>Vanozvifarisa nayo. </lines>
    </verse>
    <verse name="v2">
      <lines> Handizvidze zvipo zvenyu<br/>zvohwu upenyu huripo;<br/>Asi imi Ishe Jesu<br/>Muri nhaka yangu kwazvo. </lines>
    </verse>
    <verse name="v3">
      <lines> Kunyange ndanga ndisina<br/>zvinhu zvoruno rugaro;<br/>Ndinemi muridzi wazvo,<br/>Ndine zvinhu zvose nemi. </lines>
    </verse>
    <verse name="v4">
      <lines> Kana mava wangu Jesu<br/>Ndakwana nezvinhu zvose;<br/>Nezvi zviripo ndezvangu,<br/>Nezvinouya ndezvangu. </lines>
    </verse>
    <verse name="v5">
      <lines> Neino nyika ndeyangu,<br/>Nairo denga nderangu;<br/>Nahwo upenyu ndohwangu,<br/>Nokunakirwa ndokwangu. </lines>
    </verse>
    <verse name="v6">
      <lines> Hahupere uhwopenyu<br/>Huri nhaka yangu nemi;<br/>Kunakirwa hakupere,<br/>Kwandakawana kunemi. </lines>
    </verse>
  </lyrics>
</song>
