<?xml version='1.0' encoding='UTF-8'?>
<song xmlns="http://openlyrics.info/namespace/2009/song" version="0.8" createdIn="OpenLP 2.4.6" modifiedIn="OpenLP 2.4.6" modifiedDate="2022-11-26T23:17:45">
  <properties>
    <titles>
      <title>Methodist Shona Hymn 212</title>
      <title>Hymn 212zvatapinda Ishe wedu</title>
    </titles>
    <authors>
      <author>Methodist Hymns</author>
    </authors>
  </properties>
  <lyrics>
    <verse name="v1">
      <lines> zvatapinda Ishe wedu<br/>Kune imba yenyu<br/>Titarirei Mwari wedu<br/>Nedzi tsitsi dzenyu. </lines>
    </verse>
    <verse name="v2">
      <lines> Imba iyi, imba yenyu,<br/>Imba youtsvene;<br/>Ishe uyai tisangane,<br/>Mutiropafadze. </lines>
    </verse>
    <verse name="v3">
      <lines> Tinobvuma zvivi zvedu<br/>Mberi kwenyu Ishe;<br/>Tinokukumbirai isu<br/>zvino mberi kwenyu. </lines>
    </verse>
    <verse name="v4">
      <lines> zvitadzo zvatakaita,<br/>Imi munoziva;<br/>Tinochema naizvozvo<br/>Nawo mweya wose. </lines>
    </verse>
    <verse name="v5">
      <lines> Tifadzisei Ishe wedu<br/>Noruregerero;<br/>Tipupurei Mwari wedu<br/>Noya Mweya wenyu. </lines>
    </verse>
    <verse name="v6">
      <lines> Kana dama rotaurwa<br/>Ngatirinzwe tose.<br/>Tichiva nemwenje wenyu,<br/>Pane nguva dzose. </lines>
    </verse>
  </lyrics>
</song>
