<?xml version='1.0' encoding='UTF-8'?>
<song xmlns="http://openlyrics.info/namespace/2009/song" version="0.8" createdIn="OpenLP 2.4.6" modifiedIn="OpenLP 2.4.6" modifiedDate="2022-11-26T23:17:45">
  <properties>
    <titles>
      <title>Methodist Shona Hymn 224</title>
      <title>Hymn 224Tinouya baba wedu</title>
    </titles>
    <authors>
      <author>Methodist Hymns</author>
    </authors>
  </properties>
  <lyrics>
    <verse name="v1">
      <lines> Tinouya baba wedu<br/>Nezvipo zvedu zvorudo,<br/>Tichivonga kuna Ishe<br/>wakatipa zvinhu zvose. </lines>
    </verse>
    <verse name="v2">
      <lines> Ngazvishambidzwe zvikuru<br/>Vamwe vagokuzivai<br/>Namasimba edu ose<br/>Aitiswe basa nemi. </lines>
    </verse>
  </lyrics>
</song>
