<?xml version='1.0' encoding='UTF-8'?>
<song xmlns="http://openlyrics.info/namespace/2009/song" version="0.8" createdIn="OpenLP 2.4.6" modifiedIn="OpenLP 2.4.6" modifiedDate="2022-11-26T23:17:47">
  <properties>
    <titles>
      <title>Methodist Shona Hymn 304</title>
      <title>Hymn 304Tinokutendai baba</title>
    </titles>
    <authors>
      <author>Methodist Hymns</author>
    </authors>
  </properties>
  <lyrics>
    <verse name="v1">
      <lines> Tinokutendai baba<br/>Nemvura yamunotipa<br/>Inokudza mbeu dzedu,<br/>Tinokohwa nokufara. </lines>
    </verse>
    <verse name="v2">
      <lines> Panguva yomunhuruka<br/>Tinorima minda yedu,<br/>Tichidyara mbeu dzose<br/>Dzinochengwa nemi baba. </lines>
    </verse>
    <verse name="v3">
      <lines> Dakara nguva isvike<br/>zvose zvaibva muminda,<br/>Tigokohwa zvakawanda<br/>Mapfunde, zvose nezviyo. </lines>
    </verse>
    <verse name="v4">
      <lines> Tinokuomberai baba<br/>Norudo rwenyu rukuru<br/>Ruripo rini narini<br/>Kumazuva namakore. </lines>
    </verse>
    <verse name="v5">
      <lines> Uyai vanhu tiimbe<br/>Rwiyo rwokukudza baba<br/>Titende zvipo zvikuru<br/>zvatakakohwa muminda. </lines>
    </verse>
  </lyrics>
</song>
