<?xml version='1.0' encoding='UTF-8'?>
<song xmlns="http://openlyrics.info/namespace/2009/song" version="0.8" createdIn="OpenLP 2.4.6" modifiedIn="OpenLP 2.4.6" modifiedDate="2022-11-26T23:17:47">
  <properties>
    <titles>
      <title>Methodist Shona Hymn 308</title>
      <title>Hymn 308Mwari baba samasimba</title>
    </titles>
    <authors>
      <author>Methodist Hymns</author>
    </authors>
  </properties>
  <lyrics>
    <verse name="v1">
      <lines> Mwari baba samasimba<br/>Tinokukudzayi<br/>Imi makatipa chipo<br/>Chokukuimbirai </lines>
    </verse>
    <verse name="v2">
      <lines> Hezvi nhasi tasangana<br/>Mubasa guru sei<br/>Rokupfekedza vaimbi<br/>Nokuvasimbisa </lines>
    </verse>
    <verse name="v3">
      <lines> Ichi chipfeko ndechenyu<br/>Ngachiropafadzwe<br/>Chishandiswe basa renyu<br/>Mukumurumbidzai </lines>
    </verse>
    <verse name="v4">
      <lines> Chiropafadzai vana<br/>Vazvipira nhasi<br/>Vashandise tarendaro<br/>Vachikuimbirai </lines>
    </verse>
    <verse name="v5">
      <lines> Ngakuti Mweya Mutsvene<br/>Uvafudze vose<br/>Vagoparidza nenziyo<br/>Marudzi apone. </lines>
    </verse>
  </lyrics>
</song>
