<?xml version='1.0' encoding='UTF-8'?>
<song xmlns="http://openlyrics.info/namespace/2009/song" version="0.8" createdIn="OpenLP 2.4.6" modifiedIn="OpenLP 2.4.6" modifiedDate="2022-11-26T23:17:44">
  <properties>
    <titles>
      <title>Methodist Shona Hymn 107</title>
      <title>Hymn 107Uyai kuna Muponisi</title>
    </titles>
    <authors>
      <author>Methodist Hymns</author>
    </authors>
  </properties>
  <lyrics>
    <verse name="v1">
      <lines> Uyai kuna Muponisi;<br/>Takaratidzwa nzira naye;<br/>Zvino ari pakati pedu,<br/>Anoti: Uyai. </lines>
    </verse>
    <verse name="v2">
      <lines> Tichazofara taungana,<br/>Mwoyo yacheniswa pazvivi;<br/>Taungana noMuponisi<br/>Ikoko kudenga. </lines>
    </verse>
    <verse name="v3">
      <lines> Uyai vanangu, tererai;<br/>Izwi raIshe rinodana;<br/>Ngatipembere norufaro:<br/>Uyai! Uyai! </lines>
    </verse>
    <verse name="v4">
      <lines> Ngatifungezve achinesu;<br/>Titerere kudana kwake;<br/>Inzwai zvino anodana:<br/>Uyai vanangu. </lines>
    </verse>
    <verse name="v5">
      <lines> Tarisazve nziyo idzi: 21 </lines>
    </verse>
  </lyrics>
</song>
