<?xml version='1.0' encoding='UTF-8'?>
<song xmlns="http://openlyrics.info/namespace/2009/song" version="0.8" createdIn="OpenLP 2.4.6" modifiedIn="OpenLP 2.4.6" modifiedDate="2022-11-26T23:17:45">
  <properties>
    <titles>
      <title>Methodist Shona Hymn 211</title>
      <title>Hymn 211Nguva yakanaka Jesu</title>
    </titles>
    <authors>
      <author>Methodist Hymns</author>
    </authors>
  </properties>
  <lyrics>
    <verse name="v1">
      <lines> Nguva yakanaka Jesu<br/>Yokuuya kwamuri<br/>Kuti tinzwe zvivimbiso<br/>zvarehwa nemi Ishe. </lines>
    </verse>
    <verse name="v2">
      <lines> Muve nesu musi uno<br/>Kuti tinzwe chaizvo,<br/>Tibatise idi renyu<br/>Ramazwi oupenyu. </lines>
    </verse>
    <verse name="v3">
      <lines> Pfungwa dzedu dzizarurwe,<br/>Tinangiswe kudenga;<br/>Chokwadi chivhenekere<br/>Kuti tisarasike. </lines>
    </verse>
    <verse name="v4">
      <lines> Tipfavise, titivise,<br/>Tirambe takashinga;<br/>Tipei simba rokuita,<br/>zvinhu zvakarurama. </lines>
    </verse>
    <verse name="v5">
      <lines> Matama enyu ngaave<br/>Sembiriso muupfu,<br/>Inoita basa ravo<br/>Kuti upfu huvire. </lines>
    </verse>
    <verse name="v6">
      <lines> Tinoda kuve zvapupu<br/>zveidi ratinaro<br/>Kuti hama dzirinzwewo<br/>Dzigozvizivirawo. </lines>
    </verse>
  </lyrics>
</song>
