<?xml version='1.0' encoding='UTF-8'?>
<song xmlns="http://openlyrics.info/namespace/2009/song" version="0.8" createdIn="OpenLP 2.4.6" modifiedIn="OpenLP 2.4.6" modifiedDate="2022-11-26T23:17:45">
  <properties>
    <titles>
      <title>Methodist Shona Hymn 227</title>
      <title>Hymn 227onai vadzidzi venyu</title>
    </titles>
    <authors>
      <author>Methodist Hymns</author>
    </authors>
  </properties>
  <lyrics>
    <verse name="v1">
      <lines> onai vadzidzi venyu<br/>Jesu taungana<br/>Muzita renyu, Mponisi,<br/>Takataririra. </lines>
    </verse>
    <verse name="v2">
      <lines> Tokugarirai Ishe<br/>Takasanganiswa;<br/>Tinovimba nezwi renyu<br/>Tichakuwanai. </lines>
    </verse>
    <verse name="v3">
      <lines> Muri pano pamwe nesu,<br/>Chizviratidzai,<br/>Mwana, waMwari mupenyu,<br/>Tigokuzivai. </lines>
    </verse>
    <verse name="v4">
      <lines> watinoda timuwane,<br/>Jesu wakambofa;<br/>Tione maronda enyu,<br/>Imi Mfiri wedu. </lines>
    </verse>
    <verse name="v5">
      <lines> Itai kuti titende,<br/>Muchiti kunesu;<br/>Musave vasingatende,<br/>Chivimbai neni. </lines>
    </verse>
  </lyrics>
</song>
