<?xml version='1.0' encoding='UTF-8'?>
<song xmlns="http://openlyrics.info/namespace/2009/song" version="0.8" createdIn="OpenLP 2.4.6" modifiedIn="OpenLP 2.4.6" modifiedDate="2022-11-26T23:17:44">
  <properties>
    <titles>
      <title>Methodist Shona Hymn 147</title>
      <title>Hymn 147Jesu ndokudai Muponisi wangu</title>
    </titles>
    <authors>
      <author>Methodist Hymns</author>
    </authors>
  </properties>
  <lyrics>
    <verse name="v1">
      <lines> Jesu ndokudai Muponisi wangu,<br/>Ndosiya zvose zvakaipa zvangu,<br/>Imi Msununguri, imi Mchengeti,<br/>Ndokudai Jesu, ndokudai Jesu, ndokudai<br/>Jesu, ndokudai zvino. </lines>
    </verse>
    <verse name="v2">
      <lines> Ndokudai nokuti Imi mandida,<br/>Makandibayirwa pamuchinjikwa,<br/>Ndokudai nokuti makandifira,<br/>Ndokudai Jesu, ndokuti Jesu, ndokudai<br/>Jesu, ndokudai zvino. </lines>
    </verse>
    <verse name="v3">
      <lines> Ndinogokudai ndichiri mupenyu,<br/>Ndichakurumbidzai mazuva ose,<br/>Nomusi wokufa ndinogoimba,<br/>Ndokudai Jesu, ndokuti Jesu, ndokudai<br/>Jesu, ndokudai zvino. </lines>
    </verse>
    <verse name="v4">
      <lines> Kakare kana ndavako kudenga,<br/>Ndichagara nemi, ndichakukudzai,<br/>Ndichaimba kwazvo, navanhu vose,<br/>Ndokudai Jesu, ndokuti Jesu, ndokudai<br/>Jesu, ndokudai zvino. </lines>
    </verse>
  </lyrics>
</song>
