<?xml version='1.0' encoding='UTF-8'?>
<song xmlns="http://openlyrics.info/namespace/2009/song" version="0.8" createdIn="OpenLP 2.4.6" modifiedIn="OpenLP 2.4.6" modifiedDate="2022-11-26T23:17:43">
  <properties>
    <titles>
      <title>Methodist Shona Hymn 20</title>
      <title>Hymn 20Jesu rufaro rwomwoyo</title>
    </titles>
    <authors>
      <author>Methodist Hymns</author>
    </authors>
  </properties>
  <lyrics>
    <verse name="v1">
      <lines> Jesu rufaro rwomwoyo.<br/>Chisipiti choupenyu,<br/>zvenyika hazvitigutse,<br/>Tinodzokera kwamuri.<br/>2. Idi renyu haripere,<br/>Vakumbiri voponiswa,<br/>Vatsvaki vokuwanai,<br/>Imi muri pfuma yavo. </lines>
    </verse>
    <verse name="v2">
      <lines> Toravira imi chingwa,<br/>Toda kudya imi chete,<br/>Tonwa imi chisipiti,<br/>Togutsa nyota yomweya. </lines>
    </verse>
    <verse name="v3">
      <lines> Isu tisina zororo<br/>Tichazorora kwamuri;<br/>Kukuonai rufaro,<br/>Kukuzivai upenyu. </lines>
    </verse>
    <verse name="v4">
      <lines> Garai nesu She Jesu,<br/>Norufaro norugare,<br/>Tandai rima rezvivi,<br/>Mupenyere pasi pose. </lines>
    </verse>
  </lyrics>
</song>
