<?xml version='1.0' encoding='UTF-8'?>
<song xmlns="http://openlyrics.info/namespace/2009/song" version="0.8" createdIn="OpenLP 2.4.6" modifiedIn="OpenLP 2.4.6" modifiedDate="2022-11-26T23:17:45">
  <properties>
    <titles>
      <title>Methodist Shona Hymn 188</title>
      <title>Hymn 188Nditungamirei, Jehova</title>
    </titles>
    <authors>
      <author>Methodist Hymns</author>
    </authors>
  </properties>
  <lyrics>
    <verse name="v1">
      <lines> Nditungamirei, Jehova,<br/>Ndichifamba murenje;<br/>Ini handina masimba<br/>Muna masimba ose;<br/>Muponisi!<br/>Ndimi inhowo yangu. </lines>
    </verse>
    <verse name="v2">
      <lines> Sipiti roruponiso<br/>Ngarifashukire'ni;<br/>Chipapata chokudenga<br/>Ngachipiwe kwandiri;<br/>Muponisi!<br/>Inindosimba nemi. </lines>
    </verse>
    <verse name="v3">
      <lines> Kana ndasvika Jordani<br/>Bisai kutya kwangu;<br/>Ndiyambutsei ndouya<br/>Ndisvike kuKanani.<br/>Muponisi!<br/>Ini ndovimba nemi. </lines>
    </verse>
  </lyrics>
</song>
