<?xml version='1.0' encoding='UTF-8'?>
<song xmlns="http://openlyrics.info/namespace/2009/song" version="0.8" createdIn="OpenLP 2.4.6" modifiedIn="OpenLP 2.4.6" modifiedDate="2022-11-26T23:17:45">
  <properties>
    <titles>
      <title>Methodist Shona Hymn 180</title>
      <title>Hymn 180Vakaropafadzwa</title>
    </titles>
    <authors>
      <author>Methodist Hymns</author>
    </authors>
  </properties>
  <lyrics>
    <verse name="v1">
      <lines> Vakaropafadzwa<br/>Varombo pamweya;<br/>Nokuti Ushe hwaMwari<br/>Ndohwavo kudenga. </lines>
    </verse>
    <verse name="v2">
      <lines> Vakaropafadzwa<br/>Vanochema pano;<br/>Vachanyaradzwa naIShe<br/>Vachafara kwazvo. </lines>
    </verse>
    <verse name="v3">
      <lines> Vakaropafadzwa<br/>Vasingazvikudze;<br/>Vachagara nhaka huru<br/>Yokunyika yose. </lines>
    </verse>
    <verse name="v4">
      <lines> Vakaropafadzwa<br/>Vose vane nzara;<br/>Vanotsvaka kururama<br/>Vanozogutiswa. </lines>
    </verse>
    <verse name="v5">
      <lines> Vakaropafadzwa<br/>Vose vane ngoni;<br/>Kana vachitongwa ivo<br/>Vachanzwirwa tsitsi. </lines>
    </verse>
    <verse name="v6">
      <lines> Vakaropafadzwa<br/>Vane mwoyochena;<br/>Vanotsvaka Mwari<br/>Vachazomuona. </lines>
    </verse>
    <verse name="v7">
      <lines> Vakaropafadzwa<br/>Vanoyananisa;<br/>Voita basa raMwari<br/>Ndivo vana vake </lines>
    </verse>
    <verse name="v8">
      <lines> Vakaropafadzwa<br/>Vanotambudzwawo;<br/>Nokuti Ushe hwaMwari<br/>Ndohwavo kudenga. </lines>
    </verse>
    <verse name="v9">
      <lines> Tarisazve nziyo idzi: 82 </lines>
    </verse>
  </lyrics>
</song>
