<?xml version='1.0' encoding='UTF-8'?>
<song xmlns="http://openlyrics.info/namespace/2009/song" version="0.8" createdIn="OpenLP 2.4.6" modifiedIn="OpenLP 2.4.6" modifiedDate="2022-11-26T23:17:45">
  <properties>
    <titles>
      <title>Methodist Shona Hymn 226</title>
      <title>Hymn 226baba wangu ndinodisa</title>
    </titles>
    <authors>
      <author>Methodist Hymns</author>
    </authors>
  </properties>
  <lyrics>
    <verse name="v1">
      <lines> baba wangu ndinodisa<br/>Kuva wakadai semi,<br/>Ndinodisa Mweya wenyu<br/>Kuti uchigara neni.<br/>Munoziva nungo dzangu,<br/>Munoziva zvirokwazvo,<br/>Ndiri kukumbira zvino<br/>Munondipindurawo. </lines>
    </verse>
    <verse name="v2">
      <lines> Tarisazve nziyo idzi: 231 </lines>
    </verse>
  </lyrics>
</song>
