<?xml version='1.0' encoding='UTF-8'?>
<song xmlns="http://openlyrics.info/namespace/2009/song" version="0.8" createdIn="OpenLP 2.4.6" modifiedIn="OpenLP 2.4.6" modifiedDate="2022-11-26T23:17:47">
  <properties>
    <titles>
      <title>Methodist Shona Hymn 309</title>
      <title>Hymn 309Nhasi tose taungana</title>
    </titles>
    <authors>
      <author>Methodist Hymns</author>
    </authors>
  </properties>
  <lyrics>
    <verse name="v1">
      <lines> Nhasi tose taungana<br/>Kuti titsidze kwamuri<br/>Mwari wedu wechokwadi<br/>Nyasha dzenyu dzakakomba. </lines>
    </verse>
    <verse name="v2">
      <lines> Hava vana vazvipira<br/>Kuti vaparidze shoko<br/>Vachishandisa tarenda<br/>Iri ravo rokuimba. </lines>
    </verse>
    <verse name="v3">
      <lines> Vavengi vazhinji kwazvo<br/>Vangade kuvarasisa<br/>Konzai kuti vabate<br/>Chipo ichi chamavapa. </lines>
    </verse>
    <verse name="v4">
      <lines> zvino vava kuzopfeka<br/>Hanzu idzi dzemachira<br/>Asi mwoyo yavo Ishe<br/>Ngaipfeke imi baba </lines>
    </verse>
  </lyrics>
</song>
