<?xml version='1.0' encoding='UTF-8'?>
<song xmlns="http://openlyrics.info/namespace/2009/song" version="0.8" createdIn="OpenLP 2.4.6" modifiedIn="OpenLP 2.4.6" modifiedDate="2022-11-26T23:17:45">
  <properties>
    <titles>
      <title>Methodist Shona Hymn 223</title>
      <title>Hymn 223Tauya nezvipo baba</title>
    </titles>
    <authors>
      <author>Methodist Hymns</author>
    </authors>
  </properties>
  <lyrics>
    <verse name="v1">
      <lines> Tauya nezvipo baba,<br/>zvifambise basa renyu,<br/>Tinozvipa nokufara,<br/>Takakomborerwa nemi,<br/>Tipei mwoyo muchena,<br/>Kuna vose vanoshaya<br/>Ruponiso rwatinarwo<br/>Rusvitswe nezvipo zvedu. </lines>
    </verse>
    <verse name="v2">
      <lines> zvipo izvi zvatinopa<br/>Ngazviende kwesekwese<br/>zviendese shoko renyu<br/>Kumarudzi ari kure,<br/>Asati aziva Kristu,<br/>Kunyange noMuponisi,<br/>Mwanakomana waMwari,<br/>Hama yedu, Mununuri. </lines>
    </verse>
    <verse name="v3">
      <lines> Ngatirinzwe shoko renyu,<br/>Rinoda vatadzi vose,<br/>Kunyange zvivi zvatsvuka,<br/>Panokutaurirana.<br/>Jesu Kristu Ishe wedu<br/>wakafa kuti tipone,<br/>Rushanu wakakuvadzwa<br/>Kuti tive vake Mwari. </lines>
    </verse>
    <verse name="v4">
      <lines> Patinopa zvipo zvedu,<br/>Ngatipewo mweya yedu,<br/>Ive diramhamba dzvene,<br/>Rinogamuchirwa nemi;<br/>Takashambidzwa mumwoyo,<br/>Tava venyu nokomweya,<br/>Samaita, Nyakusika,<br/>Mwari kudenga napasi. </lines>
    </verse>
  </lyrics>
</song>
