<?xml version='1.0' encoding='UTF-8'?>
<song xmlns="http://openlyrics.info/namespace/2009/song" version="0.8" createdIn="OpenLP 2.4.6" modifiedIn="OpenLP 2.4.6" modifiedDate="2022-11-26T23:17:44">
  <properties>
    <titles>
      <title>Methodist Shona Hymn 127</title>
      <title>Hymn 127Sezva ndiri, ndinouya</title>
    </titles>
    <authors>
      <author>Methodist Hymns</author>
    </authors>
  </properties>
  <lyrics>
    <verse name="v1">
      <lines> Sezva ndiri, ndinouya<br/>Ndisina chandakanatsa,<br/>Asi ndimi mandidana,<br/>Ndinouya Ishe. </lines>
    </verse>
    <verse name="v2">
      <lines> Handinonoke kubviswa<br/>zvitadzo zvandakaita,<br/>Kwamuri munochenisa<br/>Ndinouya Ishe. </lines>
    </verse>
    <verse name="v3">
      <lines> Kunyange ndodzungaidzwa<br/>Namadzudzo omumwoyo.<br/>Ndichinzwa kurwa nokutya<br/>Ndinouya Ishe. </lines>
    </verse>
    <verse name="v4">
      <lines> Murombo, bofu razvidzwa,<br/>Ndichapona nemi chose,<br/>Ndichapfumiswa kwamuri,<br/>Ndinouya Ishe, </lines>
    </verse>
    <verse name="v5">
      <lines> Munozondiregerera<br/>Ndigamchirwe, ndicheniswe,<br/>Nokuti ndokubvumai<br/>Ndinouya Ishe. </lines>
    </verse>
    <verse name="v6">
      <lines> Rudo runondishamisa<br/>Rwakakunda chakaipa;<br/>Kuti ndive wenyu chose<br/>Ndinouya Ishe. </lines>
    </verse>
    <verse name="v7">
      <lines> Nenzira yorudo rwenyu<br/>Kuzorunzwa zvakakwana<br/>Pano zvino nokudenga,<br/>Ndinouya Ishe </lines>
    </verse>
  </lyrics>
</song>
