<?xml version='1.0' encoding='UTF-8'?>
<song xmlns="http://openlyrics.info/namespace/2009/song" version="0.8" createdIn="OpenLP 2.4.6" modifiedIn="OpenLP 2.4.6" modifiedDate="2022-11-26T23:17:46">
  <properties>
    <titles>
      <title>Methodist Shona Hymn 234</title>
      <title>Hymn 234Imi Jesu, ndimi Mfudzi</title>
    </titles>
    <authors>
      <author>Methodist Hymns</author>
    </authors>
  </properties>
  <lyrics>
    <verse name="v1">
      <lines> Imi Jesu, ndimi Mfudzi<br/>weri boka renyu;<br/>Fungatai ava vana<br/>Mumaoko enyu. </lines>
    </verse>
    <verse name="v2">
      <lines> Ngavauye, makadaro,<br/>Vauye kwandiri,<br/>Vakadaro vokudenga,<br/>Musavarambise. </lines>
    </verse>
    <verse name="v3">
      <lines> Havoka, Ishe, ndevenyu,<br/>Muvatsvenisise;<br/>Vaisei mudanga renyu,<br/>Vakutererei. </lines>
    </verse>
    <verse name="v4">
      <lines> Ngavazvarwe nokomweya,<br/>Vakunamatei;<br/>Vagoenda pakudenga,<br/>Vagogara nemi. </lines>
    </verse>
  </lyrics>
</song>
