<?xml version='1.0' encoding='UTF-8'?>
<song xmlns="http://openlyrics.info/namespace/2009/song" version="0.8" createdIn="OpenLP 2.4.6" modifiedIn="OpenLP 2.4.6" modifiedDate="2022-11-26T23:17:46">
  <properties>
    <titles>
      <title>Methodist Shona Hymn 241</title>
      <title>Hymn 241Jesu tinoita</title>
    </titles>
    <authors>
      <author>Methodist Hymns</author>
    </authors>
  </properties>
  <lyrics>
    <verse name="v1">
      <lines> Jesu tinoita<br/>zvamakatiudza;<br/>Nenzira yamakatipa<br/>Tinouya Ishe. </lines>
    </verse>
    <verse name="v2">
      <lines> Tozarura mwoyo<br/>Kukupai nzvimbo;<br/>ona Gwayana rasvika<br/>Shamwari yomtadzi </lines>
    </verse>
    <verse name="v3">
      <lines> Kuvapo kwaIshe<br/>Kunogutsa mwoyo,<br/>Tinzwe kubwinya kwaMwari<br/>Kusingataurike. </lines>
    </verse>
    <verse name="v4">
      <lines> Rufaro rwedenga,<br/>Rufaro rwomweya,<br/>Ruripo pachidyo chenyu<br/>Chatagadzirirwa. </lines>
    </verse>
    <verse name="v5">
      <lines> Tipeiwo kudya<br/>Kutsvene kwedenga,<br/>Tifukidzei norudo<br/>Rusingazopera. </lines>
    </verse>
  </lyrics>
</song>
