<?xml version='1.0' encoding='UTF-8'?>
<song xmlns="http://openlyrics.info/namespace/2009/song" version="0.8" createdIn="OpenLP 2.4.6" modifiedIn="OpenLP 2.4.6" modifiedDate="2022-11-26T23:17:44">
  <properties>
    <titles>
      <title>Methodist Shona Hymn 108</title>
      <title>Hymn 108Pane sipiti rizere</title>
    </titles>
    <authors>
      <author>Methodist Hymns</author>
    </authors>
  </properties>
  <lyrics>
    <verse name="v1">
      <lines> Pane sipiti rizere<br/>Neropa raJesu;<br/>Vatadzi vanoshambwamo<br/>Vocheneswa zvivi. </lines>
    </verse>
    <verse name="v2">
      <lines> Ndinotenda, ndinofara,<br/>Jesu wandifira,<br/>Napamuchinjikwa ropa<br/>Randaparadzirwa. </lines>
    </verse>
    <verse name="v3">
      <lines> Uyo mpati wakafara<br/>Kuona sipiti,<br/>Neni mutadzi mukuru<br/>Ndinonatswa naro. </lines>
    </verse>
    <verse name="v4">
      <lines> Handifanere kupinda<br/>Kudenga kutsvene,<br/>Asi imi makaripa<br/>Mhosva dzangu dzose. </lines>
    </verse>
    <verse name="v5">
      <lines> Ropa renyu rine simba<br/>Gwayana raMwari,<br/>Rokutsikinura vose<br/>Kuti vatsveniswe. </lines>
    </verse>
    <verse name="v6">
      <lines> Zvandakaona sipiti<br/>Kusvikira nhasi,<br/>Ndikabva ndasuma rudo<br/>Runotiponisa. </lines>
    </verse>
    <verse name="v7">
      <lines> Ndichaimba nero shoko<br/>Nguva dzangu dzose;<br/>Nokudenga ndichakudza<br/>Rudo rwenyu Tenzi. </lines>
    </verse>
  </lyrics>
</song>
