<?xml version='1.0' encoding='UTF-8'?>
<song xmlns="http://openlyrics.info/namespace/2009/song" version="0.8" createdIn="OpenLP 2.4.6" modifiedIn="OpenLP 2.4.6" modifiedDate="2022-11-26T23:17:44">
  <properties>
    <titles>
      <title>Methodist Shona Hymn 152</title>
      <title>Hymn 152Mudi womweya wangu</title>
    </titles>
    <authors>
      <author>Methodist Hymns</author>
    </authors>
  </properties>
  <lyrics>
    <verse name="v1">
      <lines> Mudi womweya wangu;<br/>Ndotizira kwamuri;<br/>Mhepo inovhuvhuta,<br/>Ndiri pachampupuri;<br/>Ndivanzei, Muponisi,<br/>Pana madutu ose;<br/>Nomusi wokupera<br/>Gamchirai mweya wangu. </lines>
    </verse>
    <verse name="v2">
      <lines> Handina mudziviri<br/>Ndozembera kwamuri;<br/>Murege kundisiya,<br/>Nditsigirwe nesimba;<br/>Ndinovimba kwamuri,<br/>Ndinoyamurwa nemi;<br/>Fukidzai msoro wangu,<br/>Namapapiro enyu. </lines>
    </verse>
    <verse name="v3">
      <lines> Ndinoda imi moga,<br/>Handidi chimwe chinhu;<br/>Munomutsa vakawa,<br/>Munorapa varwere;<br/>Makarurama imi,<br/>Handina kururama<br/>Ndizere zvakaipa,<br/>Muzere noutsvene. </lines>
    </verse>
    <verse name="v4">
      <lines> Nyasha dzenyu izhinji,<br/>Dzokukunda kuipa;<br/>Dziyerere kwandiri<br/>Ndicheniswe pamwoyo;<br/>Sipiti roupenyu,<br/>Ndinoda kunwa iro;<br/>bvirai mumwoyo wangu,<br/>Muyerere narini. </lines>
    </verse>
  </lyrics>
</song>
