<?xml version='1.0' encoding='UTF-8'?>
<song xmlns="http://openlyrics.info/namespace/2009/song" version="0.8" createdIn="OpenLP 2.4.6" modifiedIn="OpenLP 2.4.6" modifiedDate="2022-11-26T23:17:43">
  <properties>
    <titles>
      <title>Methodist Shona Hymn 69</title>
      <title>Hymn 69Namangwanangwana</title>
    </titles>
    <authors>
      <author>Methodist Hymns</author>
    </authors>
  </properties>
  <lyrics>
    <verse name="v1">
      <lines> Namangwanangwana<br/>Yaburuka pasi<br/>Ngirozi yaIshe<br/>Yasaira ibwe. </lines>
    </verse>
    <verse name="v2">
      <lines> Simudzai mazwi mose,<br/>Murumbidzei, wamuka She. </lines>
    </verse>
    <verse name="v3">
      <lines> Vachengeti vanzwa<br/>Nokutya kukuru,<br/>Vakawira pasi<br/>Vakange vakafa. </lines>
    </verse>
    <verse name="v4">
      <lines> Wamuka pakufa<br/>Kusingaonekwe,<br/>Wakurira guva<br/>Tenzi wazvo zvose. </lines>
    </verse>
    <verse name="v5">
      <lines> Vana vokuyedza<br/>Simukai naye;<br/>Ndiye nyamatsatsi<br/>Anotipenyera. </lines>
    </verse>
    <verse name="v6">
      <lines> Chisiyai muguva<br/>Kuipa kwakare;<br/>Vigwai pamwe naye;<br/>Murarame naye. </lines>
    </verse>
    <verse name="v7">
      <lines> Tinoimba Tenzi<br/>Nemwoyo nesimba;<br/>Isu tiri venyu<br/>Imi muri wedu. </lines>
    </verse>
  </lyrics>
</song>
