<?xml version='1.0' encoding='UTF-8'?>
<song xmlns="http://openlyrics.info/namespace/2009/song" version="0.8" createdIn="OpenLP 2.4.6" modifiedIn="OpenLP 2.4.6" modifiedDate="2022-11-26T23:17:45">
  <properties>
    <titles>
      <title>Methodist Shona Hymn 162</title>
      <title>Hymn 162Kristu Mununuri wedu</title>
    </titles>
    <authors>
      <author>Methodist Hymns</author>
    </authors>
  </properties>
  <lyrics>
    <verse name="v1">
      <lines> Kristu Mununuri wedu,<br/>Ndimi muri simba redu<br/>Muri simba ravo vose<br/>Varipo munyika yose. </lines>
    </verse>
    <verse name="v2">
      <lines> Muri simba rechokwadi,<br/>Hamunako kunyengedza,<br/>Muri tariro narini<br/>Iyo isingapinduke. </lines>
    </verse>
    <verse name="v3">
      <lines> Muri tariro panyika.<br/>Yavanodzoka pazvivi,<br/>Vachibvuma zvivi zvavo<br/>Kwamuri, tariro yavo. </lines>
    </verse>
    <verse name="v4">
      <lines> Muri simba ravachemi,<br/>Voti, Yowe! Takatadza.<br/>Muri simba ravaKristu,<br/>Muri simba roga roga. </lines>
    </verse>
    <verse name="v5">
      <lines> Nezvo ngativimbe tose<br/>Kunemi, nenguva dzose;<br/>Tiuye napaumambo,<br/>Mberi kwenyu pakudenga. </lines>
    </verse>
  </lyrics>
</song>
