<?xml version='1.0' encoding='UTF-8'?>
<song xmlns="http://openlyrics.info/namespace/2009/song" version="0.8" createdIn="OpenLP 2.4.6" modifiedIn="OpenLP 2.4.6" modifiedDate="2022-11-26T23:17:42">
  <properties>
    <titles>
      <title>Methodist Shona Hymn 7</title>
      <title>Hymn 7Jehovha ana masimba</title>
    </titles>
    <authors>
      <author>Methodist Hymns</author>
    </authors>
  </properties>
  <lyrics>
    <verse name="v1">
      <lines> Jehovha ana masimba,<br/>Zvose zvakasikwa naye;<br/>Ndiye Ishe wavo vose<br/>Ivo variko kudenga. </lines>
    </verse>
    <verse name="v2">
      <lines> Jehovha ano ruzivo,<br/>Anoziva zvose zvinhu;<br/>Isu vanhu hatizive,<br/>Hapana chatinogona. </lines>
    </verse>
    <verse name="v3">
      <lines> Jehovha wakarurama,<br/>Naiyo mirau yake;<br/>Nyamba isu takatadza,<br/>Tine mhosva mberi kwake. </lines>
    </verse>
    <verse name="v4">
      <lines> Jehovha ari mutsvene,<br/>Takaipa mberi kwake;<br/>Ngatikumbire kwaari<br/>Rwose ruregero rwake. </lines>
    </verse>
    <verse name="v5">
      <lines> Jehovha anadzo ngoni,<br/>Wotibata nadzo tose:<br/>Wakauya Mwana wake<br/>Kuponisa vanhu vose. </lines>
    </verse>
  </lyrics>
</song>
