<?xml version='1.0' encoding='UTF-8'?>
<song xmlns="http://openlyrics.info/namespace/2009/song" version="0.8" createdIn="OpenLP 2.4.6" modifiedIn="OpenLP 2.4.6" modifiedDate="2022-11-26T23:17:44">
  <properties>
    <titles>
      <title>Methodist Shona Hymn 155</title>
      <title>Hymn 155Apo ndatambudzika</title>
    </titles>
    <authors>
      <author>Methodist Hymns</author>
    </authors>
  </properties>
  <lyrics>
    <verse name="v1">
      <lines> Apo ndatambudzika<br/>Nezvakaipa zvangu<br/>Nezvirunziro zvangu,<br/>Ndizwei baba wangu. </lines>
    </verse>
    <verse name="v2">
      <lines> Ndicherechedzei baba we,<br/>Ndicherechedzei baba we. </lines>
    </verse>
    <verse name="v3">
      <lines> o baba samasimba<br/>Ndipei simba renyu<br/>Nokuti ndinoshaya<br/>Kugara zvakanaka. </lines>
    </verse>
    <verse name="v4">
      <lines> Panguva yokuchema,<br/>Nenguva yokutamba,<br/>Nenguva yousiku,<br/>Pabasa rangu rose: </lines>
    </verse>
    <verse name="v5">
      <lines> Parwendo rwoupenyu<br/>Munyatwa nomurufu,<br/>Mudenda rakaipa<br/>Ndichengetei baba. </lines>
    </verse>
  </lyrics>
</song>
