<?xml version='1.0' encoding='UTF-8'?>
<song xmlns="http://openlyrics.info/namespace/2009/song" version="0.8" createdIn="OpenLP 2.4.6" modifiedIn="OpenLP 2.4.6" modifiedDate="2022-11-26T23:17:43">
  <properties>
    <titles>
      <title>Methodist Shona Hymn 49</title>
      <title>Hymn 49Ndiudzewo rungano</title>
    </titles>
    <authors>
      <author>Methodist Hymns</author>
    </authors>
  </properties>
  <lyrics>
    <verse name="v1">
      <lines> Ndiudzewo rungano<br/>Rwakabvirwa kare<br/>RwaJesu wokubwinya<br/>Nezvo rudo rwake.<br/>Nyatso kundidudzira<br/>Sokumudukwana;<br/>Nokuti ndakaneta<br/>Ndakarukutika. </lines>
    </verse>
    <verse name="v2">
      <lines> Ndiudzezve rungano,<br/>RwaJesu worudo. </lines>
    </verse>
    <verse name="v3">
      <lines> Taura zvishomanana,<br/>Ndigorunzwisisa<br/>Ruponiso rwapiwa<br/>Kuvatadzi seni.<br/>Pamhidza undiudze,<br/>Ndisakanganwezve<br/>Sedova rinopera<br/>Nokukurumidza. </lines>
    </verse>
    <verse name="v4">
      <lines> Taura zvinyoronyoro<br/>Nokugwinyisisa;<br/>Yeuka, ndiri mtadzi<br/>Ndavingwa naJesu.<br/>Ndiudze nguva dzose<br/>Kana uchizove<br/>Munyaradzi panguva<br/>Dzamadzudzo angu. </lines>
    </verse>
    <verse name="v5">
      <lines> Taura rwakarerwo zve<br/>Kana uri kutya<br/>Kuti zvenyika ino,<br/>zvondirasikisa.<br/>Kana zvedenga iro<br/>zvondivhenekera,<br/>Ndiudzezve rungano<br/>RwaJesu M ponisi. </lines>
    </verse>
  </lyrics>
</song>
