<?xml version='1.0' encoding='UTF-8'?>
<song xmlns="http://openlyrics.info/namespace/2009/song" version="0.8" createdIn="OpenLP 2.4.6" modifiedIn="OpenLP 2.4.6" modifiedDate="2022-11-26T23:17:45">
  <properties>
    <titles>
      <title>Methodist Shona Hymn 174</title>
      <title>Hymn 174Rudo runopfuura kuziva</title>
    </titles>
    <authors>
      <author>Methodist Hymns</author>
    </authors>
  </properties>
  <lyrics>
    <verse name="v1">
      <lines> Rudo runopfuura kuziva<br/>Ndipei irworwo;<br/>Rudo ngaruzadze mwoyo wangu,<br/>Rudo rwaShe Jesu. </lines>
    </verse>
    <verse name="v2">
      <lines> Urwu rudo rwakaoneswa<br/>NaJesu Kristu, Mponisi wangu,<br/>Urwu rudo ruve mandiri,<br/>Ndizadziswe norudo. </lines>
    </verse>
    <verse name="v3">
      <lines> Kunyange ndichinzwisisa zvose,<br/>Ndisinarwo rudo,<br/>Kunyange ndinokutenda kwose,<br/>Handisiri chinhu. </lines>
    </verse>
    <verse name="v4">
      <lines> Kunyange ndagovera varombo<br/>zvose zvandinazvo<br/>Ndikabvumira kuti ndipiswe,<br/>Handiwane chinhu. </lines>
    </verse>
    <verse name="v5">
      <lines> Rudo runo mwoyo murefuwo,<br/>Rudo rune tsitsi,<br/>Harutsamwe, haruite shanje,<br/>Haruna manyawi. </lines>
    </verse>
    <verse name="v6">
      <lines> Rudo haruzvitsvakire zvarwo,<br/>Harunazve shura,<br/>Harufarire kusarurama.<br/>Asi idi chete. </lines>
    </verse>
    <verse name="v7">
      <lines> Rudo rune tariro pazvose,<br/>Runotenda zvose,<br/>Rudo runoshirira pazvose,<br/>Harutongopere. </lines>
    </verse>
    <verse name="v8">
      <lines> Kutenda, netariro, norudo,<br/>Ndizvo zvinogara.<br/>Asi chikuru pakati pazvo<br/>Ndirwo urwu rudo. </lines>
    </verse>
  </lyrics>
</song>
