<?xml version='1.0' encoding='UTF-8'?>
<song xmlns="http://openlyrics.info/namespace/2009/song" version="0.8" createdIn="OpenLP 2.4.6" modifiedIn="OpenLP 2.4.6" modifiedDate="2022-11-26T23:17:43">
  <properties>
    <titles>
      <title>Methodist Shona Hymn 34</title>
      <title>Hymn 34Pausiku hwoutsvene</title>
    </titles>
    <authors>
      <author>Methodist Hymns</author>
    </authors>
  </properties>
  <lyrics>
    <verse name="v1">
      <lines> Pausiku hwoutsvene<br/>Kune nyika iri kure,<br/>Yakapenya nyenyedzi yaTenzi,<br/>Chioneso chaMwari wediko,<br/>Iye Tenzi wazvarwa,<br/>Iye wazvarwa Mesiya. </lines>
    </verse>
    <verse name="v2">
      <lines> Baba wakashama<br/>Mai vake vakafara,<br/>Mwana wavo Mponisi wavanhu,<br/>Wakakudzwa zvikuru naMwari,<br/>Pasi pose chifarai!<br/>Mwari wazotishanyira. </lines>
    </verse>
    <verse name="v3">
      <lines> Mune danga radzo mombe,<br/>Wazozvarwa mwana mutsva,<br/>Ndiye mwana waMwari mupenyu<br/>Ndiye rudo rwababa kunesu,<br/>Ndiye mudi wavanhu,<br/>Nomudikanwa wavose. </lines>
    </verse>
  </lyrics>
</song>
