<?xml version='1.0' encoding='UTF-8'?>
<song xmlns="http://openlyrics.info/namespace/2009/song" version="0.8" createdIn="OpenLP 2.4.6" modifiedIn="OpenLP 2.4.6" modifiedDate="2022-11-26T23:17:45">
  <properties>
    <titles>
      <title>Methodist Shona Hymn 232</title>
      <title>Hymn 232Nguva yakanakisisa</title>
    </titles>
    <authors>
      <author>Methodist Hymns</author>
    </authors>
  </properties>
  <lyrics>
    <verse name="v1">
      <lines> Nguva yakanakisisa<br/>Yokukurumbidza,<br/>Kana tadzoredzaniswa<br/>Pamsoro kudenga;<br/>Ndizvozvo tichanzwa mazwi<br/>Echisimbisiso,<br/>Chokuti kana tikafa<br/>Pane ino nyika, </lines>
    </verse>
    <verse name="v2">
      <lines> Tinosangana kudenga<br/>Neropa raJesu,<br/>Nokutenda kuna Jesu<br/>Tichasanganiswa. </lines>
    </verse>
    <verse name="v3">
      <lines> Kunakisa korugare<br/>Rwakasunga mwoyo;<br/>Isu kana taungana<br/>Muzita raKristu,<br/>Mwanakomana wababa,<br/>wakakomborerwa!<br/>Ndiye chivimbo chokuti<br/>Tichasanganiswa. </lines>
    </verse>
    <verse name="v4">
      <lines> Nyangwe, tsoka dzakaneta<br/>Dzichayambukira<br/>zambuko rinendarama<br/>Nokukurumidza;<br/>Apo patakagarirwa<br/>Navo vanotida<br/>Vanokuridzira isu<br/>Kuti tiyambuke. </lines>
    </verse>
    <verse name="v5">
      <lines> Nyangwe takatsaukaniswa<br/>Navo vatinoda<br/>Tichazosangana navo<br/>Patsoka dzaIshe;<br/>Tigogara naye Jesu<br/>Pane iyo nzvimbo<br/>Tisingatsaukaniswe<br/>Pahukama humwe. </lines>
    </verse>
  </lyrics>
</song>
