<?xml version='1.0' encoding='UTF-8'?>
<song xmlns="http://openlyrics.info/namespace/2009/song" version="0.8" createdIn="OpenLP 2.4.6" modifiedIn="OpenLP 2.4.6" modifiedDate="2022-11-26T23:17:43">
  <properties>
    <titles>
      <title>Methodist Shona Hymn 41</title>
      <title>Hymn 41Mwoyo wangu unofara</title>
    </titles>
    <authors>
      <author>Methodist Hymns</author>
    </authors>
  </properties>
  <lyrics>
    <verse name="v1">
      <lines> Mwoyo wangu unofara<br/>Nokunzwa kuimba<br/>Kwengirozi dzose:<br/>Mazvarirwa Kristu Ishe!<br/>Mashoko omfaro<br/>Anonzwiwa kose. </lines>
    </verse>
    <verse name="v2">
      <lines> Izwi riri kutaura:<br/>Tizai panhamu,<br/>Mubve pane ngozi;<br/>Uyai, vazvarwa vangu<br/>Ndokupai pachena<br/>zvorusununguko. </lines>
    </verse>
    <verse name="v3">
      <lines> Uyai, tiende uko,<br/>Tipfugame tose<br/>Nokushamisika;<br/>Timude nomwoyo wose<br/>Tarisai kwaari<br/>Ano rudo rwose. </lines>
    </verse>
    <verse name="v4">
      <lines> Paupenyu hwangu hwose,<br/>Ndinoda kufadza<br/>Imi moga Ishe;<br/>Shure kokufa ndigare<br/>Kudenga, ndichinzwa<br/>Rufaro rukuru. </lines>
    </verse>
  </lyrics>
</song>
