<?xml version='1.0' encoding='UTF-8'?>
<song xmlns="http://openlyrics.info/namespace/2009/song" version="0.8" createdIn="OpenLP 2.4.6" modifiedIn="OpenLP 2.4.6" modifiedDate="2022-11-26T23:17:46">
  <properties>
    <titles>
      <title>Methodist Shona Hymn 262</title>
      <title>Hymn 262Kudzai Jesu, imi vana mose</title>
    </titles>
    <authors>
      <author>Methodist Hymns</author>
    </authors>
  </properties>
  <lyrics>
    <verse name="v1">
      <lines> Kudzai Jesu, imi vana mose<br/>Anoda, anoda,<br/>Kudzai Jesu, imi vana mose,<br/>Anoda, anoda. </lines>
    </verse>
    <verse name="v2">
      <lines> Vongai Jesu, imi vana mose,<br/>Anoda, anoda,<br/>Vongai Jesu, imi vana mose,<br/>Anoda, anoda. </lines>
    </verse>
    <verse name="v3">
      <lines> Idai Jesu, imi vana mose<br/>Anoda, anoda.<br/>Idai Jesu, imi vana mose,<br/>Anoda, anoda. </lines>
    </verse>
    <verse name="v4">
      <lines> Copyright: by permission of oxford University Press </lines>
    </verse>
  </lyrics>
</song>
