<?xml version='1.0' encoding='UTF-8'?>
<song xmlns="http://openlyrics.info/namespace/2009/song" version="0.8" createdIn="OpenLP 2.4.6" modifiedIn="OpenLP 2.4.6" modifiedDate="2022-11-26T23:17:46">
  <properties>
    <titles>
      <title>Methodist Shona Hymn 303</title>
      <title>Hymn 303Hongu, Mwari wakanaka</title>
    </titles>
    <authors>
      <author>Methodist Hymns</author>
    </authors>
  </properties>
  <lyrics>
    <verse name="v1">
      <lines> Hongu, Mwari wakanaka;<br/>Panyika napamakungwa<br/>Kuna mazwi anorira<br/>Kuti Mwari wakanaka. </lines>
    </verse>
    <verse name="v2">
      <lines> Nero zuva rovheneka<br/>Rofuka pasi nechedza,<br/>Nenyenyedzi dzenge dzoti:<br/>Idi Mwari wakanaka. </lines>
    </verse>
    <verse name="v3">
      <lines> Neshiriwo dzinorira<br/>Nemvura yomunhuruka,<br/>Nomwando wofefetera,<br/>zvoti: Mwari wakanaka. </lines>
    </verse>
    <verse name="v4">
      <lines> Ndinozvinzwawo nemhepo,<br/>Pamwe nomo mumakomo,<br/>Nechadenga chotaura,<br/>zvoti: Mwari wakanaka. </lines>
    </verse>
    <verse name="v5">
      <lines> zvose zvisikwa zvodaro;<br/>Takasikwa naNyadenga;<br/>Nomunhuwo arumbidze,<br/>Ati: Mwari wakanaka, </lines>
    </verse>
    <verse name="v6">
      <lines> Nezvi zvipo zvenyu Ishe,<br/>zvikuru kudya kwedenga<br/>Kwengoni neshoko zvoti,<br/>Titi: Mwari wakanaka. </lines>
    </verse>
  </lyrics>
</song>
