<?xml version='1.0' encoding='UTF-8'?>
<song xmlns="http://openlyrics.info/namespace/2009/song" version="0.8" createdIn="OpenLP 2.4.6" modifiedIn="OpenLP 2.4.6" modifiedDate="2022-11-26T23:17:44">
  <properties>
    <titles>
      <title>Methodist Shona Hymn 126</title>
      <title>Hymn 126Rukuru ruponiso</title>
    </titles>
    <authors>
      <author>Methodist Hymns</author>
    </authors>
  </properties>
  <lyrics>
    <verse name="v1">
      <lines> Rukuru ruponiso<br/>RwaIshe wokudenga<br/>Rwatengwa nezvikuru<br/>zvichibva pakudenga. </lines>
    </verse>
    <verse name="v2">
      <lines> Rukuru ruponiso<br/>Irworwo rwakatengwa<br/>Neropa rake Kristu<br/>Iro rakaparara. </lines>
    </verse>
    <verse name="v3">
      <lines> Rukuru ruponiso,<br/>Ndorwavo vakaipa;<br/>Kusina anorambwa<br/>Kana aipa sei. </lines>
    </verse>
    <verse name="v4">
      <lines> Rukuru ruponiso<br/>Rwobisa pakuipa,<br/>Pakuwa, nokutadza,<br/>Nokufa pano moto. </lines>
    </verse>
    <verse name="v5">
      <lines> Rukuru ruponiso,<br/>Tinoshambidzwa narwo<br/>Tinotsveniswa narwo<br/>Tifanane naJesu. </lines>
    </verse>
    <verse name="v6">
      <lines> Rukuru ruponiso<br/>Ruripo pana Ishe;<br/>Tinodya nhaka narwo<br/>Youpenyu kudenga.<br/>7. Tinozodini isu<br/>Kana tikaruramba?<br/>Topona nechiiko<br/>Tikarurambisisa?<br/>Tarisazve nziyo idzi: 138, 177 </lines>
    </verse>
  </lyrics>
</song>
