<?xml version='1.0' encoding='UTF-8'?>
<song xmlns="http://openlyrics.info/namespace/2009/song" version="0.8" createdIn="OpenLP 2.4.6" modifiedIn="OpenLP 2.4.6" modifiedDate="2022-11-26T23:17:43">
  <properties>
    <titles>
      <title>Methodist Shona Hymn 64</title>
      <title>Hymn 64Kristu wamuka nhasi! wamuka kwazvo</title>
    </titles>
    <authors>
      <author>Methodist Hymns</author>
    </authors>
  </properties>
  <lyrics>
    <verse name="v1">
      <lines> Kristu wamuka nhasi! wamuka kwazvo!<br/>Kristu wamuka nhasi! wamuka kwazvo!<br/>Ngavafare vanhu vose.<br/>Ngavaimbe pamwe chete,<br/>Farai wamuka! Farai wamuka!<br/>Hareruya! Hareruya! Hareruya! Amen. </lines>
    </verse>
    <verse name="v2">
      <lines> Kristu wamuka nhasi! wamuka kwazvo!<br/>Kristu wamuka nhasi! wamuka kwazvo!<br/>basa guru rakapera,<br/>Mharadzi yakaparadzwa,<br/>Rufu rwazokundwa, rufu rwazokundwa.<br/>Hareruya! Hareruya! Hareruya! Amen. </lines>
    </verse>
    <verse name="v3">
      <lines> Kristu wamuka nhasi! wamuka kwazvo!<br/>Kristu wamuka nhasi! wamuka kwazvo!<br/>Watakura kuipa kwedu,<br/>Tose tinowana tsitsi.<br/>Hozana kwaari! Hozana kwaari!<br/>Hareruya! Hareruya! Hareruya! Amen. </lines>
    </verse>
    <verse name="v4">
      <lines> Kristu wamuka nhasi! wamuka kwazvo!<br/>Kristu wamuka nhasi! wamuka kwazvo!<br/>Ngavaimbe vanhu vose,<br/>Ngavaimbe norufaro,<br/>Nziyo dzakanaka, nziyo dzakanaka,<br/>Hareruya! Hareruya! Hareruya! Amen </lines>
    </verse>
  </lyrics>
</song>
