<?xml version='1.0' encoding='UTF-8'?>
<song xmlns="http://openlyrics.info/namespace/2009/song" version="0.8" createdIn="OpenLP 2.4.6" modifiedIn="OpenLP 2.4.6" modifiedDate="2022-11-26T23:17:43">
  <properties>
    <titles>
      <title>Methodist Shona Hymn 61</title>
      <title>Hymn 61Kristu Tenzi wakamuka</title>
    </titles>
    <authors>
      <author>Methodist Hymns</author>
    </authors>
  </properties>
  <lyrics>
    <verse name="v1">
      <lines> Kristu Tenzi wakamuka,<br/>Hareruya,<br/>Ingirozi dzinoimba,<br/>Hareruya<br/>Vanhu vapindurawo,<br/>Hareruya,<br/>Imbai denga, nenyika,<br/>Hareruya. </lines>
    </verse>
    <verse name="v2">
      <lines> Wakapedza basa rake,<br/>Warwa hondo, akakunda,<br/>Watikundira rufu,<br/>Wabuda muguva rake. </lines>
    </verse>
    <verse name="v3">
      <lines> Mambo wedu mupenyuzve,<br/>Kufa hakuchine simba,<br/>Wafa kutiponisa,<br/>Guva harichakurira. </lines>
    </verse>
    <verse name="v4">
      <lines> Tinotapatira naye<br/>Kutevera Mambo wedu,<br/>Izvi zvose ndezvedu,<br/>Muchinjikwa, guva, denga. </lines>
    </verse>
    <verse name="v5">
      <lines> Mambo wokubwinya kose!<br/>Upenyu husingapere<br/>Kukuzivai imi<br/>Namasimba orumuko. </lines>
    </verse>
  </lyrics>
</song>
