<?xml version='1.0' encoding='UTF-8'?>
<song xmlns="http://openlyrics.info/namespace/2009/song" version="0.8" createdIn="OpenLP 2.4.6" modifiedIn="OpenLP 2.4.6" modifiedDate="2022-11-26T23:17:43">
  <properties>
    <titles>
      <title>Methodist Shona Hymn 50</title>
      <title>Hymn 50Chiriko chikomo kure</title>
    </titles>
    <authors>
      <author>Methodist Hymns</author>
    </authors>
  </properties>
  <lyrics>
    <verse name="v1">
      <lines> Chiriko chikomo kure<br/>Kunze kwoyo musha,<br/>Paakaroverwa Ishe,<br/>Paakatifira. </lines>
    </verse>
    <verse name="v2">
      <lines> Hatizive isu vanhu<br/>Kurwadza kwakadii;<br/>Wakarembedzwa pamuti<br/>Nokutadza kwedu. </lines>
    </verse>
    <verse name="v3">
      <lines> Zvino takaregererwa<br/>Nako kufa kwake,<br/>Kuti tiende kudenga,<br/>Taponiswa naye. </lines>
    </verse>
    <verse name="v4">
      <lines> Pakanga pasina mumwe<br/>Wokutinunura;<br/>Ndiye wakava nesimba<br/>Kutipinza denga. </lines>
    </verse>
    <verse name="v5">
      <lines> Jesu wakatida isu,<br/>Ngatimudisewo,<br/>Tivimbe neropa rake,<br/>Tichimushandira. </lines>
    </verse>
  </lyrics>
</song>
