<?xml version='1.0' encoding='UTF-8'?>
<song xmlns="http://openlyrics.info/namespace/2009/song" version="0.8" createdIn="OpenLP 2.4.6" modifiedIn="OpenLP 2.4.6" modifiedDate="2022-11-26T23:17:44">
  <properties>
    <titles>
      <title>Methodist Shona Hymn 144</title>
      <title>Hymn 144Ichokwadi, Jesu ndowangu</title>
    </titles>
    <authors>
      <author>Methodist Hymns</author>
    </authors>
  </properties>
  <lyrics>
    <verse name="v1">
      <lines> Ichokwadi, Jesu ndowangu,<br/>Ndizvo zvandinogonda nazvo,<br/>Ndova mudyi wenhaka yaShe,<br/>Ndasukwa neRopa noMweya. </lines>
    </verse>
    <verse name="v2">
      <lines> Heyi nyaya nechimbo changu<br/>Kutunha Muponisi wangu. </lines>
    </verse>
    <verse name="v3">
      <lines> Kuzvipira kwangu kwaari,<br/>Ndabva ndaona faro rutsva,<br/>Naidzo nhume dzokudenga.<br/>Dzouya nenyaya dzetsitsi. </lines>
    </verse>
    <verse name="v4">
      <lines> Kuzvipira kwangu kwaari,<br/>Ini maari ndoshangara,<br/>Ndakataririra kudenga,<br/>Ndozadzwa nenduramo dzake. </lines>
    </verse>
  </lyrics>
</song>
