<?xml version='1.0' encoding='UTF-8'?>
<song xmlns="http://openlyrics.info/namespace/2009/song" version="0.8" createdIn="OpenLP 2.4.6" modifiedIn="OpenLP 2.4.6" modifiedDate="2022-11-26T23:17:44">
  <properties>
    <titles>
      <title>Methodist Shona Hymn 129</title>
      <title>Hymn 129Mwoyo wangu uchimutsva</title>
    </titles>
    <authors>
      <author>Methodist Hymns</author>
    </authors>
  </properties>
  <lyrics>
    <verse name="v1">
      <lines> Mwoyo wangu uchimutsva<br/>Ndoupira kwamuri,<br/>Namasimba angu ose<br/>Achashandiswa nemi. </lines>
    </verse>
    <verse name="v2">
      <lines> Ndigamchirei She Jesu,<br/>Mwoyo wangu ndowenyu,<br/>Ngandive muranda wenyu<br/>Mundizadze norudo. </lines>
    </verse>
    <verse name="v3">
      <lines> Nditumei kwamunoda<br/>Munditungamirire,<br/>Ngoni dzenyu dzindichenge<br/>Ndishande nokufara. </lines>
    </verse>
    <verse name="v4">
      <lines> Ngandiite kuda kwenyu<br/>Ndinoda kwenyu chete;<br/>Paupenyu napakufa<br/>Ndozvipira kwamuri. </lines>
    </verse>
    <verse name="v5">
      <lines> Ndava wenyu chose Ishe<br/>Ndasarudzirwa basa;<br/>Ndirege kubva kwamuri<br/>Chigarai mandiri. </lines>
    </verse>
  </lyrics>
</song>
