<?xml version='1.0' encoding='UTF-8'?>
<song xmlns="http://openlyrics.info/namespace/2009/song" version="0.8" createdIn="OpenLP 2.4.6" modifiedIn="OpenLP 2.4.6" modifiedDate="2022-11-26T23:17:45">
  <properties>
    <titles>
      <title>Methodist Shona Hymn 219</title>
      <title>Hymn 219zvose zvinhu tinopa zvedu</title>
    </titles>
    <authors>
      <author>Methodist Hymns</author>
    </authors>
  </properties>
  <lyrics>
    <verse name="v1">
      <lines> zvose zvinhu tinopa zvedu<br/>Kuna Jehovha;<br/>Chiripo chimwe chatisina<br/>Kupa Jehovha </lines>
    </verse>
    <verse name="v2">
      <lines> Kunzi mwoyo yedu yose<br/>Tipire kuna Ishe;<br/>Usipo mwoyo hazvikwane<br/>Kuna Jehovha. </lines>
    </verse>
    <verse name="v3">
      <lines> Mwoyo wako ngaude Ishe<br/>Mwari Jehovha<br/>Iye wakaisvoda isu<br/>Tisingazive. </lines>
    </verse>
    <verse name="v4">
      <lines> Hama dzose dzinoda rudo<br/>Rwatakapiwa<br/>Pfuudza kunavo vasina<br/>Mweya wokupa. </lines>
    </verse>
  </lyrics>
</song>
