<?xml version='1.0' encoding='UTF-8'?>
<song xmlns="http://openlyrics.info/namespace/2009/song" version="0.8" createdIn="OpenLP 2.4.6" modifiedIn="OpenLP 2.4.6" modifiedDate="2022-11-26T23:17:45">
  <properties>
    <titles>
      <title>Methodist Shona Hymn 171</title>
      <title>Hymn 171Kunamata kuna Mwari</title>
    </titles>
    <authors>
      <author>Methodist Hymns</author>
    </authors>
  </properties>
  <lyrics>
    <verse name="v1">
      <lines> Kunamata kuna Mwari<br/>Hakusi komromo chete;<br/>Nokunanga ko kudenga<br/>Hakusi kureva chete. </lines>
    </verse>
    <verse name="v2">
      <lines> Kugara nokwenduramo,<br/>Kuchengetanwe netsitsi,<br/>Kutaurwe zvirokwazvo,<br/>Kugara kuno utsvene. </lines>
    </verse>
    <verse name="v3">
      <lines> Kubva pane chakaipa,<br/>Nomwoyo wakasimbisa,<br/>Kutarisa kuna Ishe<br/>Nokutya nokurumbidza. </lines>
    </verse>
  </lyrics>
</song>
