<?xml version='1.0' encoding='UTF-8'?>
<song xmlns="http://openlyrics.info/namespace/2009/song" version="0.8" createdIn="OpenLP 2.4.6" modifiedIn="OpenLP 2.4.6" modifiedDate="2022-11-26T23:17:43">
  <properties>
    <titles>
      <title>Methodist Shona Hymn 72</title>
      <title>Hymn 72Ari mpenyu Muponisi</title>
    </titles>
    <authors>
      <author>Methodist Hymns</author>
    </authors>
  </properties>
  <lyrics>
    <verse name="v1">
      <lines> Ari mpenyu Muponisi<br/>Ari mpenyu iye:<br/>Tafariswa isu vanhu<br/>Ari mpenyu iye. </lines>
    </verse>
    <verse name="v2">
      <lines> Wanga afa Muponisi<br/>Wanga afa iye;<br/>Wabairwa isu vanhu,<br/>Wabaiwa iye. </lines>
    </verse>
    <verse name="v3">
      <lines> Wakakwira pakudenga<br/>Wakakwira iye;<br/>Anoteurira isu<br/>Woteura iye. </lines>
    </verse>
    <verse name="v4">
      <lines> Anotonga Muponisi<br/>Kutongera isu;<br/>NdiMambo wamadzimambo<br/>NdiShe wamadzishe. </lines>
    </verse>
  </lyrics>
</song>
