<?xml version='1.0' encoding='UTF-8'?>
<song xmlns="http://openlyrics.info/namespace/2009/song" version="0.8" createdIn="OpenLP 2.4.6" modifiedIn="OpenLP 2.4.6" modifiedDate="2022-11-26T23:17:46">
  <properties>
    <titles>
      <title>Methodist Shona Hymn 251</title>
      <title>Hymn 251Simukirai Jesu</title>
    </titles>
    <authors>
      <author>Methodist Hymns</author>
    </authors>
  </properties>
  <lyrics>
    <verse name="v1">
      <lines> Simukirai Jesu.<br/>Imi varwi vake;<br/>Simudzai mchinjikwa,<br/>Tirege kukundwa;<br/>Kukunda nokukunda<br/>Tichatungamirwa,<br/>Nemhandu dzichakundwa,<br/>Jesu ndiShe kwazvo. </lines>
    </verse>
    <verse name="v2">
      <lines> Simukirai Jesu,<br/>Anotidaidza;<br/>Tiende kunorwisa<br/>Simba rokuipa;<br/>Ngatishandire iye<br/>Nyange pavavengi;<br/>Tive mbirimi dzake<br/>Tigozvidza ngozi. </lines>
    </verse>
    <verse name="v3">
      <lines> Simukirai Jesu;<br/>Vimba naye ega;<br/>Iro simba renyama<br/>Rinokundikana;<br/>Shonga nhumbi dzokurwa<br/>Rinda unamate;<br/>Pabasa zvimwe njodzi<br/>Tisashaikwepo. </lines>
    </verse>
    <verse name="v4">
      <lines> Simukirai Jesu,<br/>Kurwa kozopera;<br/>Nhasi bishi rehondo,<br/>Mangwana toimba;<br/>Kuwana anokunda<br/>Anopiwa ngundu,<br/>Achagara naMambo<br/>Nokusingapere. </lines>
    </verse>
  </lyrics>
</song>
