<?xml version='1.0' encoding='UTF-8'?>
<song xmlns="http://openlyrics.info/namespace/2009/song" version="0.8" createdIn="OpenLP 2.4.6" modifiedIn="OpenLP 2.4.6" modifiedDate="2022-11-26T23:17:43">
  <properties>
    <titles>
      <title>Methodist Shona Hymn 43</title>
      <title>Hymn 43Tinouya madzimambo</title>
    </titles>
    <authors>
      <author>Methodist Hymns</author>
    </authors>
  </properties>
  <lyrics>
    <verse name="v1">
      <lines> Tinouya madzimambo,<br/>Touya nezvipo zvedu;<br/>Tabva kumasowi, tichitevera nyenyedzi. </lines>
    </verse>
    <verse name="v2">
      <lines> O! Nyenyedzi yousiku<br/>Inopenyera Mambo;<br/>Titungamire tione mwenje wakanakisa. </lines>
    </verse>
    <verse name="v3">
      <lines> Wakazvarwa Mambo wedu,<br/>Ndinomupa ngundu yake;<br/>Mambo wedu nguva dzose anozotitonga. </lines>
    </verse>
    <verse name="v4">
      <lines> Ndinopa zvinonhuhwira<br/>Chiratidzo choumambo<br/>Vanhu vose murumbidze Ishe wokudenga. </lines>
    </verse>
    <verse name="v5">
      <lines> Mura yangu inoreva<br/>Noupenyu hwokusuwa;<br/>Kurwadza, nyatwa, kufa nokuvigwa muguva. </lines>
    </verse>
    <verse name="v6">
      <lines> Honaika, wakamuka,<br/>Mambo, Mwari, Muponisi,<br/>Rumbidzai vanhu vose, pamwe nengirozi. </lines>
    </verse>
  </lyrics>
</song>
