<?xml version='1.0' encoding='UTF-8'?>
<song xmlns="http://openlyrics.info/namespace/2009/song" version="0.8" createdIn="OpenLP 2.4.6" modifiedIn="OpenLP 2.4.6" modifiedDate="2022-11-26T23:17:45">
  <properties>
    <titles>
      <title>Methodist Shona Hymn 167</title>
      <title>Hymn 167Ndicharumbidza Mwari</title>
    </titles>
    <authors>
      <author>Methodist Hymns</author>
    </authors>
  </properties>
  <lyrics>
    <verse name="v1">
      <lines> Ndicharumbidza Mwari<br/>Mazuva ose angu;<br/>Vanyoro vachazvinzwa,<br/>Vachagofarisisa. </lines>
    </verse>
    <verse name="v2">
      <lines> Kudzai Mwari neni,<br/>Kudzai zita rake;<br/>zvandakatsvaka Mwari<br/>Akazondipindura. </lines>
    </verse>
    <verse name="v3">
      <lines> Akandisunungura<br/>Pakutya kwangu kwose,<br/>Vatumwa vaJehovha<br/>Vanondikomberedza. </lines>
    </verse>
    <verse name="v4">
      <lines> Ravirai, muone<br/>Jehovha wakanaka;<br/>Anovakomborera.<br/>Vanovimba kwaari. </lines>
    </verse>
    <verse name="v5">
      <lines> Imi vatsvene vake,<br/>Ityai Mwari chete,<br/>Nokuti vanomutya<br/>Havana kumwe kutya. </lines>
    </verse>
    <verse name="v6">
      <lines> Kudzai Mwari mose<br/>Munoshandira iye;<br/>Vanovimba kwaari<br/>Vachazofarisisa. </lines>
    </verse>
    <verse name="v7">
      <lines> Tarisazve nziyo idzi: 152, 191, 254 </lines>
    </verse>
  </lyrics>
</song>
