<?xml version='1.0' encoding='UTF-8'?>
<song xmlns="http://openlyrics.info/namespace/2009/song" version="0.8" createdIn="OpenLP 2.4.6" modifiedIn="OpenLP 2.4.6" modifiedDate="2022-11-26T23:17:43">
  <properties>
    <titles>
      <title>Methodist Shona Hymn 57</title>
      <title>Hymn 57Pasi poMuchinjikwa</title>
    </titles>
    <authors>
      <author>Methodist Hymns</author>
    </authors>
  </properties>
  <lyrics>
    <verse name="v1">
      <lines> Pasi poMuchinjikwa<br/>Ndinoda kugara,<br/>Ndichawana mumvuripo<br/>Pakuneta kwangu;<br/>Unozondipa zororo<br/>Pane nzira yangu,<br/>Wondidzivirira zuva<br/>Ndisapiswe naro. </lines>
    </verse>
    <verse name="v2">
      <lines> Apo paMuchinjikwa<br/>Ndinoona Jesu<br/>wakandirovererwapo<br/>wakafira ini.<br/>Ndinoona zvishamiso<br/>zvikuru zviviri;<br/>Rudo rwake rwakakomba<br/>Nokuipa kwangu. </lines>
    </verse>
    <verse name="v3">
      <lines> Pedyo noMuchinjikwa<br/>Ndozogara apo,<br/>Pauso hwake Jesu<br/>Ndichafara kwazvo;<br/>Handine hanya nepfuma<br/>Kana nokushaya,<br/>Ndanyadzwa nezvivi zvangu<br/>Ndodada noMchinjikwa. </lines>
    </verse>
  </lyrics>
</song>
