<?xml version='1.0' encoding='UTF-8'?>
<song xmlns="http://openlyrics.info/namespace/2009/song" version="0.8" createdIn="OpenLP 2.4.6" modifiedIn="OpenLP 2.4.6" modifiedDate="2022-11-26T23:17:45">
  <properties>
    <titles>
      <title>Methodist Shona Hymn 206</title>
      <title>Hymn 206Pamsoro pakudenga</title>
    </titles>
    <authors>
      <author>Methodist Hymns</author>
    </authors>
  </properties>
  <lyrics>
    <verse name="v1">
      <lines> Pamsoro pakudenga,<br/>Ndavakanaka vega;<br/>Pamsoro pakudenga<br/>Kuna vatsvene vega. </lines>
    </verse>
    <verse name="v2">
      <lines> Anoda kuendako,<br/>Ngaazviteurire<br/>Kuti agadzirirwe<br/>Naye Mweya Mutsvene. </lines>
    </verse>
    <verse name="v3">
      <lines> Jesu wakatifira<br/>Kupedza mhosva yedu;<br/>Dakara itsveniswe<br/>Naiyo mweya yedu. </lines>
    </verse>
    <verse name="v4">
      <lines> Kuti kana tavingwa<br/>Norufu pano pasi,<br/>Tirege kuzorambwa<br/>Kuenda pakudenga. </lines>
    </verse>
    <verse name="v5">
      <lines> Tarisazve nziyo idzi: 293 </lines>
    </verse>
  </lyrics>
</song>
