<?xml version='1.0' encoding='UTF-8'?>
<song xmlns="http://openlyrics.info/namespace/2009/song" version="0.8" createdIn="OpenLP 2.4.6" modifiedIn="OpenLP 2.4.6" modifiedDate="2022-11-26T23:17:46">
  <properties>
    <titles>
      <title>Methodist Shona Hymn 282</title>
      <title>Hymn 282Kamwenje kangu aka</title>
    </titles>
    <authors>
      <author>Methodist Hymns</author>
    </authors>
  </properties>
  <lyrics>
    <verse name="v1">
      <lines> Kamwenje kangu aka<br/>Ndoda kabvire,<br/>Kamwenje kangu aka<br/>Ndoda kabvire.<br/>Kabvire, kabvire, kabvire. </lines>
    </verse>
    <verse name="v2">
      <lines> Kasavande mumbiya<br/>Ndoda kabvire. </lines>
    </verse>
    <verse name="v3">
      <lines> Handidi kukadzima,<br/>Ndoda kabvire. </lines>
    </verse>
    <verse name="v4">
      <lines> Kabvire She asvike,<br/>Ndoda kabvire. </lines>
    </verse>
  </lyrics>
</song>
