<?xml version='1.0' encoding='UTF-8'?>
<song xmlns="http://openlyrics.info/namespace/2009/song" version="0.8" createdIn="OpenLP 2.4.6" modifiedIn="OpenLP 2.4.6" modifiedDate="2022-11-26T23:17:43">
  <properties>
    <titles>
      <title>Methodist Shona Hymn 40</title>
      <title>Hymn 40MaKristu ngatirumbidzei</title>
    </titles>
    <authors>
      <author>Methodist Hymns</author>
    </authors>
  </properties>
  <lyrics>
    <verse name="v1">
      <lines> MaKristu ngatirumbidzei<br/>Nemwoyo namazwi edu,<br/>Tererai kwatiri,<br/>A! A!<br/>Jesu Kristu wazvarwa,<br/>Mombe dzinomukudza<br/>Arere mudanga zvino;<br/>Kristu wazvarwa,<br/>Kristu wazvarwa. </lines>
    </verse>
    <verse name="v2">
      <lines> MaKristu ngatirumbidzei<br/>Nemwoyo namazwi edu,<br/>Rufaro harugume,<br/>A! A!<br/>Jesu Kristu wazvarwa,<br/>Tazarurirwa denga,<br/>Takomborerwa zvikuru;<br/>Kristu wazvarwa,<br/>Kristu wazvarwa. </lines>
    </verse>
    <verse name="v3">
      <lines> MaKristu ngatirumbidzei<br/>Nemwoyo namazwi edu,<br/>Hatichazotya kufa,<br/>A! A!<br/>Jesu Kristu wazvarwa,<br/>Anokudaidzai<br/>Kuti mupinde kwaari;<br/>Kristu wazvarwa,<br/>Kristu wazvarwa </lines>
    </verse>
  </lyrics>
</song>
