<?xml version='1.0' encoding='UTF-8'?>
<song xmlns="http://openlyrics.info/namespace/2009/song" version="0.8" createdIn="OpenLP 2.4.6" modifiedIn="OpenLP 2.4.6" modifiedDate="2022-11-26T23:17:44">
  <properties>
    <titles>
      <title>Methodist Shona Hymn 160</title>
      <title>Hymn 160Dombo rakarekare</title>
    </titles>
    <authors>
      <author>Methodist Hymns</author>
    </authors>
  </properties>
  <lyrics>
    <verse name="v1">
      <lines> Dombo rakarekare,<br/>Matwemurirwa ini,<br/>Ngandivande mamuri,<br/>Ndiponiswe paviri<br/>Pasimba rokuipa,<br/>Nembhosva yandibata. </lines>
    </verse>
    <verse name="v2">
      <lines> Basa randinoita<br/>Haringakufadzisei,<br/>Nyange kutsungirira<br/>Nokuchemera zvivi;<br/>Handiponiswe nazvo,<br/>Ndimi moga M'ponisi. </lines>
    </verse>
    <verse name="v3">
      <lines> Handine chimwe changu<br/>Ndobata muchinjikwa;<br/>Mutwi, mundisimidze,<br/>Rombe mundiyamure,<br/>Ndine tsvina M'ponisi.<br/>Mundishambidze chose </lines>
    </verse>
    <verse name="v4">
      <lines> Kana ndigere pano,<br/>Kana rufu rwasvika<br/>Ndoyambukira mhiri,<br/>Ndoiswa pakutongwa,<br/>Jesu, Dombo rakare,<br/>Ndicha vanda mamuri. </lines>
    </verse>
  </lyrics>
</song>
