<?xml version='1.0' encoding='UTF-8'?>
<song xmlns="http://openlyrics.info/namespace/2009/song" version="0.8" createdIn="OpenLP 2.4.6" modifiedIn="OpenLP 2.4.6" modifiedDate="2022-11-26T23:17:46">
  <properties>
    <titles>
      <title>Methodist Shona Hymn 288</title>
      <title>Hymn 288Ishe! Ikoku kusvitswa</title>
    </titles>
    <authors>
      <author>Methodist Hymns</author>
    </authors>
  </properties>
  <lyrics>
    <verse name="v1">
      <lines> Ishe! Ikoku kusvitswa<br/>Kwavaranda venyu;<br/>Ngavakomborerwe nemi<br/>Nokuvapo kwenyu. </lines>
    </verse>
    <verse name="v2">
      <lines> Ngavasanganiswe nemi<br/>Vafadziswe nemi,<br/>Vaite mumwe kwamuri<br/>Vanzwe rudo rwenyu. </lines>
    </verse>
    <verse name="v3">
      <lines> Hatikumbire rufaro<br/>Rusina maturo,<br/>Rukomborero rwababa<br/>Tovakumbirira. </lines>
    </verse>
    <verse name="v4">
      <lines> Mune dzose nzira dzavo<br/>Ngavabvume imi;<br/>Pakufamba kose kwavo<br/>Kugadzirwe nemi. </lines>
    </verse>
  </lyrics>
</song>
