<?xml version='1.0' encoding='UTF-8'?>
<song xmlns="http://openlyrics.info/namespace/2009/song" version="0.8" createdIn="OpenLP 2.4.6" modifiedIn="OpenLP 2.4.6" modifiedDate="2022-11-26T23:17:45">
  <properties>
    <titles>
      <title>Methodist Shona Hymn 225</title>
      <title>Hymn 225Tinobvisa zvipo</title>
    </titles>
    <authors>
      <author>Methodist Hymns</author>
    </authors>
  </properties>
  <lyrics>
    <verse name="v1">
      <lines> Tinobvisa zvipo<br/>Kupa baba wedu,<br/>Kuti zvishandiswe<br/>Kuparidza shoko. </lines>
    </verse>
  </lyrics>
</song>
