<?xml version='1.0' encoding='UTF-8'?>
<song xmlns="http://openlyrics.info/namespace/2009/song" version="0.8" createdIn="OpenLP 2.4.6" modifiedIn="OpenLP 2.4.6" modifiedDate="2022-11-26T23:17:45">
  <properties>
    <titles>
      <title>Methodist Shona Hymn 168</title>
      <title>Hymn 168Gadzira miteuro</title>
    </titles>
    <authors>
      <author>Methodist Hymns</author>
    </authors>
  </properties>
  <lyrics>
    <verse name="v1">
      <lines> Gadzira miteuro<br/>Jesu anoda kunzwa<br/>Iye wakaratidza<br/>Haarambi kukunzwa. </lines>
    </verse>
    <verse name="v2">
      <lines> Unouya kwaMambo<br/>Uya nemikumbiro,<br/>Ane ngoni nesimba<br/>Kumbira unopiwa. </lines>
    </verse>
    <verse name="v3">
      <lines> Ndotanga nomutoro;<br/>bisai zvitadzo zvangu;<br/>Shambidzai mwoyo wangu<br/>Neropa renyu, Ishe. </lines>
    </verse>
    <verse name="v4">
      <lines> Ndotsvaka kuzorora,<br/>Garai mumwoyo wangu;<br/>Imi Mufiri wangu,<br/>Ndive temberi yenyu. </lines>
    </verse>
    <verse name="v5">
      <lines> zvandichiri mufambi<br/>Ndifarisei norudo;<br/>Muve mutungamiri,<br/>Muvewo nhowo yangu. </lines>
    </verse>
  </lyrics>
</song>
