<?xml version='1.0' encoding='UTF-8'?>
<song xmlns="http://openlyrics.info/namespace/2009/song" version="0.8" createdIn="OpenLP 2.4.6" modifiedIn="OpenLP 2.4.6" modifiedDate="2022-11-26T23:17:46">
  <properties>
    <titles>
      <title>Methodist Shona Hymn 235</title>
      <title>Hymn 235Amai navana</title>
    </titles>
    <authors>
      <author>Methodist Hymns</author>
    </authors>
  </properties>
  <lyrics>
    <verse name="v1">
      <lines> Amai navana<br/>Vauya kuna Jesu,<br/>Vadzidzi vavadzivira,<br/>Vachiti, Ibvai;<br/>Asi Jesu haabvume<br/>wati kuna vakukutu;<br/>Regai vaduku musavarambise. </lines>
    </verse>
    <verse name="v2">
      <lines> Ndinovagamchira,<br/>Ndinogovafungata,<br/>Ndichava Mufudzi wavo,<br/>Musavarambise;<br/>Ndinoda vaduku vose<br/>Vagare upenyu neni;<br/>Regai vaduku musavarambise. </lines>
    </verse>
    <verse name="v3">
      <lines> Jesu wakapfava,<br/>wakavaropafadza;<br/>Nyamba zviuru zvavana<br/>Vasati vamziva,<br/>Havana mashoko ake,<br/>Havanzwe kuti wadaro;<br/>Regai vaduku musavarambise. </lines>
    </verse>
    <verse name="v4">
      <lines> Tokuteurai<br/>Kuti marudzi ose<br/>Asiye vamwari vavo<br/>Auye kwamuri;<br/>Muvavhenekere Mwari,<br/>Muve navo noupenyu<br/>Muvadzidzise vauye kwamuri. </lines>
    </verse>
  </lyrics>
</song>
