<?xml version='1.0' encoding='UTF-8'?>
<song xmlns="http://openlyrics.info/namespace/2009/song" version="0.8" createdIn="OpenLP 2.4.6" modifiedIn="OpenLP 2.4.6" modifiedDate="2022-11-26T23:17:43">
  <properties>
    <titles>
      <title>Methodist Shona Hymn 44</title>
      <title>Hymn 44Ndiani pane zamba</title>
    </titles>
    <authors>
      <author>Methodist Hymns</author>
    </authors>
  </properties>
  <lyrics>
    <verse name="v1">
      <lines> Ndiani pane zamba<br/>Vafudzi vopfugama? </lines>
    </verse>
    <verse name="v2">
      <lines> Ndiye Jesu! zvoshamisa!<br/>Ndiye Mambo wokubwinya!<br/>Topfugama kwaari,<br/>Mutunhidze ndiMwari. </lines>
    </verse>
    <verse name="v3">
      <lines> Ndiani ane nzara<br/>Pasango ari oga? </lines>
    </verse>
    <verse name="v4">
      <lines> Ndiani wodzidzisa<br/>Dama rakanakisa? </lines>
    </verse>
    <verse name="v5">
      <lines> Ndiani anorapa<br/>Vose vanorwadziwa? </lines>
    </verse>
    <verse name="v6">
      <lines> Ndiani anochema<br/>Paguva raRazaro? </lines>
    </verse>
    <verse name="v7">
      <lines> Ndiani wokwaziswa<br/>Nedzimbo nokufara? </lines>
    </verse>
    <verse name="v8">
      <lines> Ndiani woteura<br/>Pausiku mumuda? </lines>
    </verse>
    <verse name="v9">
      <lines> Ndiani pamchinjikwa<br/>woregerera mhandu? </lines>
    </verse>
    <verse name="v10">
      <lines> Ndiani anomuka<br/>Kutinunura isu? </lines>
    </verse>
    <verse name="v11">
      <lines> Ndiani anotonga<br/>Nengoni nokubwinya? </lines>
    </verse>
  </lyrics>
</song>
