<?xml version='1.0' encoding='UTF-8'?>
<song xmlns="http://openlyrics.info/namespace/2009/song" version="0.8" createdIn="OpenLP 2.4.6" modifiedIn="OpenLP 2.4.6" modifiedDate="2022-11-26T23:17:44">
  <properties>
    <titles>
      <title>Methodist Shona Hymn 104</title>
      <title>Hymn 104Jesu wakauya pasi</title>
    </titles>
    <authors>
      <author>Methodist Hymns</author>
    </authors>
  </properties>
  <lyrics>
    <verse name="v1">
      <lines> Jesu wakauya pasi<br/>Kuponisa mweya wangu;<br/>Ndanyururwa muzvitadzo<br/>Nengoni norudo. </lines>
    </verse>
    <verse name="v2">
      <lines> Ndainyudzwa mumatope;<br/>Jesu wakandinyurura;<br/>Ndakabviswa mune rima;<br/>Ndanyururwa, ndinotenda. </lines>
    </verse>
    <verse name="v3">
      <lines> Wakandidana norudo<br/>Ini ndichiri mutadzi;<br/>zvandakazoti ndabvuma<br/>Akandinyurura. </lines>
    </verse>
    <verse name="v4">
      <lines> Wakakuvadzwa neminzwa<br/>Akaroverwa pamuti,<br/>Asi mumadzudzo angu<br/>Wakandinyurura. </lines>
    </verse>
    <verse name="v5">
      <lines> Zvino ndava wokudenga,<br/>Mweya wangu unofara;<br/>Ndinoshama, ndinofara,<br/>Wakandinyurura. </lines>
    </verse>
  </lyrics>
</song>
