<?xml version='1.0' encoding='UTF-8'?>
<song xmlns="http://openlyrics.info/namespace/2009/song" version="0.8" createdIn="OpenLP 2.4.6" modifiedIn="OpenLP 2.4.6" modifiedDate="2022-11-26T23:17:44">
  <properties>
    <titles>
      <title>Methodist Shona Hymn 132</title>
      <title>Hymn 132Makandinzvera, Jehovha</title>
    </titles>
    <authors>
      <author>Methodist Hymns</author>
    </authors>
  </properties>
  <lyrics>
    <verse name="v1">
      <lines> Makandinzvera, Jehovha<br/>Munoziva zvose zvangu,<br/>Kuzorora, kusimuka,<br/>Nokufunga kwakavanda. </lines>
    </verse>
    <verse name="v2">
      <lines> Nzira nechimiro changu<br/>Munocherekedza zvose;<br/>Shoko risati rataurwa<br/>Munotoriziva rose. </lines>
    </verse>
    <verse name="v3">
      <lines> Ruzivo runoshamisa<br/>Rwandikomberedza chose;<br/>Nyange ndotizira kure<br/>Muripo pamberi pangu. </lines>
    </verse>
    <verse name="v4">
      <lines> Rima harindifukidze<br/>Harindivanze kwamuri,<br/>Asi rima nechiedza<br/>zvakafanana kwamuri. </lines>
    </verse>
    <verse name="v5">
      <lines> zviri nhando kukutizai,<br/>Handigone kuzvivanza,<br/>Saka zvino ndozvipira,<br/>Mandikunda Mwari wangu. </lines>
    </verse>
    <verse name="v6">
      <lines> Ndinzverei mundizive,<br/>Mundiedze, mundidzore,<br/>Mundifambise munzira<br/>Yenyu nokusingapere. </lines>
    </verse>
  </lyrics>
</song>
