<?xml version='1.0' encoding='UTF-8'?>
<song xmlns="http://openlyrics.info/namespace/2009/song" version="0.8" createdIn="OpenLP 2.4.6" modifiedIn="OpenLP 2.4.6" modifiedDate="2022-11-26T23:17:44">
  <properties>
    <titles>
      <title>Methodist Shona Hymn 141</title>
      <title>Hymn 141Ndinofara kuti baba wedu</title>
    </titles>
    <authors>
      <author>Methodist Hymns</author>
    </authors>
  </properties>
  <lyrics>
    <verse name="v1">
      <lines> Ndinofara kuti baba wedu<br/>wareva rudo rwake rukuru,<br/>Murugwaro rwake rwakanaka<br/>Ndonzwa kuti Jesu anondida. </lines>
    </verse>
    <verse name="v2">
      <lines> Ndinofara Jesu wandida,<br/>Anondida, anondida;<br/>Ndinofara Jesu wandida,<br/>Ini anondida. </lines>
    </verse>
    <verse name="v3">
      <lines> Kana ini ndichimukanganwa<br/>Iye anogondiyeuchidza;<br/>zvino kwaari ndinodzokera,<br/>Ndonzwa kuti Jesu anondida. </lines>
    </verse>
    <verse name="v4">
      <lines> Jesu anondida ini kwazvo,<br/>Saka wandipa upenyu hwake ;<br/>Kutadza kwangu wakakufira;<br/>Ndonzwa kuti Jesu anondida. </lines>
    </verse>
    <verse name="v5">
      <lines> Mwoyo wangu uno Muyamuri<br/>Ndinotenda Jesu Mununuri;<br/>zvino ndinogomubatirira<br/>Nokuti ndonzwa Jesu wandida. </lines>
    </verse>
  </lyrics>
</song>
