<?xml version='1.0' encoding='UTF-8'?>
<song xmlns="http://openlyrics.info/namespace/2009/song" version="0.8" createdIn="OpenLP 2.4.6" modifiedIn="OpenLP 2.4.6" modifiedDate="2022-11-26T23:17:43">
  <properties>
    <titles>
      <title>Methodist Shona Hymn 71</title>
      <title>Hymn 71Unotii nhasi, Kufa?</title>
    </titles>
    <authors>
      <author>Methodist Hymns</author>
    </authors>
  </properties>
  <lyrics>
    <verse name="v1">
      <lines> Unotii nhasi, Kufa?<br/>Newe Gara guru?<br/>Makurirwa mose imi<br/>NaShe wokudenga. </lines>
    </verse>
    <verse name="v2">
      <lines> Jesu wakambofa kare<br/>Wakapinda guva;<br/>Asi wakazomukazve<br/>Agere kudenga. </lines>
    </verse>
    <verse name="v3">
      <lines> Muvongei, imi vanhu,<br/>Nhasi wakakwira,<br/>Anogara paupenyu<br/>wakambenge afa. </lines>
    </verse>
    <verse name="v4">
      <lines> Muvongeiwo ngirozi,<br/>Ikoko kudenga;<br/>basa wakaripedzisa<br/>Rapanyika ino. </lines>
    </verse>
    <verse name="v5">
      <lines> Wakagadzwa namasimba,<br/>Noumambo hwose;<br/>Anokudzwa negovero<br/>Rengirozi dzose. </lines>
    </verse>
    <verse name="v6">
      <lines> Kana takatendeseka<br/>Tichakwidzwa naye,<br/>Tichamurumbidza iye<br/>Pamwe nengirozi. </lines>
    </verse>
  </lyrics>
</song>
