<?xml version='1.0' encoding='UTF-8'?>
<song xmlns="http://openlyrics.info/namespace/2009/song" version="0.8" createdIn="OpenLP 2.4.6" modifiedIn="OpenLP 2.4.6" modifiedDate="2022-11-26T23:17:43">
  <properties>
    <titles>
      <title>Methodist Shona Hymn 25</title>
      <title>Hymn 25Mununuri ndinomuda</title>
    </titles>
    <authors>
      <author>Methodist Hymns</author>
    </authors>
  </properties>
  <lyrics>
    <verse name="v1">
      <lines> Mununuri ndinomuda<br/>Kuti anondiponisa,<br/>Ndinobiswa pano rufu<br/>Ndinopinzwa paupenyu. </lines>
    </verse>
    <verse name="v2">
      <lines> Mununuri ndinomuda<br/>Kuti wandiregerera;<br/>wandiparadzira ropa<br/>wakaripa mhosva yangu. </lines>
    </verse>
    <verse name="v3">
      <lines> Mununuri ndinomuda,<br/>Kuti wakandishambidza;<br/>wandibisa zvakaipa,<br/>Nezvitadzo zvangu zvose. </lines>
    </verse>
    <verse name="v4">
      <lines> Mununuri ndinomuda,<br/>Kuti wandivhenekera;<br/>wabisa upofu hwangu<br/>wandiburitsira mwenje. </lines>
    </verse>
    <verse name="v5">
      <lines> Mununuri ndinomuda<br/>Ndimuperekedzi wangu;<br/>Shoko rake ndiwo mwenje<br/>wokuchenga tsoka dzangu. </lines>
    </verse>
    <verse name="v6">
      <lines> Mununuri ndinomuda<br/>Ndiye muyamuri wangu<br/>Kana ndiri pakurwara,<br/>Ndinosimbiswa naiye. </lines>
    </verse>
    <verse name="v7">
      <lines> Mununuri ndinomuda<br/>Kuti ndiye simba rangu,<br/>Anokunda dzose hondo,<br/>Dzinonetsa mwoyo wangu. </lines>
    </verse>
    <verse name="v8">
      <lines> Mununuri ndiye Jesu,<br/>Rakakomba zita rake;<br/>Ngandikwanisiswe ini.<br/>Pano rununuro rwake. </lines>
    </verse>
  </lyrics>
</song>
