<?xml version='1.0' encoding='UTF-8'?>
<song xmlns="http://openlyrics.info/namespace/2009/song" version="0.8" createdIn="OpenLP 2.4.6" modifiedIn="OpenLP 2.4.6" modifiedDate="2022-11-26T23:17:43">
  <properties>
    <titles>
      <title>Methodist Shona Hymn 68</title>
      <title>Hymn 68Ndinobva kwamuri, ndoenda kudenga</title>
    </titles>
    <authors>
      <author>Methodist Hymns</author>
    </authors>
  </properties>
  <lyrics>
    <verse name="v1">
      <lines> Ndinobva kwamuri, ndoenda kudenga,<br/>Ndoenda kuimba yababa;<br/>Mumba yavo tsvene, imba yorufaro,<br/>Ndinokugadzirirai nzvimbo. </lines>
    </verse>
    <verse name="v2">
      <lines> Kana ndichienda, ndinozouyazve,<br/>Handikusiye muri moga;<br/>Asi ndinozokugamchirai ini,<br/>Kuti mugovapowo pandiri. </lines>
    </verse>
    <verse name="v3">
      <lines> Irizwi raMambo, izwi rorufaro,<br/>Farai,vaKristu farai!<br/>Ishe wakaenda, asi achadzoka,<br/>Apinze kudenga imi mose. </lines>
    </verse>
    <verse name="v4">
      <lines> Ipapo tinozogara pautsvene,<br/>Navazhinjizhinji chokwadi;<br/>Tinozoimbawo, tiri pamwe chete,<br/>Tichikudza Ishe wokudenga. </lines>
    </verse>
  </lyrics>
</song>
