<?xml version='1.0' encoding='UTF-8'?>
<song xmlns="http://openlyrics.info/namespace/2009/song" version="0.8" createdIn="OpenLP 2.4.6" modifiedIn="OpenLP 2.4.6" modifiedDate="2022-11-26T23:17:46">
  <properties>
    <titles>
      <title>Methodist Shona Hymn 258</title>
      <title>Hymn 258baba munotipa zvipo</title>
    </titles>
    <authors>
      <author>Methodist Hymns</author>
    </authors>
  </properties>
  <lyrics>
    <verse name="v1">
      <lines> baba munotipa zvipo<br/>zvakanaka zvakanyanya,<br/>Tipei njere namasimba<br/>zvokushandisa zvose. </lines>
    </verse>
    <verse name="v2">
      <lines> Tipei rugare pabasa,<br/>Tizvibate pakufara;<br/>Tishandise nhengo dzedu<br/>Sokuda kwenyu, Mwari. </lines>
    </verse>
    <verse name="v3">
      <lines> bisai zvinonyadza zvose<br/>Murudzi rwedu namamwe;<br/>Mundikundire zviyedzo,<br/>Simba razvo ripere. </lines>
    </verse>
    <verse name="v4">
      <lines> Ivai nesu tisimbiswe<br/>Pakushingirira kwedu,<br/>Tigokunda mhandu dzose,<br/>Tisanete pakurwa. </lines>
    </verse>
    <verse name="v5">
      <lines> Tenzi wedu nguva dzose<br/>Mutitungamire mberi;<br/>Kuti nyika iponiswe<br/>Tipei simba nenjere. </lines>
    </verse>
    <verse name="v6">
      <lines> baba ndimi matitsvaka,<br/>Rudo rwenyu rwatibata,<br/>Mweya wenyu watikomba;<br/>Tinzwei Mwari wedenga. </lines>
    </verse>
    <verse name="v7">
      <lines> C oPYRIGHT : bY PERMISSIoN oxFoRD U NIVERSITY P RESS . </lines>
    </verse>
  </lyrics>
</song>
