<?xml version='1.0' encoding='UTF-8'?>
<song xmlns="http://openlyrics.info/namespace/2009/song" version="0.8" createdIn="OpenLP 2.4.6" modifiedIn="OpenLP 2.4.6" modifiedDate="2022-11-26T23:17:45">
  <properties>
    <titles>
      <title>Methodist Shona Hymn 195</title>
      <title>Hymn 195Kwasara makore</title>
    </titles>
    <authors>
      <author>Methodist Hymns</author>
    </authors>
  </properties>
  <lyrics>
    <verse name="v1">
      <lines> Kwasara makore,<br/>Nenguva shomana<br/>Tinoenda kuva navo<br/>Vari kuzorora. </lines>
    </verse>
    <verse name="v2">
      <lines> Mweya wangu Ishe,<br/>Ngaururamiswe;<br/>Ndigoshambidzwa muropa,<br/>Ndibviswe kuipa. </lines>
    </verse>
    <verse name="v3">
      <lines> Kwasara mazuva<br/>Atinawo isu;<br/>Shure kwezvo tichaenda<br/>Kuno Mutongisi. </lines>
    </verse>
    <verse name="v4">
      <lines> Kwasara nenhamu,<br/>Dzatinogoona;<br/>Tinenda pasina nhamu,<br/>Nyika yakanaka. </lines>
    </verse>
    <verse name="v5">
      <lines> Kwasara misodzi,<br/>Nezvo zvinorema;<br/>Tichaonana nababa,<br/>Pasina kuchema. </lines>
    </verse>
    <verse name="v6">
      <lines> Kwasara masvondo,<br/>Mazuva matsvene;<br/>Tichamunamata Mwari<br/>Kune denga rake. </lines>
    </verse>
    <verse name="v7">
      <lines> Kwasara chinguva,<br/>Achauya Jesu,<br/>wakambotifira kuti<br/>Tive noumambo. </lines>
    </verse>
  </lyrics>
</song>
