<?xml version='1.0' encoding='UTF-8'?>
<song xmlns="http://openlyrics.info/namespace/2009/song" version="0.8" createdIn="OpenLP 2.4.6" modifiedIn="OpenLP 2.4.6" modifiedDate="2022-11-26T23:17:43">
  <properties>
    <titles>
      <title>Methodist Shona Hymn 66</title>
      <title>Hymn 66Nomusi weSvondo</title>
    </titles>
    <authors>
      <author>Methodist Hymns</author>
    </authors>
  </properties>
  <lyrics>
    <verse name="v1">
      <lines> Nomusi weSvondo<br/>Ishe wakamuka<br/>Jesu wabuda muguva<br/>Ishe wokudenga. </lines>
    </verse>
    <verse name="v2">
      <lines> Kwakakundwa kufa,<br/>Ratorerwa guva,<br/>Wakamuka Muponisi;<br/>Shumai mashoko. </lines>
    </verse>
    <verse name="v3">
      <lines> Farai vatendi<br/>Imbai ngirozi<br/>Wakakoniswa Satani,<br/>NaShe asingafe. </lines>
    </verse>
    <verse name="v4">
      <lines> Onai vatsvene!<br/>Iro guva raShe<br/>Rasara rega, wamuka<br/>Wakaenda Ishe. </lines>
    </verse>
  </lyrics>
</song>
