<?xml version='1.0' encoding='UTF-8'?>
<song xmlns="http://openlyrics.info/namespace/2009/song" version="0.8" createdIn="OpenLP 2.4.6" modifiedIn="OpenLP 2.4.6" modifiedDate="2022-11-26T23:17:43">
  <properties>
    <titles>
      <title>Methodist Shona Hymn 31</title>
      <title>Hymn 31Rumbidzai vanhu mose</title>
    </titles>
    <authors>
      <author>Methodist Hymns</author>
    </authors>
  </properties>
  <lyrics>
    <verse name="v1">
      <lines> Rumbidzai vanhu mose!<br/>zvirumbidze, zvinhu zvose!<br/>Nhasi musi wokukudza.<br/>Nhasi musi worufaro. </lines>
    </verse>
    <verse name="v2">
      <lines> Mununuri watozvarwa,<br/>Ngoni dzake dzaratidzwa,<br/>Nhasi nguva yakodzera<br/>Izuva roruponiso. </lines>
    </verse>
    <verse name="v3">
      <lines> Haana kuya nehasha<br/>wakativinga netsitsi,<br/>wakauya kutifira,<br/>Fambisai idzi nhau. </lines>
    </verse>
    <verse name="v4">
      <lines> Jesu anoti kwatiri:<br/>Dzidzisai ndudzi dzose,<br/>Dziuye dzose kwandiri,<br/>Ndinemi mazuva ose. </lines>
    </verse>
  </lyrics>
</song>
