<?xml version='1.0' encoding='UTF-8'?>
<song xmlns="http://openlyrics.info/namespace/2009/song" version="0.8" createdIn="OpenLP 2.4.6" modifiedIn="OpenLP 2.4.6" modifiedDate="2022-11-26T23:17:46">
  <properties>
    <titles>
      <title>Methodist Shona Hymn 246</title>
      <title>Hymn 246Ko, handingaite kuda kwaShe</title>
    </titles>
    <authors>
      <author>Methodist Hymns</author>
    </authors>
  </properties>
  <lyrics>
    <verse name="v1">
      <lines> Ko, handingaite kuda kwaShe<br/>Nenzira yokutya vanhu?<br/>Kana ndingapupure neidi<br/>Nokureva nokuita? </lines>
    </verse>
    <verse name="v2">
      <lines> Jesu, munoziva pfungwa dzangu;<br/>Ko, ndiri kutsvaka here<br/>Kukudza nokunaka kwenyika<br/>Kana kukudza kwamuri? </lines>
    </verse>
    <verse name="v3">
      <lines> Rudo rwaShe rwandimanikidza<br/>Kuti ndigotsungirira<br/>Kutsvaka avo vanorasika,<br/>Kuvaponisa murufu. </lines>
    </verse>
    <verse name="v4">
      <lines> Ndinokupai upenyu hwangu<br/>Kuti hushandiswe nemi;<br/>Kuda kwenyu, Ishe ngakuitwe,<br/>zita renyu ngarikudzwe. </lines>
    </verse>
    <verse name="v5">
      <lines> Ndipei rusimbaradzo rwenyu;<br/>Kunyange ngozi dziripo,<br/>Ndinozopupura nechokwadi<br/>Muchindipa mweya wenyu. </lines>
    </verse>
  </lyrics>
</song>
