<?xml version='1.0' encoding='UTF-8'?>
<song xmlns="http://openlyrics.info/namespace/2009/song" version="0.8" createdIn="OpenLP 2.4.6" modifiedIn="OpenLP 2.4.6" modifiedDate="2022-11-26T23:17:43">
  <properties>
    <titles>
      <title>Methodist Shona Hymn 32</title>
      <title>Hymn 32Mukai, maKristu, mufare nhasi</title>
    </titles>
    <authors>
      <author>Methodist Hymns</author>
    </authors>
  </properties>
  <lyrics>
    <verse name="v1">
      <lines> Mukai, maKristu, mufare nhasi,<br/>Muponisi wavanhu wazvarwa;<br/>Kudzai rudo rwake rwakakomba<br/>Rwakaimbwa nengirozi zhinji;<br/>Ndidzo dzakaparidza mashoko<br/>Kuti Mwari wakazova nyama. </lines>
    </verse>
    <verse name="v2">
      <lines> Vafudzi vakatanga kuudzwa<br/>Vakainzwa ngirozi ichiti:<br/>Ndauya neshoko rakakomba<br/>Kwamuri navose vapanyika;<br/>Shoko raMwari razadzisika<br/>Nhasi wazvarwa Kristu Mponisi. </lines>
    </verse>
    <verse name="v3">
      <lines> Ngirozi yapedza; pakarepo<br/>Dzimwe dzakaimba rwiyo rutsva<br/>Dzakarumbidza rudo rwaMwari.<br/>Denga rakatinhira nenziyo,<br/>Dzichimutenda netsitsi dzake<br/>Norugare kuvanhu venyika. </lines>
    </verse>
    <verse name="v4">
      <lines> Vafudzi vakagomhanya kwazvo<br/>Kundoona zvavakaitirwa;<br/>Vakadzokera kuhwai dzavo<br/>Vachikurumbidza Mwari wavo;<br/>Vakaparidza zvavakaona,<br/>Vanyai vokutanga vaKristu. </lines>
    </verse>
    <verse name="v5">
      <lines> Ngatirangarire tichifunga<br/>Urwu rudo rukuru rwaMwari;<br/>Titarise kuMwana Mutsvene,<br/>zvaakananga kumuchinjikwa;<br/>Nengoni dzake timutevere<br/>Tidakare tisvike kudenga. </lines>
    </verse>
    <verse name="v6">
      <lines> Kana tasangana nengirozi<br/>Taponiswa tichafara kwazvo,<br/>Iye wazvarwa nomusi uno<br/>Timuone nokubwinya kwake;<br/>Takaponiswa norudo rwake<br/>Tichamukudza Mambo wedenga. </lines>
    </verse>
  </lyrics>
</song>
