<?xml version='1.0' encoding='UTF-8'?>
<song xmlns="http://openlyrics.info/namespace/2009/song" version="0.8" createdIn="OpenLP 2.4.6" modifiedIn="OpenLP 2.4.6" modifiedDate="2022-11-26T23:17:44">
  <properties>
    <titles>
      <title>Methodist Shona Hymn 151</title>
      <title>Hymn 151Tinoda kugara nemi</title>
    </titles>
    <authors>
      <author>Methodist Hymns</author>
    </authors>
  </properties>
  <lyrics>
    <verse name="v1">
      <lines> Tinoda kugara nemi,<br/>Jesu muri mutsvene,<br/>Muno rudo rwakakomba,<br/>Kunesu tiri pasi. </lines>
    </verse>
    <verse name="v2">
      <lines> Tinoda kufara nemi,<br/>Muyeni wakavanda,<br/>Tinoda kushanyirwawo<br/>Nemi shamwari huru. </lines>
    </verse>
    <verse name="v3">
      <lines> Tinoda kufara nemi,<br/>Mudi wemweya yedu,<br/>Mwanakomana waMwari,<br/>wakabva kuna baba. </lines>
    </verse>
    <verse name="v4">
      <lines> Tinoda kufara nemi,<br/>Shamwari yavarombo;<br/>Mutigutsewo mumweya,<br/>Tizadzwe nerutendo. </lines>
    </verse>
    <verse name="v5">
      <lines> Tinoda kugara nemi,<br/>Usiku, masikati,<br/>Patinenge takarara,<br/>Timutswe norufaro. </lines>
    </verse>
    <verse name="v6">
      <lines> Tarisazve nziyo idzi: 140, 166, 270 </lines>
    </verse>
  </lyrics>
</song>
