<?xml version='1.0' encoding='UTF-8'?>
<song xmlns="http://openlyrics.info/namespace/2009/song" version="0.8" createdIn="OpenLP 2.4.6" modifiedIn="OpenLP 2.4.6" modifiedDate="2022-11-26T23:17:45">
  <properties>
    <titles>
      <title>Methodist Shona Hymn 173</title>
      <title>Hymn 173Tine hama yedu Jesu</title>
    </titles>
    <authors>
      <author>Methodist Hymns</author>
    </authors>
  </properties>
  <lyrics>
    <verse name="v1">
      <lines> Tine hama yedu Jesu,<br/>Shamwari yavatadzi!<br/>Takaropafadzwa chose,<br/>Teurai anonzwa.<br/>Kana takasurukirwa<br/>Tine matambudziko<br/>Tisisade kuteura<br/>Titeure kuna She. </lines>
    </verse>
    <verse name="v2">
      <lines> Kana tavamukuedzwa,<br/>Matambudzo asvika,<br/>Hatichambozotya chinhu<br/>Titeure kuna She.<br/>Hatinazve imwe hama<br/>Yakafanana naShe;<br/>Mumatambudziko ese<br/>Titeure kuna She. </lines>
    </verse>
    <verse name="v3">
      <lines> Kana tavamukuneta<br/>Tonetswa nemitoro,<br/>Jesu ndiye tsvingo yedu;<br/>Titeure kuna She,<br/>Kana musisina hama<br/>Titeure kuna She.<br/>Anokugamuchirai<br/>Mugowana zororo.<br/>Tarisazve nziyo idzi: 184 </lines>
    </verse>
  </lyrics>
</song>
