<?xml version='1.0' encoding='UTF-8'?>
<song xmlns="http://openlyrics.info/namespace/2009/song" version="0.8" createdIn="OpenLP 2.4.6" modifiedIn="OpenLP 2.4.6" modifiedDate="2022-11-26T23:17:43">
  <properties>
    <titles>
      <title>Methodist Shona Hymn 51</title>
      <title>Hymn 51Riripo gomo</title>
    </titles>
    <authors>
      <author>Methodist Hymns</author>
    </authors>
  </properties>
  <lyrics>
    <verse name="v1">
      <lines> Riripo gomo<br/>Kunze kwoyo musha,<br/>Pane chifungiso<br/>ChoMponisi wedu. </lines>
    </verse>
    <verse name="v2">
      <lines> Kana tichifunga<br/>zvaJesu pamchinjikwa<br/>Kana tichiimba<br/>Misodzi inobuda. </lines>
    </verse>
    <verse name="v3">
      <lines> Rangarirai<br/>Jesu pamchinjikwa,<br/>Paakaroverwa,<br/>Ishe wokudenga. </lines>
    </verse>
    <verse name="v4">
      <lines> Mumutarise,<br/>Ari pakurema,<br/>Kusuwa, kurwadza,<br/>Nengundu yeminzwa. </lines>
    </verse>
    <verse name="v5">
      <lines> Ngatirione<br/>Ropa roMponisi,<br/>Nemvura kakare,<br/>Rukova rwetsitsi. </lines>
    </verse>
    <verse name="v6">
      <lines> Wakatakura<br/>Dzose mhosva dzedu,<br/>Mutoro mukuru<br/>Wezvitadzo zvedu. </lines>
    </verse>
    <verse name="v7">
      <lines> Mutendei Kristu.<br/>Wakatiripira,<br/>Wakazvipirawo<br/>Norudo netsitsi. </lines>
    </verse>
  </lyrics>
</song>
