<?xml version='1.0' encoding='UTF-8'?>
<song xmlns="http://openlyrics.info/namespace/2009/song" version="0.8" createdIn="OpenLP 2.4.6" modifiedIn="OpenLP 2.4.6" modifiedDate="2022-11-26T23:17:45">
  <properties>
    <titles>
      <title>Methodist Shona Hymn 184</title>
      <title>Hymn 184Timutsirei Ishe</title>
    </titles>
    <authors>
      <author>Methodist Hymns</author>
    </authors>
  </properties>
  <lyrics>
    <verse name="v1">
      <lines> Timutsirei Ishe,<br/>Tikuteurei;<br/>Titsungisei Ishe,<br/>Tivimbe kwamuri;<br/>Kukushandira Jesu<br/>Ngakutifadzise;<br/>Norudo rwenyu Jesu<br/>Rupise matiri. </lines>
    </verse>
    <verse name="v2">
      <lines> Ngatirege kuneta<br/>Pakukushandirai;<br/>Tisatonhore isu<br/>Pano rudo rwenyu;<br/>Tibvumirei Ishe,<br/>Tikushandirei;<br/>Tisimbisei, Ishe,<br/>Tikudisisei. </lines>
    </verse>
  </lyrics>
</song>
