<?xml version='1.0' encoding='UTF-8'?>
<song xmlns="http://openlyrics.info/namespace/2009/song" version="0.8" createdIn="OpenLP 2.4.6" modifiedIn="OpenLP 2.4.6" modifiedDate="2022-11-26T23:17:43">
  <properties>
    <titles>
      <title>Methodist Shona Hymn 28</title>
      <title>Hymn 28Uyai maKristu</title>
    </titles>
    <authors>
      <author>Methodist Hymns</author>
    </authors>
  </properties>
  <lyrics>
    <verse name="v1">
      <lines> Uyai maKristu<br/>Nofaro norukundo;<br/>Uyai, uyai kubetrehem;<br/>Onai wazvarwa<br/>Ishe wokudenga;<br/>Uyai, timurumbidze, Kristu Ishe. </lines>
    </verse>
    <verse name="v2">
      <lines> Mwari waMwari,<br/>Kupenya kokupenya;<br/>Haashore mimba yemhandara;<br/>Mwanakomana<br/>WaMwari chokwadi;<br/>Uyai, timurumbidze, Kristu Ishe. </lines>
    </verse>
    <verse name="v3">
      <lines> Ombai ngirozi,<br/>Ombai nokufara,<br/>Ombai imi mose vokudenga;<br/>Ngaarumbidzwe<br/>Wokumsorosoro;<br/>Uyai, timurumbidze, Kristu Ishe. </lines>
    </verse>
    <verse name="v4">
      <lines> Tokukwazisai<br/>Mazvarwa iri zuva,<br/>Tinokurumbidzai, Kristu Ishe;<br/>Izwi rababa,<br/>Zvino muri pano;<br/>Uyai, timurumbidze, Kristu Ishe </lines>
    </verse>
  </lyrics>
</song>
