<?xml version='1.0' encoding='UTF-8'?>
<song xmlns="http://openlyrics.info/namespace/2009/song" version="0.8" createdIn="OpenLP 2.4.6" modifiedIn="OpenLP 2.4.6" modifiedDate="2022-11-26T23:17:43">
  <properties>
    <titles>
      <title>Methodist Shona Hymn 65</title>
      <title>Hymn 65Tinofara nhasi</title>
    </titles>
    <authors>
      <author>Methodist Hymns</author>
    </authors>
  </properties>
  <lyrics>
    <verse name="v1">
      <lines> Tinofara nhasi,<br/>Isu tinotenda,<br/>Tirumbidze Ishe wedu<br/>Nokumuka kwake. </lines>
    </verse>
    <verse name="v2">
      <lines> Achiri mupenyu<br/>Nyamba wakambofa;<br/>Guva, kukunda kuripi?<br/>Noturu hwokufa? </lines>
    </verse>
    <verse name="v3">
      <lines> Rose basa rake,<br/>Rose wakapedza,<br/>Ruponiso rwawanikwa,<br/>Toponiswa tose. </lines>
    </verse>
    <verse name="v4">
      <lines> Farai vaKristu<br/>Hoyo, Mambo wedu;<br/>Ngaaberekwe mapudzi<br/>orutendo rwedu. </lines>
    </verse>
    <verse name="v5">
      <lines> Ikoko kudenga<br/>Ari kutishuva;<br/>Nokumuka kwaShe wedu<br/>Nesu tichamuka. </lines>
    </verse>
  </lyrics>
</song>
