<?xml version='1.0' encoding='UTF-8'?>
<song xmlns="http://openlyrics.info/namespace/2009/song" version="0.8" createdIn="OpenLP 2.4.6" modifiedIn="OpenLP 2.4.6" modifiedDate="2022-11-26T23:17:43">
  <properties>
    <titles>
      <title>Methodist Shona Hymn 60</title>
      <title>Hymn 60Ndakayeva Muchinjikwa</title>
    </titles>
    <authors>
      <author>Methodist Hymns</author>
    </authors>
  </properties>
  <lyrics>
    <verse name="v1">
      <lines> Ndakayeva Muchinjikwa,<br/>Paakaroverwa Ishe,<br/>Ndinobva ndamhura zvose,<br/>Nako kuzvikudza kwangu. </lines>
    </verse>
    <verse name="v2">
      <lines><br/>Ramba Mwari, ndisadade,<br/>Asi nako kufa kwake,<br/>Zvose zvinhu zvave nhando,<br/>Ndazvipa kuropa rake. </lines>
    </verse>
    <verse name="v3">
      <lines> Honai maoko, tsoka,<br/>Mobva rudo nokurwadza,<br/>Zvisati zvakamboonwa,<br/>Kunyange ngundu yeminzwa. </lines>
    </verse>
    <verse name="v4">
      <lines> Dai zvose zviri zvangu,<br/>Hazvikwane diramhamba,<br/>Kufana norudo rwake,<br/>Rwoda zvouzima hwangu. </lines>
    </verse>
    <verse name="v5">
      <lines> Tarisazve nziyo idzi: 108, 240 </lines>
    </verse>
  </lyrics>
</song>
