<?xml version='1.0' encoding='UTF-8'?>
<song xmlns="http://openlyrics.info/namespace/2009/song" version="0.8" createdIn="OpenLP 2.4.6" modifiedIn="OpenLP 2.4.6" modifiedDate="2022-11-26T23:17:45">
  <properties>
    <titles>
      <title>Methodist Shona Hymn 192</title>
      <title>Hymn 192Jesu tokuvongai, matifira</title>
    </titles>
    <authors>
      <author>Methodist Hymns</author>
    </authors>
  </properties>
  <lyrics>
    <verse name="v1">
      <lines> Jesu tokuvongai, matifira,<br/>Muponisi!<br/>Kutadza kwedu kwaregererwa,<br/>Muponisi!<br/>Shambidzai mwoyo yedu yose;<br/>Tizadzisei norufaro rwenyu. </lines>
    </verse>
    <verse name="v2">
      <lines> Jesu makunda muvengi wedu,<br/>Mununuri!<br/>Tasunungurwa pazvakaipa<br/>Mununuri!<br/>Kana tosangana nomuyedzi<br/>Ngatiwane ruyamuro rwenyu. </lines>
    </verse>
    <verse name="v3">
      <lines> Jesu tidzidzisei kuda kwenyu,<br/>Mudzidzisi!<br/>Kufunga kwedu kuri murima,<br/>Mudzidzisi!<br/>Tivhenekerei nedama renyu,<br/>Kuda kwenyu kuve murau wedu. </lines>
    </verse>
    <verse name="v4">
      <lines> Jesu chengetai tsoka dzedu,<br/>Muchengeti!<br/>Kuti tisagumburwe panzira<br/>Muchengeti!<br/>Tidzivirirei pane ngozi,<br/>Titungamirirei kumusha. </lines>
    </verse>
  </lyrics>
</song>
