<?xml version='1.0' encoding='UTF-8'?>
<song xmlns="http://openlyrics.info/namespace/2009/song" version="0.8" createdIn="OpenLP 2.4.6" modifiedIn="OpenLP 2.4.6" modifiedDate="2022-11-26T23:17:46">
  <properties>
    <titles>
      <title>Methodist Shona Hymn 237</title>
      <title>Hymn 237Maisa murau Jesu</title>
    </titles>
    <authors>
      <author>Methodist Hymns</author>
    </authors>
  </properties>
  <lyrics>
    <verse name="v1">
      <lines> Maisa murau Jesu<br/>Kwavari vadzidzi venyu,<br/>Endai kunyika dzose<br/>Mudzidzise ndudzi dzose. </lines>
    </verse>
    <verse name="v2">
      <lines> Vanorinzwa, vakatenda,<br/>Vakagamuchira dama<br/>Makati vabhapatidzwe<br/>Vachengete tsika yenyu. </lines>
    </verse>
    <verse name="v3">
      <lines> Hava, vakadaro Ishe<br/>Vakarinzwa vakatenda,<br/>Vanoda kubhapatidzwa<br/>Kuzadzisa dama renyu. </lines>
    </verse>
    <verse name="v4">
      <lines> Torumbidza imi baba<br/>NoMwanakomana Ishe<br/>Nemi Mweya woutsvene,<br/>Torumbidza Mwari oga. </lines>
    </verse>
  </lyrics>
</song>
