<?xml version='1.0' encoding='UTF-8'?>
<song xmlns="http://openlyrics.info/namespace/2009/song" version="0.8" createdIn="OpenLP 2.4.6" modifiedIn="OpenLP 2.4.6" modifiedDate="2022-11-26T23:17:46">
  <properties>
    <titles>
      <title>Methodist Shona Hymn 285</title>
      <title>Hymn 285Mudzongeri wakabuda</title>
    </titles>
    <authors>
      <author>Methodist Hymns</author>
    </authors>
  </properties>
  <lyrics>
    <verse name="v1">
      <lines> Mudzongeri wakabuda<br/>Kundokusha mbeu dzake.<br/>wakakusha mbeu dzake<br/>Dzaakanga asarudza. </lines>
    </verse>
    <verse name="v2">
      <lines> Dzimwe mbeu dzakawira<br/>Pane ivhu romunzira<br/>Dzakatsikwa Idzombeu<br/>Shiri dzikanonga yose. </lines>
    </verse>
    <verse name="v3">
      <lines> Dzimwe mbeu dzakawira<br/>Muvhu ririparuware<br/>Hadzina kukura mbewu<br/>Muvhu risina zvokudya. </lines>
    </verse>
    <verse name="v4">
      <lines> Dzimwe mbeu dzakawira<br/>Muvhu rakamera minzwa<br/>Minzwa ikakura nadzo<br/>Minzwa ikavhunga mbeu. </lines>
    </verse>
    <verse name="v5">
      <lines> Dzimwe mbeu dzakawira<br/>Muvhu riya rakanaka<br/>Dzamera dzakabereka<br/>zvibereko zvine zana. </lines>
    </verse>
    <verse name="v6">
      <lines> Mbeu ishoko raMwari<br/>Mwoyo wangu ndiro ivhu<br/>Mwoyo wangu ubereke<br/>zvibereko zvamazana. </lines>
    </verse>
    <verse name="v7">
      <lines> baba ngandidzivirirwe<br/>Kune mhandu dzomunyika<br/>Ndivewo anobereka<br/>zvibereko zvamazana. </lines>
    </verse>
  </lyrics>
</song>
