<?xml version='1.0' encoding='UTF-8'?>
<song xmlns="http://openlyrics.info/namespace/2009/song" version="0.8" createdIn="OpenLP 2.4.6" modifiedIn="OpenLP 2.4.6" modifiedDate="2022-11-26T23:17:45">
  <properties>
    <titles>
      <title>Methodist Shona Hymn 172</title>
      <title>Hymn 172baba wedu wokudenga</title>
    </titles>
    <authors>
      <author>Methodist Hymns</author>
    </authors>
  </properties>
  <lyrics>
    <verse name="v1">
      <lines> baba wedu wokudenga<br/>baba wedu tose,<br/>Mune ngoni dzakanyanya<br/>Kuna vanhu vose. </lines>
    </verse>
    <verse name="v2">
      <lines> Ngaribatwe noutsvene<br/>Iro zita renyu<br/>Ngarikurumbidzwe Ishe<br/>Navo vanhu vose. </lines>
    </verse>
    <verse name="v3">
      <lines> Ihwohwo umambo hwenyu<br/>Ngahwuuye ihwo;<br/>Hudzikunde hondo dzenyu<br/>Dzigamchire ihwo. </lines>
    </verse>
    <verse name="v4">
      <lines> Ngakuitwe kuda kwenyu<br/>Pane nyika yose<br/>Sezva kunoitiwawo<br/>Pane denga rose. </lines>
    </verse>
    <verse name="v5">
      <lines> Nhasi tipei kudya kwedu<br/>Komusi nomusi<br/>Dyisai nemweya yedu<br/>Nokudya kwayowo. </lines>
    </verse>
    <verse name="v6">
      <lines> Mutiregerere zvivi<br/>Nezvitadzo zvedu,<br/>Sezva tinoregerera<br/>Vanotitadzira. </lines>
    </verse>
    <verse name="v7">
      <lines> Musatiisewo baba<br/>Isu mukuedzwa.<br/>Asi tinunurei She<br/>Pano wakaipa, </lines>
    </verse>
    <verse name="v8">
      <lines> Umambo hwose ndohenyu<br/>Namasimba ose<br/>Naiko kubwinya kwenyu<br/>Hakuchazopera. </lines>
    </verse>
  </lyrics>
</song>
