<?xml version='1.0' encoding='UTF-8'?>
<song xmlns="http://openlyrics.info/namespace/2009/song" version="0.8" createdIn="OpenLP 2.4.6" modifiedIn="OpenLP 2.4.6" modifiedDate="2022-11-26T23:17:46">
  <properties>
    <titles>
      <title>Methodist Shona Hymn 267</title>
      <title>Hymn 267Kure muzamba iro, pasina rukukwe</title>
    </titles>
    <authors>
      <author>Methodist Hymns</author>
    </authors>
  </properties>
  <lyrics>
    <verse name="v1">
      <lines> Kure muzamba iro, pasina rukukwe,<br/>Ishe Jesu muuduku akakotsirapo;<br/>Nyenyedzi dzakapenya, dzikamutarisa<br/>Ishe Jesu muduku arere pauswa. </lines>
    </verse>
    <verse name="v2">
      <lines> Nemombe dzakakuma, Mwana wakamutswa,<br/>Ishe Jesu muuduku haana kuchema;<br/>Ndokudai Ishe Jesu, nditarisei pano<br/>Muve neni dakara zuva rabudazve. </lines>
    </verse>
    <verse name="v3">
      <lines> Ndinokukumbirai kuti muve neni,<br/>Mugare muchindida, muchindidzidzisa;<br/>Chengetai vana vose, muvaropafadze,<br/>Mutigadzire kuti tiende kudenga. </lines>
    </verse>
  </lyrics>
</song>
