<?xml version='1.0' encoding='UTF-8'?>
<song xmlns="http://openlyrics.info/namespace/2009/song" version="0.8" createdIn="OpenLP 2.4.6" modifiedIn="OpenLP 2.4.6" modifiedDate="2022-11-26T23:17:42">
  <properties>
    <titles>
      <title>Methodist Shona Hymn 18</title>
      <title>Hymn 18Tora zita rake Jesu</title>
    </titles>
    <authors>
      <author>Methodist Hymns</author>
    </authors>
  </properties>
  <lyrics>
    <verse name="v1">
      <lines> Tora zita rake Jesu<br/>Nourombo hwako hwose,<br/>Rinokupa simba rake<br/>Rokukunda zvirunziro. </lines>
    </verse>
    <verse name="v2">
      <lines> Zita rake rakanaka,<br/>Mwenje wedu pasi pano,<br/>Zita rake rakanaka,<br/>Mwenje wedu pasi pano. </lines>
    </verse>
    <verse name="v3">
      <lines> Jesu ndimurwiri wedu,<br/>Ndiye simba redu rose,<br/>Tinokunda zvakaipa<br/>Nero zita rake Jesu. </lines>
    </verse>
    <verse name="v4">
      <lines> Kunzwa zita rake Jesu<br/>Tinonyararidzwa kwazvo,<br/>Tinopfugamira pasi<br/>Mwoyo inomuombera. </lines>
    </verse>
    <verse name="v5">
      <lines> Mwoyo yadziyirwa kwazvo<br/>Kunzwa zita rake Jesu,<br/>Uyo wakatitambira<br/>wakatipa mwoyo mitsva. </lines>
    </verse>
    <verse name="v6">
      <lines> Iro zita rake Jesu,<br/>Rinotipa runyararo<br/>Saka ngatiriyeuke<br/>Nzvimbo dzose tinoenda. </lines>
    </verse>
  </lyrics>
</song>
