<?xml version='1.0' encoding='UTF-8'?>
<song xmlns="http://openlyrics.info/namespace/2009/song" version="0.8" createdIn="OpenLP 2.4.6" modifiedIn="OpenLP 2.4.6" modifiedDate="2022-11-26T23:17:44">
  <properties>
    <titles>
      <title>Methodist Shona Hymn 149</title>
      <title>Hymn 149Ndiri wenyu Ishe Jesu</title>
    </titles>
    <authors>
      <author>Methodist Hymns</author>
    </authors>
  </properties>
  <lyrics>
    <verse name="v1">
      <lines> Ndiri wenyu Ishe Jesu,<br/>Munondiregerera;<br/>zvamabvisa zvivi zvangu<br/>Mukati: Uri wangu. </lines>
    </verse>
    <verse name="v2">
      <lines> Ndiri wenyu Ishe Jesu,<br/>zvamunondinyaradza;<br/>Munondiudza nengoni,<br/>Kuti muri wanguwo. </lines>
    </verse>
    <verse name="v3">
      <lines> zvandigere Ishe Jesu,<br/>Ndosimbaradzwa nemi;<br/>Ndinofadzwa ndinofara,<br/>Muri wanguwo Jesu. </lines>
    </verse>
    <verse name="v4">
      <lines> zvandiri muno munyika<br/>Ndoperekedzwa nemi,<br/>Ndiri wenyu, muri wangu,<br/>Kudakara narini. </lines>
    </verse>
  </lyrics>
</song>
