<?xml version='1.0' encoding='UTF-8'?>
<song xmlns="http://openlyrics.info/namespace/2009/song" version="0.8" createdIn="OpenLP 2.4.6" modifiedIn="OpenLP 2.4.6" modifiedDate="2022-11-26T23:17:43">
  <properties>
    <titles>
      <title>Methodist Shona Hymn 63</title>
      <title>Hymn 63Mukati meguva</title>
    </titles>
    <authors>
      <author>Methodist Hymns</author>
    </authors>
  </properties>
  <lyrics>
    <verse name="v1">
      <lines> Mukati meguva,<br/>Jesu Mponisi,<br/>Wagarira musi,<br/>Jesu Ishe. </lines>
    </verse>
    <verse name="v2">
      <lines> Wamuka Jesu Ishe,<br/>Navavengi vakakundiwa.<br/>Wamuka mukundi kuvashakabvu,<br/>Achagara nesu kusingapere;<br/>Wamuka! wamuka!<br/>Hareruya! wamuka! </lines>
    </verse>
    <verse name="v3">
      <lines> Vakarinda nhando,<br/>Jesu Mponisi,<br/>Ibwe rave nhando,<br/>Jesu Ishe. </lines>
    </verse>
    <verse name="v4">
      <lines> Haanakuora,<br/>Jesu Mponisi,<br/>Kufa kwakakundwa,<br/>Jesu Ishe. </lines>
    </verse>
  </lyrics>
</song>
