<?xml version='1.0' encoding='UTF-8'?>
<song xmlns="http://openlyrics.info/namespace/2009/song" version="0.8" createdIn="OpenLP 2.4.6" modifiedIn="OpenLP 2.4.6" modifiedDate="2022-11-26T23:17:43">
  <properties>
    <titles>
      <title>Methodist Shona Hymn 22</title>
      <title>Hymn 22Tarirai mudzione</title>
    </titles>
    <authors>
      <author>Methodist Hymns</author>
    </authors>
  </properties>
  <lyrics>
    <verse name="v1">
      <lines> Tarirai mudzione<br/>Tsitsi dzake dzakanyanya<br/>Dzakarehwa noMponisi<br/>wakafira isu vanhu. </lines>
    </verse>
    <verse name="v2">
      <lines> Takanga tiri murima<br/>Tisina chatiedzera;<br/>Taifamba tichitadza<br/>Tisingazive nduramo. </lines>
    </verse>
    <verse name="v3">
      <lines> Imi Mwari matitusa<br/>Tsitsi dzenyu dzakakomba<br/>Makatipa Mwana wenyu<br/>wakazotivhenekera. </lines>
    </verse>
    <verse name="v4">
      <lines> Tokuvongai She Jesu<br/>Isu vanhu vakaipa,<br/>Makatora kuipa kwedu,<br/>Makakutakura moga. </lines>
    </verse>
    <verse name="v5">
      <lines> Imi Mweya woutsvene<br/>Uyai muve nesu tose,<br/>Tiyamurei tidzione<br/>Idzo tsitsi dzakakomba. </lines>
    </verse>
  </lyrics>
</song>
