<?xml version='1.0' encoding='UTF-8'?>
<song xmlns="http://openlyrics.info/namespace/2009/song" version="0.8" createdIn="OpenLP 2.4.6" modifiedIn="OpenLP 2.4.6" modifiedDate="2022-11-26T23:17:44">
  <properties>
    <titles>
      <title>Methodist Shona Hymn 111</title>
      <title>Hymn 111Kudai ndichibvuma</title>
    </titles>
    <authors>
      <author>Methodist Hymns</author>
    </authors>
  </properties>
  <lyrics>
    <verse name="v1">
      <lines> Kudai ndichibvuma<br/>Nomwoyo wangu wose,<br/>Kutsaukana nazvo<br/>Zvose zvitadzo zvangu,<br/>Ndiuyewo kwamuri<br/>KuMuponisi wangu. </lines>
    </verse>
    <verse name="v2">
      <lines> Kudai ndino kunzwa<br/>Urombo hwomumwoyo,<br/>Hunonditungamira<br/>Mukutendeukawo;<br/>Ndifambe nayo nzira<br/>Yoguma murufaro. </lines>
    </verse>
    <verse name="v3">
      <lines> Kudai ndichitenda<br/>Nemwoyo wangu wose,<br/>Ndinamatire kwari<br/>Wafira mhosva yangu;<br/>Ndigare ndichivimba<br/>NoMuripiri wangu. </lines>
    </verse>
    <verse name="v4">
      <lines> Kudai ndine simba<br/>Rinobva kuna Ishe<br/>Rokuramba zvenyika<br/>Ndinangewo kudenga;<br/>Ndimutsirirei She,<br/>Ndibude pakuipa. </lines>
    </verse>
  </lyrics>
</song>
