<?xml version='1.0' encoding='UTF-8'?>
<song xmlns="http://openlyrics.info/namespace/2009/song" version="0.8" createdIn="OpenLP 2.4.6" modifiedIn="OpenLP 2.4.6" modifiedDate="2022-11-26T23:17:46">
  <properties>
    <titles>
      <title>Methodist Shona Hymn 261</title>
      <title>Hymn 261Imba yorufaro mamunodiwa</title>
    </titles>
    <authors>
      <author>Methodist Hymns</author>
    </authors>
  </properties>
  <lyrics>
    <verse name="v1">
      <lines> Imba yorufaro mamunodiwa<br/>Shamwari wedu noMuponisi,<br/>Imi muri pamusoro pavo vose<br/>Vanouya kuzoishanyira. </lines>
    </verse>
    <verse name="v2">
      <lines> Imba yorufaro ina vaviri<br/>Nomwoyo mumwe chete norudo<br/>Rufu rwovatsaura chinguvana<br/>Asi humwe hwavo huchiripo. </lines>
    </verse>
    <verse name="v3">
      <lines> Imba yorufaro ina vaduku<br/>Vakapiwa imi paucheche;<br/>Imi shamwari wavo wokudenga<br/>Munovachenga kukunda mai. </lines>
    </verse>
    <verse name="v4">
      <lines> Imba yorufaro mamunodiwa<br/>Vanonamata nebasa rose;<br/>ose mabasa achinge matsvene<br/>Amunoitirwa imi IShe. </lines>
    </verse>
    <verse name="v5">
      <lines> Imba yorufaro munoti vose<br/>Vanorega kukanganwa imi;<br/>Vane rufaro runofashukira,<br/>Vanokudai vanodawo. </lines>
    </verse>
    <verse name="v6">
      <lines> Imba yorufaro munoti vose<br/>Vane mwoyo inotambudzika,<br/>Vanonzwa kwamuri Munyaradzi,<br/>Nanga yakanakisa yomwoyo. </lines>
    </verse>
    <verse name="v7">
      <lines> Kana vose vapedza basa pano<br/>Vachasangana nemi kudenga,<br/>Uko makabva makazokwirazve<br/>Kumusha wenyu usingapere. </lines>
    </verse>
  </lyrics>
</song>
