<?xml version='1.0' encoding='UTF-8'?>
<song xmlns="http://openlyrics.info/namespace/2009/song" version="0.8" createdIn="OpenLP 2.4.6" modifiedIn="OpenLP 2.4.6" modifiedDate="2022-11-26T23:17:47">
  <properties>
    <titles>
      <title>Methodist Shona Hymn 305</title>
      <title>Hymn 305Tokupai zvino baba</title>
    </titles>
    <authors>
      <author>Methodist Hymns</author>
    </authors>
  </properties>
  <lyrics>
    <verse name="v1">
      <lines> Tokupai zvino baba,<br/>Iyi imba yenyu,<br/>Yatakakuvakirai,<br/>Igamuchirei. </lines>
    </verse>
    <verse name="v2">
      <lines> Vamwe vakadikitira,<br/>Pakuvakwa kwayo,<br/>Vamwe vakabisa zvipo<br/>zvokuivakisa. </lines>
    </verse>
    <verse name="v3">
      <lines> Ngatiropafadzwe muno<br/>Nokuvapo kwenyu,<br/>Vatadzi varopafadzwe<br/>Nokunatsa kwenyu. </lines>
    </verse>
    <verse name="v4">
      <lines> Komborerai vapinda<br/>Vonamata muno,<br/>Mukomborere navana,<br/>Vave mhuri yenyu. </lines>
    </verse>
  </lyrics>
</song>
