<?xml version='1.0' encoding='UTF-8'?>
<song xmlns="http://openlyrics.info/namespace/2009/song" version="0.8" createdIn="OpenLP 2.4.6" modifiedIn="OpenLP 2.4.6" modifiedDate="2022-11-26T23:17:44">
  <properties>
    <titles>
      <title>Methodist Shona Hymn 150</title>
      <title>Hymn 150Jesu asati auya</title>
    </titles>
    <authors>
      <author>Methodist Hymns</author>
    </authors>
  </properties>
  <lyrics>
    <verse name="v1">
      <lines> Jesu asati auya<br/>Taigara murima,<br/>Rima rokusamuziva<br/>Iye Mwari sababa;<br/>zvino nyika inofara<br/>Noruvheneko urwu;<br/>Jesu chiedza chenyika<br/>Chakatumwa naMwari. </lines>
    </verse>
    <verse name="v2">
      <lines> Chiedza chomwoyo wangu<br/>NdiJesu Ishe wangu;<br/>Kugara kwake mandiri<br/>Kwafusa rima rangu;<br/>Dzose nharo nokuzvida<br/>Kunobiswa mandiri;<br/>Kutya nokubvunda kwangu<br/>Kunopedzwa naJesu. </lines>
    </verse>
    <verse name="v3">
      <lines> zvino ndonzwa norufaro<br/>Kuti Jesu ndinaye;<br/>Iye agere mandiri,<br/>Neni ndiri maari;<br/>wese anobvuma Jesu<br/>Angave nechiedza;<br/>Hongu, ndiyamurei She<br/>Kuti ndive nomwenje. </lines>
    </verse>
    <verse name="v4">
      <lines> Ishe nguva dzangu dzose<br/>Pfutisa mwenje wangu;<br/>Kuti vamwe vauone<br/>Mwenje woruponiso;<br/>Vagopinda muchiedza,<br/>Vafare nemi Jesu;<br/>Kudakara nyika yose<br/>Ikurumbidze Jesu. </lines>
    </verse>
  </lyrics>
</song>
