<?xml version='1.0' encoding='UTF-8'?>
<song xmlns="http://openlyrics.info/namespace/2009/song" version="0.8" createdIn="OpenLP 2.4.6" modifiedIn="OpenLP 2.4.6" modifiedDate="2022-11-26T23:17:46">
  <properties>
    <titles>
      <title>Methodist Shona Hymn 266</title>
      <title>Hymn 266Mufudzi ropafadzai</title>
    </titles>
    <authors>
      <author>Methodist Hymns</author>
    </authors>
  </properties>
  <lyrics>
    <verse name="v1">
      <lines> Mufudzi ropafadzai<br/>Ini hwayana yenyu;<br/>Ndichengei pausiku<br/>Kudakara mangwana. </lines>
    </verse>
    <verse name="v2">
      <lines> Mandiperekedza nhasi,<br/>Ndinotenda maurano;<br/>Makandipa imba yangu;<br/>Inzwai ndoteura. </lines>
    </verse>
    <verse name="v3">
      <lines> Mundiregerere zvivi;<br/>Fadzai hama dzangu;<br/>Ngandiendewo kudenga<br/>Kwandinoda kugara. </lines>
    </verse>
  </lyrics>
</song>
