<?xml version='1.0' encoding='UTF-8'?>
<song xmlns="http://openlyrics.info/namespace/2009/song" version="0.8" createdIn="OpenLP 2.4.6" modifiedIn="OpenLP 2.4.6" modifiedDate="2022-11-26T23:17:45">
  <properties>
    <titles>
      <title>Methodist Shona Hymn 214</title>
      <title>Hymn 214Mwari wedu tiri pano</title>
    </titles>
    <authors>
      <author>Methodist Hymns</author>
    </authors>
  </properties>
  <lyrics>
    <verse name="v1">
      <lines> Mwari wedu tiri pano<br/>Panzvimbo yokunamata;<br/>Imi matipinza isu<br/>Tidzidzisei kururama. </lines>
    </verse>
    <verse name="v2">
      <lines> Yamurai muranda wenyu<br/>Pakutidzidzisa kwake;<br/>burukisai mwenje wenyu,<br/>Vhenekerai mweya wake. </lines>
    </verse>
    <verse name="v3">
      <lines> zarurai nzeve dzedu,<br/>Tirizive iri dama;<br/>bisai kuremara kwedu<br/>Nourema hwamarudzi. </lines>
    </verse>
    <verse name="v4">
      <lines> Ngatipone pakuipa<br/>Nairori dama renyu;<br/>Ngatipinde pakudenga<br/>Naidzodzo ngoni dzenyu. </lines>
    </verse>
  </lyrics>
</song>
