<?xml version='1.0' encoding='UTF-8'?>
<song xmlns="http://openlyrics.info/namespace/2009/song" version="0.8" createdIn="OpenLP 2.4.6" modifiedIn="OpenLP 2.4.6" modifiedDate="2022-11-26T23:17:46">
  <properties>
    <titles>
      <title>Methodist Shona Hymn 271</title>
      <title>Hymn 271Jesu shamwari yavana</title>
    </titles>
    <authors>
      <author>Methodist Hymns</author>
    </authors>
  </properties>
  <lyrics>
    <verse name="v1">
      <lines> Jesu shamwari yavana<br/>Shamwari yedu<br/>Ndichengetei, ndive pedyo kwamuri. </lines>
    </verse>
    <verse name="v2">
      <lines> Ngandidzidze ndichikura<br/>Nokururama,<br/>Maiva muduku makachenjera. </lines>
    </verse>
    <verse name="v3">
      <lines> Regai kundisiya ndoga,<br/>Shamwari yangu,<br/>Ndichakudai kudzamara pakufa. </lines>
    </verse>
    <verse name="v4">
      <lines> Copyright: by permission of oxford University Press. </lines>
    </verse>
  </lyrics>
</song>
