<?xml version='1.0' encoding='UTF-8'?>
<song xmlns="http://openlyrics.info/namespace/2009/song" version="0.8" createdIn="OpenLP 2.4.6" modifiedIn="OpenLP 2.4.6" modifiedDate="2022-11-26T23:17:46">
  <properties>
    <titles>
      <title>Methodist Shona Hymn 269</title>
      <title>Hymn 269Jesu wakambova mwana</title>
    </titles>
    <authors>
      <author>Methodist Hymns</author>
    </authors>
  </properties>
  <lyrics>
    <verse name="v1">
      <lines> Jesu wakambova mwana<br/>Kufanana nesu,<br/>waichibatsira baba<br/>Naamai vake. </lines>
    </verse>
    <verse name="v2">
      <lines> Jesu wakambova mwana<br/>wakadzidziswawo,<br/>wakadzidza kuverenga<br/>Nokunyora sesu. </lines>
    </verse>
    <verse name="v3">
      <lines> Jesu wakambova mwana<br/>waida kutamba,<br/>waitamba nokufara<br/>Neshamwari dzake. </lines>
    </verse>
    <verse name="v4">
      <lines> Ngatigare zvakanaka<br/>Kufanana naye,<br/>Timufadze pakutamba<br/>Napabasa redu. </lines>
    </verse>
  </lyrics>
</song>
